# symbol	chr	start	length	strand	hg38	19369
A1BG	chr19	58345182	8310	-
A1CF	chr10	50799408	86219	-
A2M	chr12	9067707	48212	-
A2ML1	chr12	8822620	54167	+
A3GALT2	chr1	33306765	14333	-
A4GALT	chr22	42692120	28750	-
A4GNT	chr3	138123712	8678	-
AAAS	chr12	53307459	14151	-
AACS	chr12	125065434	77882	+
AADAC	chr3	151814115	14373	+
AADACL2	chr3	151733926	27413	+
AADACL3	chr1	12716109	12651	+
AADACL4	chr1	12644084	22992	+
AADAT	chr4	170060221	29735	-
AAGAB	chr15	67200666	53995	-
AAK1	chr2	69457996	185743	-
AAMDC	chr11	77821143	51209	+
AAMP	chr2	218264128	6009	-
AANAT	chr17	76467602	2515	+
AAR2	chr20	36236477	20456	+
AARD	chr8	116938206	6281	+
AARS1	chr16	70252297	37209	-
AARS2	chr6	44298730	14617	-
AARSD1	chr17	42950525	13929	-
AASDH	chr4	56338289	49202	-
AASDHPPT	chr11	106077661	21034	+
AASS	chr7	122073548	70701	-
AATF	chr17	36948953	107918	+
AATK	chr17	81117294	48927	-
ABAT	chr16	8674616	109954	+
ABCA1	chr9	104781005	147150	-
ABCA10	chr17	69148006	80818	-
ABCA12	chr2	214931541	207085	-
ABCA13	chr7	48171457	476040	+
ABCA2	chr9	137007233	21004	-
ABCA3	chr16	2275880	64848	-
ABCA4	chr1	93992833	128315	-
ABCA5	chr17	69244310	82823	-
ABCA6	chr17	69078701	63194	-
ABCA7	chr19	1040106	25466	+
ABCA8	chr17	68867288	88104	-
ABCA9	chr17	68974487	86440	-
ABCB1	chr7	87503016	97868	-
ABCB10	chr1	229516581	42126	-
ABCB11	chr2	168920780	110544	-
ABCB4	chr7	87401695	73985	-
ABCB5	chr7	20615666	141342	+
ABCB6	chr2	219209771	9187	-
ABCB7	chrX	75051047	105236	-
ABCB8	chr7	151028449	19333	+
ABCB9	chr12	122928991	37472	-
ABCC1	chr16	15949615	193438	+
ABCC10	chr6	43427540	22887	+
ABCC11	chr16	48165772	81767	-
ABCC12	chr16	48080881	75112	-
ABCC2	chr10	99782639	69955	+
ABCC3	chr17	50634880	57373	+
ABCC4	chr13	95019834	281617	-
ABCC5	chr3	183919933	97951	-
ABCC6	chr16	16149564	73930	-
ABCC8	chr11	17392884	83961	-
ABCC9	chr12	21797388	144038	-
ABCD1	chrX	153724855	19900	+
ABCD2	chr12	39550032	69771	-
ABCD3	chr1	94418388	100275	+
ABCD4	chr14	74285268	17666	-
ABCE1	chr4	145098310	31214	+
ABCF1	chr6	30571441	20081	+
ABCF2	chr7	151211483	15722	-
ABCF3	chr3	184186198	7807	+
ABCG1	chr21	42219139	78105	+
ABCG2	chr4	88090268	68371	-
ABCG4	chr11	119149051	13602	+
ABCG5	chr2	43812471	26368	-
ABCG8	chr2	43838970	44018	+
ABHD1	chr2	27123814	6998	+
ABHD10	chr3	111979025	14343	+
ABHD11	chr7	73736093	2709	-
ABHD12	chr20	25300213	90622	-
ABHD12B	chr14	50872052	32918	+
ABHD13	chr13	108218391	15852	+
ABHD14A	chr3	51975063	6133	+
ABHD14B	chr3	51968514	5535	-
ABHD15	chr17	29560546	6491	-
ABHD16A	chr6	31686954	16370	-
ABHD16B	chr20	63861497	1491	+
ABHD17A	chr19	1876809	8687	-
ABHD17B	chr9	71865151	46042	-
ABHD17C	chr15	80695309	60312	+
ABHD18	chr4	127965405	74548	+
ABHD2	chr15	89088455	113900	+
ABHD3	chr18	21650900	53874	-
ABHD4	chr14	22598299	14664	+
ABHD5	chr3	43690937	31788	+
ABHD6	chr3	58237791	56943	+
ABHD8	chr19	17292130	11295	-
ABI1	chr10	26746595	114363	-
ABI2	chr2	203328393	103776	+
ABI3	chr17	49210706	12519	+
ABI3BP	chr3	100749155	244266	-
ABITRAM	chr9	108934399	6555	+
ABL1	chr9	130835253	52422	+
ABL2	chr1	179099329	130348	-
ABLIM1	chr10	114431111	227164	-
ABLIM2	chr4	7965326	193487	-
ABLIM3	chr5	149141492	119050	+
ABR	chr17	1003518	176463	-
ABRA	chr8	106759482	10762	-
ABRACL	chr6	139028744	14558	+
ABRAXAS1	chr4	83459516	25584	-
ABRAXAS2	chr10	124801818	34849	+
ABT1	chr6	26596952	3787	+
ABTB1	chr3	127672951	7975	+
ABTB2	chr11	34150986	207024	-
ABTB3	chr12	107318433	341209	+
ACAA1	chr3	38122714	14413	-
ACAA2	chr18	49782163	31370	-
ACACA	chr17	37084991	321845	-
ACACB	chr12	109116586	151640	+
ACAD10	chr12	111686052	71047	+
ACAD11	chr3	132558140	101669	-
ACAD8	chr11	134253567	12288	+
ACAD9	chr3	128879619	33495	+
ACADL	chr2	210187922	37525	-
ACADM	chr1	75724708	38971	+
ACADS	chr12	120725825	14183	+
ACADSB	chr10	123009005	49285	+
ACADVL	chr17	7219937	5329	+
ACAN	chr15	88803435	71918	+
ACAP1	chr17	7336528	14949	+
ACAP2	chr3	195274744	168276	-
ACAP3	chr1	1292390	15540	-
ACAT1	chr11	108121566	26037	+
ACAT2	chr6	159762044	17068	+
ACBD3	chr1	226144678	42063	-
ACBD4	chr17	45135686	8490	+
ACBD5	chr10	27195213	45584	-
ACBD6	chr1	180288229	214348	-
ACBD7	chr10	15075474	13302	-
ACCS	chr11	44066269	17968	+
ACCSL	chr11	44047980	11997	+
ACD	chr16	67657511	2749	-
ACE	chr17	63477060	21313	+
ACE2	chrX	15561032	39928	-
ACER1	chr19	6306141	27471	-
ACER2	chr9	19409008	43497	+
ACER3	chr11	76860917	165880	+
ACHE	chr7	100889993	5895	-
ACIN1	chr14	23058563	36573	-
ACKR1	chr1	159204874	1626	+
ACKR2	chr3	42809444	57842	+
ACKR3	chr2	236569824	12530	+
ACKR4	chr3	132597269	5375	+
ACKR5	chr12	56994491	3956	+
ACLY	chr17	41866917	52034	-
ACMSD	chr2	134838615	63419	+
ACO1	chr9	32384642	70127	+
ACO2	chr22	41469116	59858	+
ACOD1	chr13	76948510	10128	+
ACOT1	chr14	73537142	6654	+
ACOT11	chr1	54548227	62102	+
ACOT12	chr5	81329995	64139	-
ACOT13	chr6	24667076	37970	+
ACOT2	chr14	73569212	6443	+
ACOT4	chr14	73591872	3894	+
ACOT6	chr14	73612516	7372	+
ACOT7	chr1	6264271	129496	-
ACOT8	chr20	45841720	15672	-
ACOT9	chrX	23701054	42222	-
ACOX1	chr17	75941506	37660	-
ACOX2	chr3	58505135	32055	-
ACOX3	chr4	8366281	74442	-
ACOXL	chr2	110732572	385976	+
ACP1	chr2	264946	13337	+
ACP2	chr11	47239301	9513	-
ACP3	chr3	132317406	41435	+
ACP4	chr19	50790414	4805	+
ACP5	chr19	11574659	2986	-
ACP6	chr1	147642229	28295	-
ACP7	chr19	39084367	27126	+
ACR	chr22	50738203	7136	+
ACRBP	chr12	6638074	9358	-
ACRV1	chr11	125671521	9326	-
ACSBG1	chr15	78167467	67098	-
ACSBG2	chr19	6135666	57425	+
ACSF2	chr17	50426217	48620	+
ACSF3	chr16	89093851	62382	+
ACSL1	chr4	184755594	70374	-
ACSL3	chr2	222861035	83604	+
ACSL4	chrX	109641334	91923	-
ACSL5	chr10	112374115	54261	+
ACSL6	chr5	131949972	61686	-
ACSM1	chr16	20623234	74446	-
ACSM2A	chr16	20451520	36149	+
ACSM2B	chr16	20536225	40142	-
ACSM3	chr16	20764013	33568	+
ACSM4	chr12	7304071	24648	+
ACSM5	chr16	20409533	31803	+
ACSM6	chr10	95194237	34692	+
ACSS1	chr20	25006236	51903	-
ACSS2	chr20	34876611	51348	+
ACSS3	chr12	81078078	183132	+
ACTA1	chr1	229431244	2850	-
ACTA2	chr10	88935073	17700	-
ACTB	chr7	5527147	3454	-
ACTBL2	chr5	57480017	2794	-
ACTC1	chr15	34790229	5320	-
ACTG1	chr17	81509970	2829	-
ACTG2	chr2	73893007	26858	+
ACTL10	chr20	33666942	1583	+
ACTL6A	chr3	179562925	25482	+
ACTL6B	chr7	100643096	13352	-
ACTL7A	chr9	108862265	1491	+
ACTL7B	chr9	108854587	1399	-
ACTL8	chr1	17755332	71731	+
ACTL9	chr19	8697399	1396	-
ACTMAP	chr19	40740860	9617	-
ACTN1	chr14	68874127	105175	-
ACTN2	chr1	236686498	78133	+
ACTN3	chr11	66546902	16432	+
ACTN4	chr19	38647648	83941	+
ACTR10	chr14	58200148	35488	+
ACTR1A	chr10	102479228	23484	-
ACTR1B	chr2	97655938	8106	-
ACTR2	chr2	65227830	43423	+
ACTR3	chr2	113890088	72508	+
ACTR3B	chr7	152759751	95627	+
ACTR3C	chr7	150247211	76334	-
ACTR5	chr20	38748459	24061	+
ACTR6	chr12	100200814	23610	+
ACTR8	chr3	53867065	15087	-
ACTRT1	chrX	128050961	1442	-
ACTRT2	chr1	3021466	1437	+
ACTRT3	chr3	169766920	2641	-
ACVR1	chr2	157736445	139885	-
ACVR1B	chr12	51951698	45380	+
ACVR1C	chr2	157526766	102098	-
ACVR2A	chr2	147845028	85794	+
ACVR2B	chr3	38453889	39253	+
ACVRL1	chr12	51907503	15858	+
ACY1	chr3	51983534	5663	+
ACY3	chr11	67642554	8176	-
ACYP1	chr14	75053242	10782	-
ACYP2	chr2	54115614	189686	+
ADA	chr20	44619521	32178	-
ADA2	chr22	17178789	40646	-
ADAD1	chr4	122379010	50774	+
ADAD2	chr16	84191156	6010	+
ADAM10	chr15	58588808	160899	-
ADAM11	chr17	44758987	22859	+
ADAM12	chr10	126012390	376087	-
ADAM15	chr1	155051315	11460	+
ADAM17	chr2	9488485	67345	-
ADAM18	chr8	39584567	145498	+
ADAM19	chr5	157477303	98472	-
ADAM2	chr8	39743734	94493	-
ADAM20	chr14	70522357	12647	-
ADAM21	chr14	70452173	7732	+
ADAM22	chr7	87934250	268639	+
ADAM23	chr2	206443531	177596	+
ADAM28	chr8	24294068	64946	+
ADAM29	chr4	174918357	59823	+
ADAM30	chr1	119893532	2983	-
ADAM32	chr8	39107733	177184	+
ADAM33	chr20	3667974	14036	-
ADAM7	chr8	24441025	68540	+
ADAM8	chr10	133262422	14446	-
ADAM9	chr8	38996972	108289	+
ADAMDEC1	chr8	24384284	21729	+
ADAMTS1	chr21	26835754	9655	-
ADAMTS10	chr19	8580239	30476	-
ADAMTS12	chr5	33523534	368456	-
ADAMTS13	chr9	133422366	37020	+
ADAMTS14	chr10	70672505	89936	+
ADAMTS15	chr11	130448644	28001	+
ADAMTS16	chr5	5140329	179975	+
ADAMTS17	chr15	99971436	370539	-
ADAMTS18	chr16	77282127	152907	-
ADAMTS19	chr5	129460297	278386	+
ADAMTS2	chr5	179110852	234609	-
ADAMTS20	chr12	43353865	198338	-
ADAMTS3	chr4	72280968	288253	-
ADAMTS4	chr1	161184301	14753	-
ADAMTS5	chr21	26917921	49167	-
ADAMTS6	chr5	65148737	333183	-
ADAMTS7	chr15	78759205	52259	-
ADAMTS8	chr11	130404922	23687	-
ADAMTS9	chr3	64515653	172347	-
ADAMTSL1	chr9	18474152	436798	+
ADAMTSL2	chr9	133534703	40816	+
ADAMTSL3	chr15	83654122	385720	+
ADAMTSL4	chr1	150549407	11526	+
ADAMTSL5	chr19	1505021	7998	-
ADAP1	chr7	897899	56781	-
ADAP2	chr17	30921944	37378	+
ADAR	chr1	154582056	26130	-
ADARB1	chr21	45074579	151981	+
ADARB2	chr10	1177312	560213	-
ADAT1	chr16	75596867	26414	-
ADAT2	chr6	143422831	27864	-
ADAT3	chr19	1905398	8049	+
ADCK1	chr14	77800108	134906	+
ADCK2	chr7	140672944	22166	+
ADCK5	chr8	144374046	19196	+
ADCY1	chr7	45574367	148749	+
ADCY10	chr1	167809385	104749	-
ADCY2	chr5	7396137	433944	+
ADCY3	chr2	24819168	101069	-
ADCY4	chr14	24318358	16713	-
ADCY5	chr3	123282295	166795	-
ADCY6	chr12	48766193	22896	-
ADCY7	chr16	50266550	51585	+
ADCY8	chr8	130780300	260609	-
ADCY9	chr16	3962652	153790	-
ADCYAP1	chr18	904870	7302	+
ADCYAP1R1	chr7	31052307	59167	+
ADD1	chr4	2843843	86219	+
ADD2	chr2	70656783	111417	-
ADD3	chr10	110007983	127582	+
ADGB	chr6	146598971	216491	+
ADGRA1	chr10	133087923	43752	+
ADGRA2	chr8	37796882	48014	+
ADGRA3	chr4	22387375	128691	-
ADGRB1	chr8	142449648	95359	+
ADGRB2	chr1	31727116	37224	-
ADGRB3	chr6	68635281	754225	+
ADGRD1	chr12	130953906	187563	+
ADGRD2	chr9	124450450	28130	+
ADGRE1	chr19	6887578	52872	+
ADGRE2	chr19	14732391	46169	-
ADGRE3	chr19	14619116	55728	-
ADGRE5	chr19	14381443	27280	+
ADGRF1	chr6	46997707	44625	-
ADGRF3	chr2	26308174	38615	-
ADGRF4	chr6	47698579	23435	+
ADGRF5	chr6	46852521	69417	-
ADGRG1	chr16	57628629	36938	+
ADGRG2	chrX	18989306	133162	-
ADGRG3	chr16	57668305	21073	+
ADGRG4	chrX	136300962	115928	+
ADGRG5	chr16	57542642	34547	+
ADGRG6	chr6	142302006	144255	+
ADGRG7	chr3	100609600	85879	+
ADGRL1	chr19	14147742	58427	-
ADGRL2	chr1	81800933	192999	+
ADGRL3	chr4	61200325	878010	+
ADGRL4	chr1	78889763	116967	-
ADGRV1	chr5	90558796	605641	+
ADH1A	chr4	99276368	14617	-
ADH1B	chr4	99304970	16431	-
ADH1C	chr4	99336496	16250	-
ADH4	chr4	99123657	20640	-
ADH5	chr4	99070977	17811	-
ADH6	chr4	99202638	16608	-
ADH7	chr4	99412262	23080	-
ADHFE1	chr8	66432503	36404	+
ADI1	chr2	3497365	22166	-
ADIG	chr20	38581196	7267	+
ADIPOQ	chr3	186842709	15754	+
ADIPOR1	chr1	202940831	17481	-
ADIPOR2	chr12	1691069	97605	+
ADIRF	chr10	86968481	2434	+
ADISSP	chr20	3753507	14246	-
ADK	chr10	74151220	558070	+
ADM	chr11	10305072	2325	+
ADM2	chr22	50481542	4895	+
ADM5	chr19	49689593	982	+
ADNP	chr20	50888917	42520	-
ADNP2	chr18	80109261	31085	+
ADO	chr10	62804719	3760	+
ADORA1	chr1	203127725	39680	+
ADORA2A	chr22	24427598	14759	+
ADORA2B	chr17	15945129	30617	+
ADORA3	chr1	111499428	4205	-
ADPGK	chr15	72751293	32465	-
ADPRH	chr3	119579491	10454	+
ADPRHL1	chr13	113399610	53878	-
ADPRM	chr17	10697593	13965	+
ADPRS	chr1	36088891	5041	+
ADRA1A	chr8	26768808	98470	-
ADRA1B	chr5	159916481	56531	+
ADRA1D	chr20	4220629	28658	-
ADRA2A	chr10	111077028	3879	+
ADRA2B	chr2	96112875	3696	-
ADRA2C	chr4	3766384	2142	+
ADRB1	chr10	114043865	3039	+
ADRB2	chr5	148826610	2013	+
ADRB3	chr8	37962989	3610	-
ADRM1	chr20	62302996	5866	+
ADSL	chr22	40346499	22868	+
ADSS1	chr14	104724228	23082	+
ADSS2	chr1	244408493	43416	-
ADTRP	chr6	11713522	65281	-
AEBP1	chr7	44104344	10216	+
AEBP2	chr12	19439491	82736	+
AEN	chr15	88621339	10942	+
AFAP1	chr4	7758713	181148	-
AFAP1L1	chr5	149271858	71779	+
AFAP1L2	chr10	114294823	109679	-
AFDN	chr6	167826910	145113	+
AFF1	chr4	86935010	206029	+
AFF2	chrX	148500616	500047	+
AFF3	chr2	99545418	597172	-
AFF4	chr5	132875394	88240	-
AFG1L	chr6	108295053	230948	+
AFG2A	chr4	122923077	396356	+
AFG2B	chr15	45402335	19080	+
AFG3L2	chr18	12328943	48284	-
AFM	chr4	73481744	22257	+
AFMID	chr17	78187361	20341	+
AFP	chr4	73436220	19954	+
AFTPH	chr2	64524327	68678	+
AGA	chr4	177430773	11664	-
AGAP1	chr2	235494042	637751	+
AGAP2	chr12	57725196	13546	-
AGAP3	chr7	151086474	57960	+
AGAP4	chr10	45825593	21907	-
AGAP5	chr10	73674294	23815	-
AGAP6	chr10	49988405	22094	+
AGAP9	chr10	47501853	21785	-
AGBL1	chr15	86079870	836286	+
AGBL2	chr11	47659590	55779	-
AGBL3	chr7	134986507	149271	+
AGBL4	chr1	48532853	1491101	-
AGBL5	chr2	27051667	18951	+
AGER	chr6	32180968	3285	-
AGFG1	chr2	227472155	89062	+
AGFG2	chr7	100539202	29018	+
AGGF1	chr5	77030403	34831	+
AGK	chr7	141551409	103835	+
AGL	chr1	99850360	73660	+
AGMAT	chr1	15571698	13353	-
AGMO	chr7	15200316	361699	-
AGO1	chr1	35883208	47324	+
AGO2	chr8	140520155	115478	-
AGO3	chr1	35931104	141396	+
AGO4	chr1	35808015	49875	+
AGPAT1	chr6	32168211	7873	-
AGPAT2	chr9	136673142	14315	-
AGPAT3	chr21	43865222	122370	+
AGPAT4	chr6	161129966	144095	-
AGPAT5	chr8	6708641	52862	+
AGPS	chr2	177392772	151062	+
AGR2	chr7	16791810	13189	-
AGR3	chr7	16859411	22572	-
AGRN	chr1	1020119	35997	+
AGRP	chr16	67482570	977	-
AGT	chr1	230702522	11600	-
AGTPBP1	chr9	85546538	195416	-
AGTR1	chr3	148697902	45101	+
AGTR2	chrX	116170743	4231	+
AGTRAP	chr1	11736135	14634	+
AGXT	chr2	240868823	11677	+
AGXT2	chr5	34998101	49848	-
AHCTF1	chr1	246839097	92851	-
AHCY	chr20	34280267	23088	-
AHCYL1	chr1	109984764	38978	+
AHCYL2	chr7	129225029	205182	+
AHDC1	chr1	27534244	69900	-
AHI1	chr6	135283531	214209	-
AHNAK	chr11	62515901	30905	-
AHNAK2	chr14	104937252	41122	-
AHR	chr7	17298651	47496	+
AHRR	chr5	321713	116572	+
AHSA1	chr14	77458092	11380	+
AHSG	chr3	186613059	8259	+
AHSP	chr16	31527899	904	+
AICDA	chr12	8602169	10690	-
AIDA	chr1	222668012	44479	-
AIF1	chr6	31615233	1782	+
AIF1L	chr9	131096530	26614	+
AIFM1	chrX	130129361	36480	-
AIFM2	chr10	70112270	20555	-
AIFM3	chr22	20967254	14104	+
AIG1	chr6	143060888	280170	+
AIM2	chr1	159062483	14283	-
AIMP1	chr4	106316549	32907	+
AIMP2	chr7	6009271	14563	+
AIP	chr11	67483025	8078	+
AIPL1	chr17	6423737	11384	-
AIRE	chr21	44285875	12773	+
AIRIM	chr1	37681569	8960	-
AJAP1	chr1	4654608	137926	+
AJM1	chr9	136842477	6324	+
AJUBA	chr14	22971176	11375	-
AK1	chr9	127866485	11190	-
AK2	chr1	33007985	28898	-
AK3	chr9	4709555	31647	-
AK4	chr1	65148202	83943	+
AK5	chr1	77282018	277948	+
AK6	chr5	69350983	18537	-
AK7	chr14	96392127	97300	+
AK8	chr9	132725577	152707	-
AK9	chr6	109492854	198348	-
AKAIN1	chr18	5142910	54347	-
AKAP1	chr17	57085245	36099	+
AKAP10	chr17	19904301	73527	-
AKAP11	chr13	42272151	51110	+
AKAP12	chr6	151239966	118593	+
AKAP13	chr15	85380602	368753	+
AKAP14	chrX	119895892	24824	+
AKAP17A	chrX	1591603	10917	+
AKAP19	chr2	190180862	22622	+
AKAP3	chr12	4615517	33534	-
AKAP4	chrX	50190776	10231	-
AKAP5	chr14	64465498	9005	+
AKAP6	chr14	32329297	508387	+
AKAP7	chr6	131135466	148066	+
AKAP8	chr19	15353384	26403	-
AKAP8L	chr19	15380049	38939	-
AKAP9	chr7	91940861	169812	+
AKIP1	chr11	8911188	8891	+
AKIRIN1	chr1	38991275	14784	+
AKIRIN2	chr6	87674859	27374	-
AKNA	chr9	114334155	53827	-
AKNAD1	chr1	108815900	41194	-
AKR1A1	chr1	45550825	19224	+
AKR1B1	chr7	134442355	16745	-
AKR1B10	chr7	134527566	13846	+
AKR1B15	chr7	134549109	30760	+
AKR1C1	chr10	4963414	19869	+
AKR1C2	chr10	4987774	16083	-
AKR1C3	chr10	5094413	13273	+
AKR1C4	chr10	5196836	22113	+
AKR1C8	chr10	5153919	31231	-
AKR1D1	chr7	138076458	41847	+
AKR1E2	chr10	4826206	21856	+
AKR7A2	chr1	19303964	8180	-
AKR7A3	chr1	19282572	6198	-
AKT1	chr14	104769348	26400	-
AKT1S1	chr19	49869038	8317	-
AKT2	chr19	40230316	55029	-
AKT3	chr1	243499723	350520	-
AKTIP	chr16	53491039	12170	-
ALAD	chr9	113386311	14973	-
ALAS1	chr3	52198159	16168	+
ALAS2	chrX	55009054	21923	-
ALB	chr4	73404286	17196	+
ALCAM	chr3	105366908	209992	+
ALDH16A1	chr19	49453224	17826	+
ALDH18A1	chr10	95605940	50771	-
ALDH1A1	chr9	72900670	52383	-
ALDH1A2	chr15	57953428	112283	-
ALDH1A3	chr15	100879830	36796	+
ALDH1B1	chr9	38392701	5960	+
ALDH1L1	chr3	126103569	77017	-
ALDH1L2	chr12	105019789	64669	-
ALDH2	chr12	111766932	50600	+
ALDH3A1	chr17	19737988	10310	-
ALDH3A2	chr17	19648750	28846	+
ALDH3B1	chr11	68010326	18950	+
ALDH3B2	chr11	67662154	12469	-
ALDH4A1	chr1	18871429	31126	-
ALDH5A1	chr6	24494968	42239	+
ALDH6A1	chr14	74056846	27607	-
ALDH7A1	chr5	126541840	53379	-
ALDH8A1	chr6	134917392	32709	-
ALDH9A1	chr1	165662215	36347	-
ALDOA	chr16	30065759	4655	+
ALDOB	chr9	101420559	15215	-
ALDOC	chr17	28573119	3776	-
ALG1	chr16	5071842	15537	+
ALG10	chr12	34022495	5807	+
ALG10B	chr12	38316773	12948	+
ALG11	chr13	52012397	21203	+
ALG12	chr22	49900228	18210	-
ALG13	chrX	111681169	79480	+
ALG14	chr1	94974404	98547	-
ALG1L2	chr3	130081830	16560	+
ALG2	chr9	99216424	5518	-
ALG3	chr3	184242300	6662	-
ALG5	chr13	36949737	49603	-
ALG6	chr1	63367626	70927	+
ALG8	chr11	78100945	38681	-
ALG9	chr11	111782194	89387	-
ALK	chr2	29192773	728813	-
ALKAL1	chr8	52534036	31394	-
ALKAL2	chr2	279557	8534	-
ALKBH1	chr14	77672403	35620	-
ALKBH2	chr12	109088188	5284	-
ALKBH3	chr11	43880830	39444	+
ALKBH4	chr7	102456237	8626	-
ALKBH5	chr17	18183827	26127	+
ALKBH6	chr19	36009119	5094	-
ALKBH7	chr19	6372793	2457	+
ALKBH8	chr11	107502726	63009	-
ALLC	chr2	3658199	44472	+
ALMS1	chr2	73385835	224081	+
ALOX12	chr17	6996048	14706	+
ALOX12B	chr17	8072635	15081	-
ALOX15	chr17	4630918	10760	-
ALOX15B	chr17	8039058	10076	+
ALOX5	chr10	45374215	71902	+
ALOX5AP	chr13	30735542	28884	+
ALOXE3	chr17	8095899	22615	-
ALPG	chr2	232406843	3871	+
ALPI	chr2	232456152	4601	+
ALPK1	chr4	112297368	145253	+
ALPK2	chr18	58481246	147845	-
ALPK3	chr15	84817355	56124	+
ALPL	chr1	21509422	68988	+
ALPP	chr2	232378750	4139	+
ALS2	chr2	201700266	80667	-
ALS2CL	chr3	46668994	24685	-
ALX1	chr12	85280219	21565	+
ALX3	chr1	110059869	10803	-
ALX4	chr11	44260439	49700	-
ALYREF	chr17	81887834	3752	-
AMACR	chr5	33986164	21886	-
AMBN	chr4	70592255	15033	+
AMBP	chr9	114060126	18174	-
AMBRA1	chr11	46396413	197610	-
AMD1	chr6	110874784	20929	+
AMDHD1	chr12	95943330	25390	+
AMDHD2	chr16	2520370	11047	+
AMELX	chrX	11293412	7349	+
AMELY	chrY	6865917	45835	-
AMER1	chrX	64185116	20592	-
AMER2	chr13	25161678	10610	-
AMER3	chr2	130755539	12595	+
AMFR	chr16	56361451	64094	-
AMH	chr19	2249322	2751	+
AMHR2	chr12	53423854	7818	+
AMIGO1	chr1	109504177	5550	-
AMIGO2	chr12	47076446	3513	-
AMIGO3	chr3	49716828	2856	-
AMMECR1	chrX	110194185	123900	-
AMMECR1L	chr2	127861629	24327	-
AMN	chr14	102922662	8180	+
AMN1	chr12	31671141	57880	-
AMOT	chrX	112774876	65955	-
AMOTL1	chr11	94768355	108393	+
AMOTL2	chr3	134355346	19101	-
AMPD1	chr1	114673097	22449	-
AMPD2	chr1	109619836	12215	+
AMPD3	chr11	10455263	52316	+
AMPH	chr7	38383703	247670	-
AMT	chr3	49416777	5696	-
AMTN	chr4	70518568	14175	+
AMY1A	chr1	103655759	8795	+
AMY1B	chr1	103687414	8796	-
AMY1C	chr1	103749897	8795	+
AMY2A	chr1	103617426	8354	+
AMY2B	chr1	103571588	7946	+
AMZ1	chr7	2688201	31482	+
AMZ2	chr17	68248042	9113	+
ANAPC1	chr2	111767639	116554	-
ANAPC10	chr4	144994575	103621	-
ANAPC11	chr17	81891722	8533	+
ANAPC13	chr3	134477705	8280	-
ANAPC15	chr11	72109586	3109	-
ANAPC16	chr10	72216011	19849	+
ANAPC2	chr9	137174783	13777	-
ANAPC4	chr4	25377262	41236	+
ANAPC5	chr12	121308244	44167	-
ANAPC7	chr12	110372899	30809	-
ANG	chr14	20688763	5420	+
ANGEL1	chr14	76786008	26874	-
ANGEL2	chr1	212992181	23686	-
ANGPT1	chr8	107249481	248437	-
ANGPT2	chr8	6499631	63614	-
ANGPT4	chr20	869899	46435	-
ANGPTL1	chr1	178849534	21543	-
ANGPTL2	chr9	127087347	35288	-
ANGPTL3	chr1	62597519	8794	+
ANGPTL4	chr19	8364154	10216	+
ANGPTL5	chr11	101890673	25849	-
ANGPTL6	chr19	10092337	10341	-
ANGPTL7	chr1	11189354	6627	+
ANGPTL8	chr19	11239618	2325	+
ANHX	chr12	133218311	17566	-
ANK1	chr8	41653224	144398	-
ANK2	chr4	113049652	334084	+
ANK3	chr10	60026297	363578	-
ANKAR	chr2	189674669	71978	+
ANKDD1A	chr15	64911901	46790	+
ANKDD1B	chr5	75611452	60394	+
ANKEF1	chr20	10034986	23317	+
ANKFN1	chr17	56153474	363542	+
ANKFY1	chr17	4163820	100159	-
ANKH	chr5	14704799	166979	-
ANKHD1	chr5	140401832	138017	+
ANKIB1	chr7	92245973	155410	+
ANKK1	chr11	113387778	12638	+
ANKLE1	chr19	17281900	5746	+
ANKLE2	chr12	132725502	36330	-
ANKMY1	chr2	240479421	78567	-
ANKMY2	chr7	16599778	45976	-
ANKRA2	chr5	73552189	13450	-
ANKRD1	chr10	90912095	8992	-
ANKRD10	chr13	110878539	36530	-
ANKRD11	chr16	89267629	222932	-
ANKRD12	chr18	9136780	149205	+
ANKRD13A	chr12	109999429	40334	+
ANKRD13B	chr17	29593131	21630	+
ANKRD13C	chr1	70258998	95724	-
ANKRD13D	chr11	67289302	13182	+
ANKRD16	chr10	5861615	28278	-
ANKRD17	chr4	73073375	185423	-
ANKRD18A	chr9	38571363	49233	-
ANKRD18B	chr9	33524250	48763	+
ANKRD2	chr10	97572778	11106	+
ANKRD20A1	chr9	67858930	43464	+
ANKRD22	chr10	88819895	31949	-
ANKRD23	chr2	96837911	6110	-
ANKRD24	chr19	4182688	42126	+
ANKRD26	chr10	27004115	96379	-
ANKRD27	chr19	32597005	78175	-
ANKRD28	chr3	15667235	130744	-
ANKRD29	chr18	23598925	63986	-
ANKRD30A	chr10	37125597	106970	+
ANKRD30B	chr18	14748171	106496	+
ANKRD30BL	chr2	132147590	14362	-
ANKRD31	chr5	75068296	168582	-
ANKRD33	chr12	51888102	3625	+
ANKRD33B	chr5	10564069	93747	+
ANKRD34A	chr1	145959440	5135	-
ANKRD34B	chr5	80556754	13526	-
ANKRD34C	chr15	79282721	15518	+
ANKRD35	chr1	145866563	19303	-
ANKRD36	chr2	97113152	151369	+
ANKRD36B	chr2	97492662	97215	-
ANKRD36C	chr2	95849547	142277	-
ANKRD37	chr4	185396840	3401	+
ANKRD39	chr2	96847989	10027	-
ANKRD40	chr17	50693197	14717	-
ANKRD40CL	chr17	50761029	6489	-
ANKRD42	chr11	83193711	55260	+
ANKRD44	chr2	196986661	324119	-
ANKRD45	chr1	173608335	61516	-
ANKRD46	chr8	100520771	38988	-
ANKRD49	chr11	94493983	5595	+
ANKRD50	chr4	124664047	48685	-
ANKRD52	chr12	56237806	20578	-
ANKRD53	chr2	70978629	6870	+
ANKRD54	chr22	37830854	13480	-
ANKRD55	chr5	56099679	133651	-
ANKRD6	chr6	89433151	200670	+
ANKRD60	chr20	58216125	12528	-
ANKRD61	chr7	6031375	5177	+
ANKRD62	chr18	12093842	35922	+
ANKRD63	chr15	40278371	4693	-
ANKRD65	chr1	1418419	2857	-
ANKRD66	chr6	46746932	12574	+
ANKRD7	chr7	118224703	18029	+
ANKRD9	chr14	102501766	8010	-
ANKS1A	chr6	34889254	202152	+
ANKS1B	chr12	98743973	1240963	-
ANKS3	chr16	4696510	37761	-
ANKS4B	chr16	21233698	20152	+
ANKS6	chr9	98732008	64547	-
ANKUB1	chr3	149761099	31455	-
ANKZF1	chr2	219229805	6874	+
ANLN	chr7	36389861	63930	+
ANO1	chr11	70078316	111214	+
ANO10	chr3	43365847	256164	-
ANO2	chr12	5562654	382605	-
ANO3	chr11	26332129	331160	+
ANO4	chr12	100794775	333854	+
ANO5	chr11	22193084	90273	+
ANO6	chr12	45216094	216255	+
ANO7	chr2	241188676	37300	+
ANO8	chr19	17323222	11633	-
ANO9	chr11	417937	24074	-
ANOS1	chrX	8528873	203264	-
ANP32A	chr15	68778534	42361	-
ANP32B	chr9	97983340	32603	+
ANP32D	chr12	48472558	1064	+
ANP32E	chr1	150218416	17696	-
ANPEP	chr15	89784894	29958	-
ANTKMT	chr16	721145	1445	+
ANTXR1	chr2	69013178	236149	+
ANTXR2	chr4	79901145	172084	-
ANTXRL	chr10	46286996	43133	+
ANXA1	chr9	73151864	18529	+
ANXA10	chr4	168092536	95200	+
ANXA11	chr10	80150888	54649	-
ANXA13	chr8	123680793	56600	-
ANXA2	chr15	60347150	50836	-
ANXA2R	chr5	43039370	949	-
ANXA3	chr4	78551769	58678	+
ANXA4	chr2	69742133	84979	+
ANXA5	chr4	121667945	29035	-
ANXA6	chr5	151100705	57074	-
ANXA7	chr10	73375100	38958	-
ANXA8	chr10	47467992	16123	-
ANXA8L1	chr10	46375775	16003	+
ANXA9	chr1	150982291	13343	+
AOAH	chr7	36512940	211554	-
AOC1	chr7	150852516	8988	+
AOC2	chr17	42844579	6128	+
AOC3	chr17	42851198	6926	+
AOPEP	chr9	94726698	360461	+
AOX1	chr2	200586013	85482	+
AP1AR	chr4	112231786	41324	+
AP1B1	chr22	29327679	60891	-
AP1G1	chr16	71728999	79835	-
AP1G2	chr14	23559566	8225	-
AP1M1	chr19	16197910	47996	+
AP1M2	chr19	10572670	14642	-
AP1S1	chr7	101154475	6801	+
AP1S2	chrX	15825805	29008	-
AP1S3	chr2	223755325	82257	-
AP2A1	chr19	49767000	40114	+
AP2A2	chr11	925869	86371	+
AP2B1	chr17	35587321	139092	+
AP2M1	chr3	184174854	9237	+
AP2S1	chr19	46838166	12680	-
AP3B1	chr5	78002325	292373	-
AP3B2	chr15	82659280	50595	-
AP3D1	chr19	2100987	50579	-
AP3M1	chr10	74120254	30574	-
AP3M2	chr8	42153062	18121	+
AP3S1	chr5	115841934	72147	+
AP3S2	chr15	89830598	63396	-
AP4B1	chr1	113894193	10606	-
AP4E1	chr15	50908682	97213	+
AP4M1	chr7	100101642	7397	+
AP4S1	chr14	31025648	70802	+
AP5B1	chr11	65773897	7079	-
AP5M1	chr14	57268970	29772	+
AP5S1	chr20	3820546	8292	+
AP5Z1	chr7	4775622	18775	+
APAF1	chr12	98645289	90144	+
APBA1	chr9	69427531	244840	-
APBA2	chr15	28885973	232342	+
APBA3	chr19	3750771	10921	-
APBB1	chr11	6395124	23970	-
APBB1IP	chr10	26438340	129463	+
APBB2	chr4	40810026	404516	-
APBB3	chr5	140558267	6331	-
APC	chr5	112737884	108355	+
APC2	chr19	1450120	23124	+
APCDD1	chr18	10454634	35315	+
APCDD1L	chr20	58459100	56299	-
APCS	chr1	159587825	1040	+
APEH	chr3	49674350	9621	+
APELA	chr4	164877177	20350	+
APEX1	chr14	20455225	2542	+
APEX2	chrX	55000362	8695	+
APH1A	chr1	150265403	3613	-
APH1B	chr15	63277604	31522	+
API5	chr11	43311995	32534	+
APIP	chr11	34882294	34085	-
APLF	chr2	68467584	112578	+
APLN	chrX	129645258	9698	-
APLNR	chr11	57233590	3660	-
APLP1	chr19	35868573	11219	+
APLP2	chr11	130069893	74912	+
APMAP	chr20	24962924	29827	-
APOA1	chr11	116835750	1872	-
APOA2	chr1	161222291	1337	-
APOA4	chr11	116820699	2605	-
APOA5	chr11	116789366	2513	-
APOB	chr2	21001428	42645	-
APOBEC1	chr12	7649399	16509	-
APOBEC2	chr6	41053201	11690	+
APOBEC3A	chr22	38957608	5576	+
APOBEC3B	chr22	38982346	10433	+
APOBEC3C	chr22	39014256	6096	+
APOBEC3D	chr22	39021126	12151	+
APOBEC3F	chr22	39040863	15109	+
APOBEC3G	chr22	39077274	10469	+
APOBEC3H	chr22	39097243	6824	+
APOBEC4	chr1	183646274	7042	-
APOBR	chr16	28494642	4322	+
APOC1	chr19	44914607	4739	+
APOC2	chr19	44946050	3515	+
APOC3	chr11	116829906	3166	+
APOC4	chr19	44942236	3260	+
APOD	chr3	195568704	15236	-
APOE	chr19	44905795	3598	+
APOF	chr12	56360567	2290	-
APOH	chr17	66212032	17383	-
APOL1	chr22	36253132	14393	+
APOL2	chr22	36226208	13319	-
APOL3	chr22	36140328	20427	-
APOL4	chr22	36189127	12682	-
APOL5	chr22	35717871	11612	+
APOL6	chr22	35648445	19959	+
APOLD1	chr12	12785658	5808	+
APOM	chr6	31655893	2317	+
APOO	chrX	23833352	74586	-
APOOL	chrX	85003876	89439	+
APP	chr21	25880549	290221	-
APPBP2	chr17	60443157	83085	-
APPL1	chr3	57227728	45743	+
APPL2	chr12	105173299	62875	-
APRT	chr16	88809338	2590	-
APTX	chr9	32972615	29013	-
AQP1	chr7	30911852	13664	+
AQP10	chr1	154321092	4233	+
AQP11	chr11	77589952	20404	+
AQP12A	chr2	240691865	6618	+
AQP12B	chr2	240676417	6468	-
AQP2	chr12	49950736	8142	+
AQP3	chr9	33441159	6434	-
AQP4	chr18	26852042	13665	-
AQP5	chr12	49961871	3811	+
AQP6	chr12	49972946	4193	+
AQP7	chr9	33383190	19378	-
AQP7B	chr2	94587310	17318	+
AQP8	chr16	25216946	11986	+
AQP9	chr15	58138380	47531	+
AQR	chr15	34851781	117961	-
AR	chrX	67544020	186599	+
ARAF	chrX	47561204	10704	+
ARAP1	chr11	72685068	67340	-
ARAP2	chr4	36066003	178511	-
ARAP3	chr5	141653401	28829	-
ARB2A	chr5	93617724	493939	-
ARC	chr8	142611048	3431	-
ARCN1	chr11	118572408	30625	+
AREG	chr4	74445135	9870	+
AREL1	chr14	74661255	51825	-
ARF1	chr1	228082707	16505	+
ARF3	chr12	48935722	21765	-
ARF4	chr3	57571362	25982	-
ARF5	chr7	127588410	3290	+
ARF6	chr14	49893081	3973	+
ARFGAP1	chr20	63272812	16978	+
ARFGAP2	chr11	47164300	12579	-
ARFGAP3	chr22	42796501	60772	-
ARFGEF1	chr8	67197657	146124	-
ARFGEF2	chr20	48921710	114983	+
ARFGEF3	chr6	138161938	182725	+
ARFIP1	chr4	152779953	132404	+
ARFIP2	chr11	6476518	4813	-
ARFRP1	chr20	63698646	9330	-
ARG1	chr6	131573225	11104	+
ARG2	chr14	67619919	31789	+
ARGFX	chr3	121567948	22674	+
ARGLU1	chr13	106541672	26465	-
ARHGAP1	chr11	46677079	23540	-
ARHGAP10	chr4	147732087	340689	+
ARHGAP11A	chr15	32615503	24438	+
ARHGAP11B	chr15	30626127	12683	+
ARHGAP12	chr10	31805397	123434	-
ARHGAP15	chr2	143129418	638934	+
ARHGAP17	chr16	24919388	95981	-
ARHGAP18	chr6	129576131	134046	-
ARHGAP19	chr10	97222178	70459	-
ARHGAP20	chr11	110577042	135395	-
ARHGAP21	chr10	24583613	140274	-
ARHGAP22	chr10	48446035	159038	-
ARHGAP23	chr17	38428463	83922	+
ARHGAP24	chr4	85475149	527517	+
ARHGAP25	chr2	68734810	92023	+
ARHGAP26	chr5	142770376	458631	+
ARHGAP27	chr17	45393907	38963	-
ARHGAP28	chr18	6729715	186001	+
ARHGAP29	chr1	94168904	68680	-
ARHGAP30	chr1	161046945	22946	-
ARHGAP31	chr3	119294382	126332	+
ARHGAP32	chr11	128965059	227266	-
ARHGAP33	chr19	35775563	13259	+
ARHGAP35	chr19	46860996	144081	+
ARHGAP36	chrX	131058345	31540	+
ARHGAP39	chr8	144529178	156668	-
ARHGAP4	chrX	153907377	18887	-
ARHGAP40	chr20	38601808	48845	+
ARHGAP42	chr11	100687287	306654	+
ARHGAP44	chr17	12789497	202146	+
ARHGAP45	chr19	1067166	19462	+
ARHGAP5	chr14	32077303	82425	+
ARHGAP6	chrX	11137543	528377	-
ARHGAP8	chr22	44752574	110210	+
ARHGAP9	chr12	57472268	7598	-
ARHGDIA	chr17	81867720	3617	-
ARHGDIB	chr12	14942030	19571	-
ARHGDIG	chr16	280590	2420	+
ARHGEF1	chr19	41883183	24269	+
ARHGEF10	chr8	1823925	134716	+
ARHGEF10L	chr1	17539697	158172	+
ARHGEF11	chr1	156934839	110903	-
ARHGEF12	chr11	120336412	153525	+
ARHGEF15	chr17	8310240	12271	+
ARHGEF16	chr1	3454664	26449	+
ARHGEF17	chr11	73308275	61113	+
ARHGEF18	chr19	7348936	123542	+
ARHGEF19	chr1	16197853	14799	-
ARHGEF2	chr1	155946853	31694	-
ARHGEF25	chr12	57611434	5811	+
ARHGEF26	chr3	154121389	136436	+
ARHGEF28	chr5	73626195	315795	+
ARHGEF3	chr3	56727419	74530	-
ARHGEF33	chr2	38889874	85580	+
ARHGEF35	chr7	144186082	9751	-
ARHGEF37	chr5	149581497	53471	+
ARHGEF38	chr4	105552619	128295	+
ARHGEF39	chr9	35659342	5853	-
ARHGEF4	chr2	130836913	210340	+
ARHGEF40	chr14	21070303	19945	+
ARHGEF5	chr7	144355401	25231	+
ARHGEF6	chrX	136665549	115383	-
ARHGEF7	chr13	111115309	190423	+
ARHGEF9	chrX	63634966	150248	-
ARID1A	chr1	26696014	86090	+
ARID1B	chr6	156777377	433402	+
ARID2	chr12	45729705	178332	+
ARID3A	chr19	926034	49905	+
ARID3B	chr15	74541219	56912	+
ARID3C	chr9	34621048	8018	-
ARID4A	chr14	58298554	75322	+
ARID4B	chr1	235166901	161278	-
ARID5A	chr2	96536751	15883	+
ARID5B	chr10	61901698	195246	+
ARIH1	chr15	72474329	128658	+
ARIH2	chr3	48918841	67541	+
ARK2C	chr18	46334017	129123	+
ARK2N	chr18	46174033	92959	+
ARL1	chr12	101393115	14657	-
ARL10	chr5	176365486	16423	+
ARL11	chr13	49628506	5366	+
ARL13A	chrX	100969707	21124	+
ARL13B	chr3	93980154	75524	+
ARL14	chr3	160677159	1289	+
ARL14EP	chr11	30323103	15120	+
ARL14EPL	chr5	116032471	27018	+
ARL15	chr5	53883941	426632	-
ARL16	chr17	81681186	2611	-
ARL17A	chr17	46552755	26936	-
ARL17B	chr17	46334901	26865	-
ARL2	chr11	65014159	8025	+
ARL2BP	chr16	57245258	8377	+
ARL3	chr10	102673730	40667	-
ARL4A	chr7	12687632	3326	+
ARL4C	chr2	234493040	4041	-
ARL4D	chr17	43398992	2145	+
ARL5A	chr2	151798796	29625	-
ARL5B	chr10	18659430	22209	+
ARL5C	chr17	39156893	9268	-
ARL6	chr3	97764757	36472	+
ARL6IP1	chr16	18791668	9881	-
ARL6IP4	chr12	122980680	2229	+
ARL6IP5	chr3	69084936	21156	+
ARL6IP6	chr2	152718619	43777	+
ARL8A	chr1	202133403	11334	-
ARL8B	chr3	5122291	58620	+
ARL9	chr4	56505790	18663	+
ARLN	chr4	119296418	4227	-
ARMC1	chr8	65602457	31720	-
ARMC10	chr7	103075139	24620	+
ARMC12	chr6	35737031	12048	+
ARMC2	chr6	108848421	126055	+
ARMC3	chr10	22928052	110471	+
ARMC5	chr16	31459500	7665	+
ARMC6	chr19	19033602	24574	+
ARMC7	chr17	75109968	20304	+
ARMC8	chr3	138187300	111073	+
ARMC9	chr2	231198630	178218	+
ARMCX1	chrX	101550546	4154	+
ARMCX2	chrX	101655280	4570	-
ARMCX3	chrX	101623150	4693	+
ARMCX4	chrX	101485455	10352	+
ARMCX5	chrX	102599514	4645	+
ARMCX6	chrX	101615124	2876	-
ARMH1	chr1	44674713	50878	+
ARMH2	chr6	24797334	1583	-
ARMH3	chr10	101845598	210575	-
ARMH4	chr14	58000760	151453	-
ARMS2	chr10	122454652	2700	+
ARNT	chr1	150809712	66887	-
ARNT2	chr15	80404381	193552	+
ARPC1A	chr7	99325897	40365	+
ARPC1B	chr7	99374729	20087	+
ARPC2	chr2	218217188	37160	+
ARPC3	chr12	110434822	15515	-
ARPC4	chr3	9793081	14020	+
ARPC5	chr1	183620845	14938	-
ARPC5L	chr9	124862129	15604	+
ARPIN	chr15	89895005	17947	-
ARPP19	chr15	52547044	21986	-
ARPP21	chr3	35639524	154962	+
ARR3	chrX	70268333	13507	+
ARRB1	chr11	75260121	91540	-
ARRB2	chr17	4710631	10866	+
ARRDC1	chr9	137605685	9675	+
ARRDC2	chr19	18008169	5933	+
ARRDC3	chr5	91368630	14687	-
ARRDC4	chr15	97960702	13131	+
ARRDC5	chr19	4890436	12460	-
ARSA	chr22	50622753	5399	-
ARSB	chr5	78777208	208102	-
ARSD	chrX	2903971	25368	-
ARSF	chrX	3041470	71257	+
ARSG	chr17	68291494	129320	+
ARSH	chrX	3006545	27566	+
ARSI	chr5	150296342	6563	-
ARSJ	chr4	113900283	79364	-
ARSK	chr5	95555100	50002	+
ARSL	chrX	2934520	29821	-
ART1	chr11	3645127	19289	+
ART3	chr4	76074708	38078	+
ART4	chr12	14825568	17958	-
ART5	chr11	3638511	3481	-
ARTN	chr1	43933800	3440	+
ARV1	chr1	230979093	21640	+
ARVCF	chr22	19969895	46928	-
ARX	chrX	25003693	12272	-
AS3MT	chr10	102869469	32430	+
ASAH1	chr8	18055991	28116	-
ASAH2	chr10	50184860	66656	-
ASAH2B	chr10	50739935	19320	+
ASAP1	chr8	130052103	391571	-
ASAP2	chr2	9206811	198867	+
ASAP3	chr1	23428562	55617	-
ASB1	chr2	238426926	25324	+
ASB10	chr7	151175697	11553	-
ASB11	chrX	15281696	33944	-
ASB12	chrX	64224193	6414	-
ASB13	chr10	5638866	27729	-
ASB14	chr3	57268341	24344	-
ASB15	chr7	123601820	37661	+
ASB16	chr17	44170703	8381	+
ASB17	chr1	75918872	13532	-
ASB18	chr2	236193458	70948	-
ASB2	chr14	93934165	42405	-
ASB3	chr2	53669979	116974	-
ASB4	chr7	95485942	54291	+
ASB5	chr4	176213672	55550	-
ASB6	chr9	129634604	7547	-
ASB7	chr15	100602588	49113	+
ASB8	chr12	48147788	9727	-
ASB9	chrX	15243986	26097	-
ASCC1	chr10	72096031	120245	-
ASCC2	chr22	29788610	49664	-
ASCC3	chr6	100508193	373136	-
ASCL1	chr12	102957673	2840	+
ASCL2	chr11	2268497	2091	-
ASCL3	chr11	8937577	5439	-
ASCL4	chr12	107774703	1941	+
ASCL5	chr1	201113942	13242	-
ASDURF	chr2	189661458	4943	+
ASF1A	chr6	118894151	15020	+
ASF1B	chr19	14119511	17078	-
ASGR1	chr17	7173430	5940	-
ASGR2	chr17	7101325	13497	-
ASH1L	chr1	155335267	227536	-
ASH2L	chr8	38105528	34552	+
ASIC1	chr12	50057595	26016	+
ASIC2	chr17	33013086	280209	-
ASIC3	chr7	151048530	4224	+
ASIC4	chr2	219514481	24291	+
ASIC5	chr4	155829728	36549	-
ASIP	chr20	34241422	27922	+
ASL	chr7	66075818	17758	+
ASMT	chrX	1615058	28023	+
ASMTL	chrX	1403138	49771	-
ASNS	chr7	97851676	20732	-
ASNSD1	chr2	189661458	9373	+
ASPA	chr17	3475996	27409	+
ASPDH	chr19	50511602	2311	-
ASPG	chr14	104085699	29883	+
ASPH	chr8	61500555	214037	-
ASPHD1	chr16	29900487	5569	+
ASPHD2	chr22	26429259	15756	+
ASPM	chr1	197084126	62543	-
ASPN	chr9	92456204	26302	-
ASPRV1	chr2	69960088	1543	-
ASPSCR1	chr17	81977628	39778	+
ASRGL1	chr11	62337447	55965	+
ASS1	chr9	130444960	56314	+
ASTE1	chr3	131013874	12951	-
ASTL	chr2	96122817	15685	-
ASTN1	chr1	176861066	303646	-
ASTN2	chr9	116423111	991946	-
ASXL1	chr20	32358330	80989	+
ASXL2	chr2	25733752	144735	-
ASXL3	chr18	33578218	172977	+
ASZ1	chr7	117363221	64272	-
ATAD1	chr10	87751511	66715	-
ATAD2	chr8	123319849	76598	-
ATAD2B	chr2	23748663	178460	-
ATAD3A	chr1	1512161	22524	+
ATAD3B	chr1	1471764	26084	+
ATAD3C	chr1	1449688	20475	+
ATAD5	chr17	30831965	63904	+
ATAT1	chr6	30626873	19948	+
ATCAY	chr19	3880684	47398	+
ATE1	chr10	121740423	187608	-
ATF1	chr12	50764100	57062	+
ATF2	chr2	175072258	95945	-
ATF3	chr1	212608760	12015	+
ATF4	chr22	39520561	2122	+
ATF5	chr19	49929204	4731	+
ATF6	chr1	161766319	197751	+
ATF6B	chr6	32115263	12983	-
ATF7	chr12	53512053	114329	-
ATF7IP	chr12	14365681	137249	+
ATF7IP2	chr16	10386060	97578	+
ATG10	chr5	81972022	284111	+
ATG101	chr12	52069977	7518	+
ATG12	chr5	115828199	13366	-
ATG13	chr11	46617552	56966	+
ATG14	chr14	55366390	45440	-
ATG16L1	chr2	233251672	43997	+
ATG16L2	chr11	72814410	15225	+
ATG2A	chr11	64894545	22664	-
ATG2B	chr14	96279194	84147	-
ATG3	chr3	112532509	29453	-
ATG4A	chrX	108091777	62894	+
ATG4B	chr2	241637692	36165	+
ATG4C	chr1	62784131	81385	+
ATG4D	chr19	10543903	9515	+
ATG5	chr6	106184475	141285	-
ATG7	chr3	11272396	285269	+
ATG9A	chr2	219219379	10257	-
ATG9B	chr7	151015150	9344	-
ATIC	chr2	215312058	37706	+
ATL1	chr14	50560144	72901	+
ATL2	chr2	38293953	83320	-
ATL3	chr11	63624086	47290	-
ATM	chr11	108223066	146036	+
ATMIN	chr16	81035841	11509	+
ATN1	chr12	6927958	14363	+
ATOH1	chr4	93828752	2212	+
ATOH7	chr10	68230594	1519	-
ATOH8	chr2	85753990	37393	+
ATOSA	chr15	52581320	98068	-
ATOSB	chr9	35104116	11746	-
ATOX1	chr5	151742821	15810	-
ATP10A	chr15	25678711	184616	-
ATP10B	chr5	160563119	289092	-
ATP10D	chr4	47485274	108212	+
ATP11A	chr13	112690037	197131	+
ATP11B	chr3	182793503	128126	+
ATP11C	chrX	139726347	206706	-
ATP12A	chr13	24680407	32065	+
ATP13A1	chr19	19645197	18479	-
ATP13A2	chr1	16985957	25971	-
ATP13A3	chr3	194402676	84326	-
ATP13A4	chr3	193398966	155929	-
ATP13A5	chr3	193274788	103965	-
ATP1A1	chr1	116373243	31531	+
ATP1A2	chr1	160115758	27833	+
ATP1A3	chr19	41966581	27649	-
ATP1A4	chr1	160151602	35378	+
ATP1B1	chr1	169106689	26030	+
ATP1B2	chr17	7650925	6845	+
ATP1B3	chr3	141876642	49907	+
ATP1B4	chrX	120362088	21149	+
ATP23	chr12	57941566	17582	+
ATP2A1	chr16	28878487	25979	+
ATP2A2	chr12	110281246	69847	+
ATP2A3	chr17	3923872	40565	-
ATP2B1	chr12	89588048	120790	-
ATP2B2	chr3	10324022	181564	-
ATP2B3	chrX	153517641	65288	+
ATP2B4	chr1	203626831	117250	+
ATP2C1	chr3	130894083	109067	+
ATP2C2	chr16	84368537	95650	+
ATP4A	chr19	35550030	13628	-
ATP4B	chr13	113648803	9395	-
ATP5F1A	chr18	46080247	18049	-
ATP5F1B	chr12	56638174	7810	-
ATP5F1C	chr10	7788176	19625	+
ATP5F1D	chr19	1241750	3075	+
ATP5F1E	chr20	59025474	6861	-
ATP5IF1	chr1	28236123	1977	+
ATP5MC1	chr17	48892786	3085	+
ATP5MC2	chr12	53665169	10914	-
ATP5MC3	chr2	175176257	5453	-
ATP5ME	chr4	672435	1841	-
ATP5MF	chr7	99458194	7973	-
ATP5MG	chr11	118401605	8242	+
ATP5MGL	chr22	42639802	799	-
ATP5MJ	chr14	103912287	9242	-
ATP5MK	chr10	103389049	7426	-
ATP5PB	chr1	111449463	13310	+
ATP5PD	chr17	75038862	8107	-
ATP5PF	chr21	25724499	10405	-
ATP5PO	chr21	33903452	12352	-
ATP6AP1	chrX	154428676	7840	+
ATP6AP2	chrX	40580969	25879	+
ATP6V0A1	chr17	42458877	63702	+
ATP6V0A2	chr12	123712352	49403	+
ATP6V0A4	chr7	138706293	91903	-
ATP6V0B	chr1	43974959	3336	+
ATP6V0C	chr16	2513951	6267	+
ATP6V0D1	chr16	67438018	43139	-
ATP6V0D2	chr8	86098909	55316	+
ATP6V0E1	chr5	172983770	51675	+
ATP6V0E2	chr7	149873968	6727	+
ATP6V1A	chr3	113747034	65022	+
ATP6V1B1	chr2	70935899	29532	+
ATP6V1B2	chr8	20197380	24316	+
ATP6V1C1	chr8	103021082	51969	+
ATP6V1C2	chr2	10721629	63481	+
ATP6V1D	chr14	67337871	21933	-
ATP6V1E1	chr22	17592135	36614	-
ATP6V1E2	chr2	46511846	30731	-
ATP6V1F	chr7	128862855	2992	+
ATP6V1G1	chr9	114587768	11111	+
ATP6V1G2	chr6	31544443	2165	-
ATP6V1G3	chr1	198523221	17459	-
ATP6V1H	chr8	53715542	127703	-
ATP7A	chrX	77910692	139703	+
ATP7B	chr13	51932668	78782	-
ATP8A1	chr4	42408372	248733	-
ATP8A2	chr13	25371973	653878	+
ATP8B1	chr18	57646425	156890	-
ATP8B2	chr1	154325524	25780	+
ATP8B3	chr19	1782074	30202	-
ATP8B4	chr15	49858237	260996	-
ATP9A	chr20	51596513	171877	-
ATP9B	chr18	79069393	308890	+
ATPAF1	chr1	46632736	35628	-
ATPAF2	chr17	18018020	21148	-
ATPSCKMT	chr5	10225506	24382	-
ATR	chr3	142449234	129499	-
ATRAID	chr2	27212040	5117	+
ATRIP	chr3	48446736	20909	+
ATRN	chr20	3471017	180101	+
ATRNL1	chr10	115093364	855635	+
ATRX	chrX	77504879	281337	-
ATXN1	chr6	16299111	462349	-
ATXN10	chr22	45671833	173474	+
ATXN1L	chr16	71845975	11353	+
ATXN2	chr12	111452213	147102	-
ATXN2L	chr16	28822998	14234	+
ATXN3	chr14	92058551	48031	-
ATXN3L	chrX	13318646	1407	-
ATXN7	chr3	63863866	139596	+
ATXN7L1	chr7	105604771	271828	-
ATXN7L2	chr1	109483904	8830	+
ATXN7L3	chr17	44191804	8080	-
ATXN7L3B	chr12	74537834	7596	+
ATXN8OS	chr13	70107825	24125	+
AUH	chr9	91213822	148096	-
AUNIP	chr1	25834005	25452	-
AUP1	chr2	74526651	3055	-
AURKA	chr20	56369389	22826	-
AURKAIP1	chr1	1373735	1472	-
AURKB	chr17	8204733	5842	-
AURKC	chr19	57231022	4526	+
AUTS2	chr7	69598474	1195032	+
AVEN	chr15	33866226	172978	-
AVIL	chr12	57797379	21355	-
AVL9	chr7	32495488	93238	+
AVP	chr20	3082555	2169	-
AVPI1	chr10	97677423	9818	-
AVPR1A	chr12	63142758	8443	-
AVPR1B	chr1	206106935	10453	-
AVPR2	chrX	153904672	2494	+
AWAT1	chrX	70234654	6005	+
AWAT2	chrX	70040541	9397	-
AXDND1	chr1	179365970	188765	+
AXIN1	chr16	287439	65284	-
AXIN2	chr17	65528562	33086	-
AXL	chr19	41219222	42544	+
AZGP1	chr7	99966729	9302	-
AZI2	chr3	28321046	27778	-
AZIN1	chr8	102826307	37856	-
AZIN2	chr1	33081152	42340	+
AZU1	chr19	827836	4182	+
B2M	chr15	44711516	6629	+
B3GALNT1	chr3	161083882	21467	-
B3GALNT2	chr1	235447189	57263	-
B3GALT1	chr2	167293000	581045	+
B3GALT2	chr1	193178729	7884	-
B3GALT4	chr6	33277122	1703	+
B3GALT5	chr21	39612939	60198	+
B3GALT6	chr1	1232236	2805	+
B3GALT9	chr9	120793466	8321	+
B3GAT1	chr11	134378507	33735	-
B3GAT2	chr6	70856678	100382	-
B3GAT3	chr11	62615295	6691	-
B3GLCT	chr13	31199974	132302	+
B3GNT2	chr2	62196114	28617	+
B3GNT3	chr19	17795137	18439	+
B3GNT4	chr12	122203708	5244	+
B3GNT5	chr3	183253252	20133	+
B3GNT6	chr11	77034397	7576	+
B3GNT7	chr2	231395709	5455	+
B3GNT8	chr19	41425358	2016	-
B3GNT9	chr16	67148103	2895	-
B4GALNT1	chr12	57623408	9793	-
B4GALNT2	chr17	49132768	44072	+
B4GALNT3	chr12	459938	103571	+
B4GALNT4	chr11	369498	12619	+
B4GALT1	chr9	33110641	56695	-
B4GALT2	chr1	43979209	11959	+
B4GALT3	chr1	161171309	6198	-
B4GALT4	chr3	119211741	29137	-
B4GALT5	chr20	49632944	80934	-
B4GALT6	chr18	31622245	62336	-
B4GALT7	chr5	177600131	10199	+
B4GAT1	chr11	66345373	2256	-
B9D1	chr17	19343174	19549	-
B9D2	chr19	41354416	9733	-
BAALC	chr8	103140724	89581	+
BAAT	chr9	101360416	24590	-
BABAM1	chr19	17267442	11895	+
BABAM2	chr2	27890728	448173	+
BACC1	chr17	7014781	2739	+
BACE1	chr11	117285697	30559	-
BACE1-AS	chr11	117291345	825	+
BACE2	chr21	41168159	114371	+
BACH1	chr21	29298921	47227	+
BACH2	chr6	89926527	370316	-
BAD	chr11	64269829	14836	-
BAG1	chr9	33252470	12238	-
BAG2	chr6	57172325	17508	+
BAG3	chr10	119651379	26440	+
BAG4	chr8	38176854	36447	+
BAG5	chr14	103556550	6107	-
BAG6	chr6	31639027	13634	-
BAHCC1	chr17	81395456	70875	+
BAHD1	chr15	40440952	27284	+
BAIAP2	chr17	81035150	82284	+
BAIAP2L1	chr7	98291649	109441	-
BAIAP2L2	chr22	38084899	25785	-
BAIAP3	chr16	1333644	15795	+
BAK1	chr6	33572551	7725	-
BAMBI	chr10	28677520	5412	+
BANF1	chr11	66002502	1647	+
BANF2	chr20	17699965	35906	+
BANK1	chr4	101790729	284083	+
BANP	chr16	87951433	125883	+
BAP1	chr3	52401007	9001	-
BARD1	chr2	214725645	84038	-
BARHL1	chr9	132582605	7647	+
BARHL2	chr1	90711538	5764	-
BARX1	chr9	93951626	3729	-
BARX2	chr11	129375847	76432	+
BASP1	chr5	17217630	59204	+
BATF	chr14	75522468	24524	+
BATF2	chr11	64987944	9027	-
BATF3	chr1	212686416	13424	-
BAX	chr19	48954874	6924	+
BAZ1A	chr14	34752730	122630	-
BAZ1B	chr7	73440405	81888	-
BAZ2A	chr12	56595595	34731	-
BAZ2B	chr2	159318978	297570	-
BBC3	chr19	47220823	10376	-
BBIP1	chr10	110898729	20451	-
BBLN	chr9	128160264	3660	+
BBOF1	chr14	74019348	46744	+
BBOX1	chr11	27040814	86995	+
BBS1	chr11	66510634	22964	+
BBS10	chr12	76344473	3942	-
BBS12	chr4	122732703	12236	+
BBS2	chr16	56484384	35640	-
BBS4	chr15	72686206	52267	+
BBS5	chr2	169479493	27162	+
BBS7	chr4	121824328	46146	-
BBS9	chr7	33129563	476506	+
BBX	chr3	107522961	288378	+
BCAM	chr19	44809102	12319	+
BCAN	chr1	156642116	17412	+
BCAP29	chr7	107580245	40233	+
BCAP31	chrX	153700491	23896	-
BCAR1	chr16	75228180	23444	-
BCAR3	chr1	93561740	120097	-
BCAS1	chr20	53943540	127054	-
BCAS2	chr1	114567556	14059	-
BCAS3	chr17	60677850	714981	+
BCAS4	chr20	50795060	82117	+
BCAT1	chr12	24810023	139078	-
BCAT2	chr19	48795063	15966	-
BCCIP	chr10	125823545	13006	+
BCDIN3D	chr12	49836042	7064	-
BCHE	chr3	165772903	64520	-
BCKDHA	chr19	41397817	27185	+
BCKDHB	chr6	80106670	239600	+
BCKDK	chr16	31108385	4406	+
BCL10	chr1	85265775	10857	-
BCL11A	chr2	60457193	96461	-
BCL11B	chr14	99169286	102911	-
BCL2	chr18	63123345	196424	-
BCL2A1	chr15	79960891	10305	-
BCL2L1	chr20	31664457	58411	-
BCL2L10	chr15	52109262	3513	-
BCL2L11	chr2	111120913	47531	+
BCL2L12	chr19	49665932	7984	+
BCL2L13	chr22	17638756	92099	+
BCL2L14	chr12	12070938	28757	+
BCL2L15	chr1	113876815	10766	-
BCL2L2	chr14	23306832	4919	+
BCL3	chr19	44748707	11337	+
BCL6	chr3	187721380	24088	-
BCL6B	chr17	7023049	6595	+
BCL7A	chr12	122021883	40161	+
BCL7B	chr7	73536355	21335	-
BCL7C	chr16	30887794	6283	-
BCL9	chr1	147541500	84716	+
BCL9L	chr11	118896135	29791	-
BCLAF1	chr6	136256626	33220	-
BCLAF3	chrX	19912859	78202	-
BCO1	chr16	81238688	52454	+
BCO2	chr11	112175511	43435	+
BCOR	chrX	40051250	46708	-
BCORL1	chrX	129982634	75437	+
BCR	chr22	23180508	137529	+
BCS1L	chr2	218659682	3761	+
BDH1	chr3	197509782	46186	-
BDH2	chr4	103077591	22243	-
BDKRB1	chr14	96256209	8554	+
BDKRB2	chr14	96204838	39326	+
BDNF	chr11	27654892	45563	-
BDP1	chr5	71455650	112170	+
BEAN1	chr16	66427294	55539	+
BECN1	chr17	42810133	14149	-
BECN2	chr1	241957766	1296	+
BEGAIN	chr14	100537146	50271	-
BEND2	chrX	18162930	57956	-
BEND3	chr6	107065181	50334	-
BEND4	chr4	42110852	41803	-
BEND5	chr1	48727518	49373	-
BEND6	chr6	56955106	72240	+
BEND7	chr10	13441087	87927	-
BEST1	chr11	61950350	14111	+
BEST2	chr19	12751790	6668	+
BEST3	chr12	69653608	45695	-
BEST4	chr1	44783584	4586	-
BET1	chr7	93993244	11111	-
BET1L	chr11	202923	4476	-
BEX1	chrX	103062650	1521	-
BEX2	chrX	103309345	1645	-
BEX3	chrX	103376537	1627	+
BEX4	chrX	103215107	2139	+
BEX5	chrX	102153711	2266	-
BFAR	chr16	14632950	36286	+
BFSP1	chr20	17493904	37475	-
BFSP2	chr3	133400055	75153	+
BGLAP	chr1	156242183	1134	+
BGN	chrX	153494979	14567	+
BHLHA15	chr7	98211438	4019	+
BHLHA9	chr17	1270443	1372	+
BHLHE22	chr8	64580364	3263	+
BHLHE23	chr20	63005926	1038	-
BHLHE40	chr3	4979436	5887	+
BHLHE41	chr12	26120029	5008	-
BHMT	chr5	79111808	20480	+
BHMT2	chr5	79069766	20303	+
BICC1	chr10	58512871	318564	+
BICD1	chr12	32106846	276787	+
BICD2	chr9	92711362	53471	-
BICDL1	chr12	119989235	105259	+
BICDL2	chr16	3027681	9263	-
BICRA	chr19	47609133	94144	+
BICRAL	chr6	42782051	86505	+
BID	chr22	17734137	40332	-
BIK	chr22	43110749	18963	+
BIN1	chr2	127048031	59123	-
BIN2	chr12	51281037	43137	-
BIN3	chr8	22620417	48704	-
BIRC2	chr11	102347213	31457	+
BIRC3	chr11	102317483	21920	+
BIRC5	chr17	78214252	11383	+
BIRC6	chr2	32357022	261856	+
BIRC7	chr20	63235904	4591	+
BIVM	chr13	102799118	42415	+
BLACAT1	chr1	205434885	21160	-
BLCAP	chr20	37517416	10460	-
BLID	chr11	122115339	876	-
BLK	chr8	11494386	70213	+
BLM	chr15	90717345	98821	+
BLMH	chr17	30248202	43742	-
BLNK	chr10	96189170	82399	-
BLOC1S1	chr12	55716045	3658	+
BLOC1S2	chr10	100273292	13388	-
BLOC1S3	chr19	45178783	3017	+
BLOC1S4	chr4	6716173	1491	+
BLOC1S5	chr6	8013566	50823	-
BLOC1S6	chr15	45587378	22330	+
BLTP1	chr4	122152330	210422	+
BLTP2	chr17	28614445	30713	-
BLTP3A	chr6	34792082	85432	+
BLTP3B	chr12	100037071	105803	-
BLVRA	chr7	43758679	48663	+
BLVRB	chr19	40447767	17978	-
BLZF1	chr1	169368194	20111	+
BMAL1	chr11	13277789	109477	+
BMAL2	chr12	27332835	92451	+
BMERB1	chr16	15434587	153672	+
BMF	chr15	40087889	20990	-
BMI1	chr10	22321098	10386	+
BMP1	chr8	22165371	46955	+
BMP10	chr2	68860908	10489	-
BMP15	chrX	50910734	5907	+
BMP2	chr20	6767685	12561	+
BMP2K	chr4	78776349	140016	+
BMP3	chr4	81030707	26920	+
BMP4	chr14	53949735	7090	-
BMP5	chr6	55753652	121938	-
BMP6	chr6	7726098	155630	+
BMP7	chr20	57168752	97889	-
BMP8A	chr1	39491635	38234	+
BMP8B	chr1	39757181	31684	-
BMPER	chr7	33905538	250889	+
BMPR1A	chr10	86756618	171351	+
BMPR1B	chr4	94757954	400494	+
BMPR2	chr2	202376326	191423	+
BMS1	chr10	42782794	52143	+
BMX	chrX	15500806	55713	+
BNC1	chr15	83255883	28781	-
BNC2	chr9	16409502	461168	-
BNIP1	chr5	173144530	19857	+
BNIP2	chr15	59659145	30175	-
BNIP3	chr10	131967683	14240	-
BNIP3L	chr8	26383053	30074	+
BNIP5	chr6	36315760	21128	-
BNIPL	chr1	151036585	11135	+
BOC	chr3	113211556	75903	+
BOD1	chr5	173607144	9506	-
BOD1L1	chr4	13568737	58988	-
BOD1L2	chr18	57147086	3324	+
BOK	chr2	241558744	15387	+
BOLA1	chr1	149899567	1228	+
BOLA2	chr16	29453592	759	-
BOLA2B	chr16	30192931	735	-
BOLA3	chr2	74135399	12513	-
BOLL	chr2	197726889	58430	-
BOP1	chr8	144262044	29394	-
BORA	chr13	72727922	28274	+
BORCS5	chr12	12357077	114156	+
BORCS6	chr17	8188344	1836	-
BORCS7	chr10	102854258	10703	+
BORCS8	chr19	19176905	15247	-
BPGM	chr7	134646852	32964	+
BPHL	chr6	3118710	34868	+
BPI	chr20	38304155	33350	+
BPIFA1	chr20	33235995	7311	+
BPIFA2	chr20	33168158	13254	+
BPIFA3	chr20	33217351	10455	+
BPIFB1	chr20	33283213	26658	+
BPIFB2	chr20	33007703	16000	+
BPIFB3	chr20	33053902	19945	+
BPIFB4	chr20	33079642	32109	+
BPIFB6	chr20	33031647	12400	+
BPIFC	chr22	32413844	50602	-
BPNT1	chr1	220057481	32307	-
BPNT2	chr8	56957930	35937	-
BPTF	chr17	67825502	158876	+
BPY2	chrY	22984262	21203	+
BPY2B	chrY	24618003	21204	+
BPY2C	chrY	25030900	21204	-
BRAF	chr7	140730664	194265	-
BRAP	chr12	111642145	43811	-
BRAT1	chr7	2537809	17715	-
BRCA1	chr17	43044294	81070	-
BRCA2	chr13	32315507	84761	+
BRCC3	chrX	155071507	51570	+
BRD1	chr22	49773282	54591	-
BRD10	chr9	5919021	89461	-
BRD2	chr6	32968593	12908	+
BRD3	chr9	134030304	37722	-
BRD3OS	chr9	134025480	6107	+
BRD4	chr19	15235518	97021	-
BRD7	chr16	50315956	53032	-
BRD8	chr5	138139769	38861	-
BRD9	chr5	863740	29061	-
BRDT	chr1	91949400	65021	+
BRF1	chr14	105209285	91716	-
BRF2	chr8	37843267	6594	-
BRI3	chr7	98281685	9860	+
BRI3BP	chr12	124993644	37587	+
BRICD5	chr16	2209252	1611	-
BRINP1	chr9	119166628	202807	-
BRINP2	chr1	177170957	111465	+
BRINP3	chr1	190097657	380207	-
BRIP1	chr17	61679138	184390	-
BRIX1	chr5	34915710	10286	+
BRK1	chr3	10115674	11516	+
BRME1	chr19	13882347	23770	-
BRMS1	chr11	66337338	7766	-
BRMS1L	chr14	35826337	45626	+
BROX	chr1	222712563	22624	+
BRPF1	chr3	9731734	16281	+
BRPF3	chr6	36196743	36047	+
BRS3	chrX	136487946	5834	+
BRSK1	chr19	55283996	28566	+
BRSK2	chr11	1389933	72756	+
BRWD1	chr21	39185481	128151	-
BRWD3	chrX	80669502	140375	-
BSCL2	chr11	62690274	17150	-
BSDC1	chr1	32364632	29809	-
BSG	chr19	572595	10898	+
BSN	chr3	49554476	117073	+
BSND	chr1	54998932	18240	+
BSPH1	chr19	47968045	24125	-
BSPRY	chr9	113349540	21682	+
BST1	chr4	15703064	29723	+
BST2	chr19	17402938	2692	-
BSX	chr11	122977569	4265	-
BTAF1	chr10	91923769	107668	+
BTBD1	chr15	83016422	50830	-
BTBD10	chr11	13388007	75215	-
BTBD16	chr10	122271295	66864	+
BTBD17	chr17	74356415	5453	-
BTBD18	chr11	57743513	8306	-
BTBD19	chr1	44808522	7063	+
BTBD2	chr19	1985447	30267	-
BTBD3	chr20	11917892	8703	+
BTBD6	chr14	105248532	2561	+
BTBD7	chr14	93237549	95487	-
BTBD8	chr1	92080344	104379	+
BTBD9	chr6	38168450	471479	-
BTC	chr4	74744758	49765	-
BTD	chr3	15601744	51970	+
BTF3	chr5	73498441	7226	+
BTF3-DT	chr5	73497552	768	-
BTF3L4	chr1	52056294	34422	+
BTG1	chr12	92140277	5569	-
BTG2	chr1	203305518	4084	+
BTG3	chr21	17593652	19249	-
BTG4	chr11	111494814	17572	-
BTK	chrX	101349449	36742	-
BTLA	chr3	112463965	35507	-
BTN1A1	chr6	26500302	10123	+
BTN2A1	chr6	26457954	11683	+
BTN2A2	chr6	26383107	11767	+
BTN3A1	chr6	26402274	12934	+
BTN3A2	chr6	26365197	13115	+
BTN3A3	chr6	26440503	12912	+
BTNL2	chr6	32393338	13843	-
BTNL3	chr5	180988845	17882	+
BTNL8	chr5	180899158	51748	+
BTNL9	chr5	181040265	21256	+
BTRC	chr10	101354164	203149	+
BUB1	chr2	110637527	40536	-
BUB1B	chr15	40161068	60055	+
BUB3	chr10	123154401	16066	+
BUD13	chr11	116748172	24815	-
BUD23	chr7	73683596	14616	+
BUD31	chr7	99408968	10648	+
BYSL	chr6	41921498	11548	+
BZW1	chr2	200811909	15429	+
BZW2	chr7	16646180	60337	+
C10orf105	chr10	71711700	8078	-
C10orf120	chr10	122697708	2138	-
C10orf143	chr10	130063895	46935	-
C10orf53	chr10	49679650	17882	+
C10orf62	chr10	97589720	1214	+
C10orf67	chr10	23202695	142102	-
C10orf71	chr10	49299169	28323	+
C10orf88	chr10	122930900	23327	-
C10orf90	chr10	126424996	245697	-
C10orf95	chr10	102449836	1707	-
C11orf16	chr11	8920075	12872	-
C11orf21	chr11	2295627	6291	-
C11orf24	chr11	68261337	10636	-
C11orf42	chr11	6205556	5579	+
C11orf52	chr11	111918912	7959	+
C11orf54	chr11	93741671	23078	+
C11orf58	chr11	16738646	19694	+
C11orf65	chr11	108382754	84775	-
C11orf68	chr11	65916809	2253	-
C11orf71	chr11	114398531	1980	-
C11orf86	chr11	66975303	1706	+
C11orf87	chr11	109422189	6978	+
C11orf91	chr11	33698260	2566	-
C11orf96	chr11	43942636	1242	+
C11orf97	chr11	94512460	19663	+
C11orf98	chr11	62662816	2394	-
C12orf42	chr12	103301954	194014	-
C12orf43	chr12	121000485	16002	-
C12orf50	chr12	87980034	49367	-
C12orf54	chr12	48482497	14027	+
C12orf56	chr12	64264761	125997	-
C12orf57	chr12	6944021	1981	+
C12orf60	chr12	14803669	20746	+
C12orf71	chr12	27081056	1522	-
C12orf75	chr12	105330690	40828	+
C12orf76	chr12	110041176	7346	-
C13orf42	chr13	51082118	29156	-
C13orf46	chr13	113953704	20372	-
C14orf119	chr14	23095504	4952	+
C14orf132	chr14	96039361	54610	+
C14orf180	chr14	104579763	10752	+
C14orf39	chr14	60435955	50108	-
C14orf93	chr14	22985893	24250	-
C15orf39	chr15	75201881	10288	+
C15orf40	chr15	82994816	16823	-
C15orf61	chr15	67521130	9016	+
C15orf62	chr15	40769979	2470	+
C16orf46	chr16	81060979	16259	-
C16orf54	chr16	29742462	3528	-
C16orf74	chr16	85707516	43580	-
C16orf78	chr16	49373803	25628	+
C16orf82	chr16	27066926	2240	+
C16orf86	chr16	67666813	1942	+
C16orf87	chr16	46796602	34578	-
C16orf89	chr16	5044121	21835	-
C16orf90	chr16	3493483	2006	-
C16orf92	chr16	30023197	1507	+
C16orf95	chr16	87302813	14579	-
C16orf96	chr16	4556339	44419	+
C17orf100	chr17	6651761	1715	+
C17orf107	chr17	4899535	3399	+
C17orf113	chr17	42038231	12370	-
C17orf114	chr17	4801158	1170	-
C17orf50	chr17	35760886	4193	+
C17orf58	chr17	67991098	5371	-
C17orf67	chr17	56791912	42008	-
C17orf75	chr17	32328440	13733	-
C17orf78	chr17	37375984	16724	+
C17orf99	chr17	78146384	19913	+
C18orf32	chr18	49477242	9992	-
C18orf54	chr18	54357905	24129	+
C18orf63	chr18	74315838	43351	+
C19orf12	chr19	29698936	16325	-
C19orf18	chr19	57958436	16098	-
C19orf25	chr19	1473200	6015	-
C19orf33	chr19	38304250	756	+
C19orf38	chr19	10848414	21376	+
C19orf44	chr19	16496393	24959	+
C19orf47	chr19	40319535	28862	-
C19orf53	chr19	13774455	4318	+
C19orf67	chr19	14081623	4160	-
C19orf73	chr19	49118401	742	-
C19orf81	chr19	50649444	9862	+
C19orf84	chr19	51388288	2303	-
C19orf85	chr19	55463000	1751	-
C1D	chr2	68041129	21875	-
C1GALT1	chr7	7182543	66073	+
C1GALT1C1	chrX	120625673	4381	-
C1GALT1C1L	chr2	43675150	1279	-
C1orf105	chr1	172420684	48145	+
C1orf115	chr1	220690362	8791	+
C1orf116	chr1	207018521	14235	-
C1orf122	chr1	37807789	1665	+
C1orf141	chr1	67092164	42806	-
C1orf146	chr1	92217914	27899	+
C1orf159	chr1	1081822	34267	-
C1orf162	chr1	111473983	4529	+
C1orf167	chr1	11762192	27393	+
C1orf174	chr1	3889132	11140	-
C1orf185	chr1	51102227	45859	+
C1orf198	chr1	230837118	31403	-
C1orf202	chr1	244729700	1315	-
C1orf21	chr1	184387028	241991	+
C1orf210	chr1	43281876	3705	-
C1orf216	chr1	35713876	5008	-
C1orf226	chr1	162381727	5085	+
C1orf232	chr1	26164100	4863	-
C1orf35	chr1	228100730	2595	-
C1orf50	chr1	42767248	12243	+
C1orf52	chr1	85249952	9710	-
C1orf53	chr1	197902629	4733	+
C1orf54	chr1	150272789	8127	+
C1orf56	chr1	151047750	3670	+
C1orf74	chr1	209779207	5352	-
C1orf87	chr1	59990393	83377	-
C1orf94	chr1	34176906	42225	+
C1QA	chr1	22636627	3051	+
C1QB	chr1	22653235	8402	+
C1QBP	chr17	5432776	6379	-
C1QC	chr1	22643632	4476	+
C1QL1	chr17	44959692	8611	-
C1QL2	chr2	119156242	2509	-
C1QL3	chr10	16513733	8146	-
C1QL4	chr12	49332408	4780	-
C1QTNF1	chr17	79024168	25620	+
C1QTNF12	chr1	1242452	4270	-
C1QTNF2	chr5	160347753	22873	-
C1QTNF3	chr5	34017857	25356	-
C1QTNF4	chr11	47589666	4745	-
C1QTNF5	chr11	119338941	1942	-
C1QTNF6	chr22	37180165	8082	-
C1QTNF7	chr4	15428032	18135	+
C1QTNF8	chr16	1088225	8019	-
C1QTNF9	chr13	24309579	12952	+
C1QTNF9B	chr13	23891098	6404	-
C1R	chr12	7080218	12227	-
C1RL	chr12	7094553	14661	-
C1S	chr12	7060717	10315	+
C2	chr6	31927716	17956	+
C20orf141	chr20	2814986	844	+
C20orf144	chr20	33662326	1582	+
C20orf173	chr20	35526978	2674	-
C20orf202	chr20	1203453	5623	+
C20orf203	chr20	32631624	42317	-
C20orf204	chr20	64036181	2820	+
C20orf96	chr20	270862	19888	-
C21orf140	chr21	34400111	961	-
C21orf58	chr21	46301129	22741	-
C21orf91	chr21	17788973	30383	-
C22orf15	chr22	23762989	2874	+
C22orf23	chr22	37943049	10552	-
C22orf31	chr22	29058671	3160	-
C22orf39	chr22	19440885	6826	-
C22orf42	chr22	32149005	10298	-
C2CD2	chr21	41885111	68907	-
C2CD2L	chr11	119107343	11201	+
C2CD3	chr11	74012717	158285	-
C2CD4A	chr15	62066976	3941	+
C2CD4B	chr15	62163534	1751	-
C2CD4C	chr19	405444	3703	-
C2CD4D	chr1	151837817	2003	-
C2CD5	chr12	22448582	95960	-
C2orf15	chr2	99141706	9963	+
C2orf42	chr2	70149884	41135	-
C2orf49	chr2	105337539	11672	+
C2orf66	chr2	196804416	4939	-
C2orf68	chr2	85605253	6813	-
C2orf69	chr2	199911292	16981	+
C2orf72	chr2	231037522	12197	+
C2orf74	chr2	61162187	2641	+
C2orf76	chr2	119302224	64610	-
C2orf78	chr2	73784182	32966	+
C2orf80	chr2	208165346	24684	-
C2orf81	chr2	74414176	7443	-
C2orf92	chr2	97669712	33354	+
C3	chr19	6677703	42947	-
C3AR1	chr12	8056843	9516	-
C3orf18	chr3	50558024	9723	-
C3orf20	chr3	14675140	97896	+
C3orf22	chr3	126549691	9241	-
C3orf33	chr3	155762616	43662	-
C3orf38	chr3	88149958	8007	+
C3orf49	chr3	63819298	29338	+
C3orf52	chr3	112086388	31822	+
C3orf62	chr3	49268595	8637	-
C3orf70	chr3	185076837	76223	-
C3orf80	chr3	160225421	2792	+
C3orf85	chr3	109136718	14683	+
C4A	chr6	31982056	20625	+
C4B	chr6	32014794	20624	+
C4BPA	chr1	207104232	40740	+
C4BPB	chr1	207088859	11134	+
C4orf17	chr4	99511020	31283	+
C4orf33	chr4	129096151	20486	+
C4orf36	chr4	86876204	16218	-
C4orf46	chr4	158666674	5213	-
C4orf50	chr4	5959374	59057	-
C4orf51	chr4	145680145	52652	+
C4orf54	chr4	99636528	21300	-
C5	chr9	120952334	97941	-
C5AR1	chr19	47309860	12206	+
C5AR2	chr19	47332174	15155	+
C5orf15	chr5	133955509	13116	-
C5orf22	chr5	31532300	22753	+
C5orf24	chr5	134845967	13768	+
C5orf34	chr5	43486708	28440	-
C5orf46	chr5	147892721	13817	-
C5orf47	chr5	173989169	16971	+
C5orf52	chr5	157671532	8626	+
C5orf58	chr5	170232984	13247	+
C5orf63	chr5	127051303	22199	-
C6	chr5	41142115	71417	-
C6orf118	chr6	165279663	29942	-
C6orf120	chr6	169702125	4235	+
C6orf132	chr6	42101118	41502	-
C6orf136	chr6	30647132	6075	+
C6orf141	chr6	49550667	1428	+
C6orf15	chr6	31111222	1353	-
C6orf163	chr6	87344812	20651	+
C6orf47	chr6	31658297	2481	-
C6orf52	chr6	10671421	23195	-
C6orf58	chr6	127577173	14647	+
C6orf62	chr6	24704860	14294	-
C6orf89	chr6	36885951	43013	+
C7	chr5	40909496	75147	+
C7orf25	chr7	42909272	2798	-
C7orf33	chr7	148590765	25095	+
C7orf57	chr7	48035542	25755	+
C7orf78	chr7	12504440	36830	+
C8A	chr1	56854796	63427	+
C8B	chr1	56929206	36809	-
C8G	chr9	136945242	1733	+
C8orf33	chr8	145052466	3564	+
C8orf34	chr8	68330954	488069	+
C8orf48	chr8	13566868	1420	+
C8orf58	chr8	22599598	4544	+
C8orf74	chr8	10672627	27963	+
C8orf76	chr8	123219966	21411	-
C8orf82	chr8	144525732	3379	-
C8orf88	chr8	90958470	26768	-
C8orf89	chr8	73241330	18200	-
C8orf90	chr8	141514670	4059	+
C9	chr5	39284139	80356	-
C9orf152	chr9	110199560	8599	-
C9orf153	chr9	86220264	39393	-
C9orf40	chr9	74946582	6330	-
C9orf43	chr9	113410746	18944	+
C9orf50	chr9	129612224	8877	-
C9orf57	chr9	72051375	9238	-
C9orf72	chr9	27546545	26936	-
C9orf78	chr9	129827289	7986	-
C9orf85	chr9	71911638	61819	+
CA1	chr8	85327607	50506	-
CA10	chr17	51630319	528395	-
CA11	chr19	48637945	8242	-
CA12	chr15	63321377	60469	-
CA13	chr8	85245457	38616	+
CA14	chr1	150257773	7305	+
CA2	chr8	85464006	17487	+
CA3	chr8	85438858	10182	+
CA4	chr17	60149972	9574	+
CA5A	chr16	87888012	48517	-
CA5B	chrX	15738269	50142	+
CA6	chr1	8945867	29225	+
CA7	chr16	66844413	9734	+
CA8	chr8	60185411	95989	-
CA9	chr9	35673927	7232	+
CAAP1	chr9	26840684	52118	-
CAB39	chr2	230712841	108234	+
CAB39L	chr13	49308649	135415	-
CABCOCO1	chr10	61662928	103838	+
CABIN1	chr22	24011303	167325	+
CABLES1	chr18	23135484	124986	+
CABLES2	chr20	62388633	18652	-
CABP1	chr12	120640625	26699	+
CABP2	chr11	67518911	4535	-
CABP4	chr11	67455353	6399	+
CABP5	chr19	48029382	14697	-
CABP7	chr22	29720002	11831	+
CABS1	chr4	70334980	2136	+
CABYR	chr18	24139061	22539	+
CACFD1	chr9	133459977	10871	+
CACHD1	chr1	64470128	222925	+
CACNA1A	chr19	13206441	300038	-
CACNA1B	chr9	137877781	246838	+
CACNA1C	chr12	2052986	644964	+
CACNA1D	chr3	53494610	319123	+
CACNA1E	chr1	181483516	324568	+
CACNA1F	chrX	49205062	28278	-
CACNA1G	chr17	50560714	66760	+
CACNA1H	chr16	1153105	68663	+
CACNA1I	chr22	39570752	118983	+
CACNA1S	chr1	201039511	72915	-
CACNA2D1	chr7	81946443	497334	-
CACNA2D2	chr3	50362612	141022	-
CACNA2D3	chr3	54122551	952006	+
CACNA2D4	chr12	1791962	126690	-
CACNB1	chr17	39173452	24217	-
CACNB2	chr10	18140423	403134	+
CACNB3	chr12	48818495	10446	+
CACNB4	chr2	151832770	266274	-
CACNG1	chr17	67044553	12244	+
CACNG2	chr22	36560856	142896	-
CACNG3	chr16	24256334	106078	+
CACNG4	chr17	66964706	68692	+
CACNG5	chr17	66835116	59635	+
CACNG6	chr19	53991636	21030	+
CACNG7	chr19	53909277	34673	+
CACNG8	chr19	53962936	27279	+
CACTIN	chr19	3610644	16146	-
CACUL1	chr10	118676410	78560	-
CACYBP	chr1	174999946	12081	+
CAD	chr2	27217368	26575	+
CADM1	chr11	115169235	335180	-
CADM2	chr3	84958988	1115441	+
CADM3	chr1	159171614	31699	+
CADM4	chr19	43622367	17483	-
CADPS	chr3	62398347	477069	-
CADPS2	chr7	122318410	568050	-
CAGE1	chr6	7326658	63084	-
CALB1	chr8	90058607	24272	-
CALB2	chr16	71358722	31711	+
CALCA	chr11	14968500	3851	-
CALCB	chr11	15073592	5045	+
CALCOCO1	chr12	53708516	18936	-
CALCOCO2	chr17	48831034	34211	+
CALCR	chr7	93424485	150239	-
CALCRL	chr2	187341963	106289	-
CALD1	chr7	134779633	191096	+
CALHM1	chr10	103453239	5661	-
CALHM2	chr10	103446785	5585	-
CALHM3	chr10	103472803	6437	-
CALHM4	chr6	116553750	7377	+
CALHM5	chr6	116511638	13150	+
CALHM6	chr6	116461374	2397	+
CALM1	chr14	90397028	11240	+
CALM2	chr2	47160083	16428	-
CALM3	chr19	46601329	9453	+
CALML3	chr10	5524960	1811	+
CALML4	chr15	68190704	14628	-
CALML5	chr10	5498696	874	-
CALML6	chr1	1915259	2037	+
CALN1	chr7	71779490	632848	-
CALR	chr19	12938608	5881	+
CALR3	chr19	16479060	17107	-
CALU	chr7	128739358	34042	+
CALY	chr10	133324071	12825	-
CAMK1	chr3	9757346	12601	-
CAMK1D	chr10	12349546	485999	+
CAMK1G	chr1	209583713	30226	+
CAMK2A	chr5	150219490	70283	-
CAMK2B	chr7	44217153	108441	-
CAMK2D	chr4	113451031	310707	-
CAMK2G	chr10	73812500	62055	-
CAMK2N1	chr1	20482390	3820	-
CAMK2N2	chr3	184259212	2341	-
CAMK4	chr5	111224383	270503	+
CAMKK1	chr17	3860314	32739	-
CAMKK2	chr12	121237691	59018	-
CAMKMT	chr2	44361946	410646	+
CAMKV	chr3	49857988	11918	-
CAMLG	chr5	134738547	13610	+
CAMP	chr3	48223494	1991	+
CAMSAP1	chr9	135808486	99060	-
CAMSAP2	chr1	200738892	121812	+
CAMSAP3	chr19	7595862	22442	+
CAMTA1	chr1	6785453	984253	+
CAMTA2	chr17	4967996	19679	-
CAND1	chr12	67269357	50596	+
CAND2	chr3	12796679	38124	+
CANT1	chr17	78991715	18049	-
CANX	chr5	179698966	32675	+
CAP1	chr1	40040728	31920	+
CAP2	chr6	17393594	164186	+
CAPG	chr2	85394752	15614	-
CAPN1	chr11	65181927	30079	+
CAPN10	chr2	240586733	12371	+
CAPN11	chr6	44158819	25582	+
CAPN12	chr19	38730191	14283	-
CAPN13	chr2	30722770	84676	-
CAPN14	chr2	31173055	44460	-
CAPN15	chr16	527711	26925	+
CAPN2	chr1	223712538	63480	+
CAPN3	chr15	42359500	52817	+
CAPN5	chr11	77066970	59185	+
CAPN6	chrX	111245098	25385	-
CAPN7	chr3	15206245	46671	+
CAPN8	chr1	223541615	124086	-
CAPN9	chr1	230747387	54602	+
CAPNS1	chr19	36140065	10288	+
CAPNS2	chr16	55566683	1004	+
CAPRIN1	chr11	34051730	50880	+
CAPRIN2	chr12	30709552	45399	-
CAPS	chr19	5914253	1958	+
CAPS2	chr12	75275978	54346	-
CAPSL	chr5	35904287	34335	-
CAPZA1	chr1	112619831	51785	+
CAPZA2	chr7	116862586	59463	+
CAPZA3	chr12	18738118	1070	+
CAPZB	chr1	19338774	146765	-
CARD10	chr22	37490361	29054	-
CARD11	chr7	2906141	137726	-
CARD14	chr17	80170029	39302	+
CARD16	chr11	105041562	3773	-
CARD18	chr11	105137713	2056	-
CARD19	chr9	93096216	17067	+
CARD6	chr5	40841366	13988	+
CARD8	chr19	48208085	47827	-
CARD9	chr9	136363955	9714	-
CARF	chr2	202912274	75989	+
CARHSP1	chr16	8852946	16060	-
CARM1	chr19	10871552	51523	+
CARMIL1	chr6	25279373	341157	+
CARMIL2	chr16	67645143	12426	+
CARMIL3	chr14	24052008	17721	+
CARNMT1	chr9	74980789	47504	-
CARNS1	chr11	67415677	9927	+
CARS1	chr11	3000928	56495	-
CARS2	chr13	110641416	64700	-
CARTPT	chr5	71719274	1771	+
CASC3	chr17	40140536	31635	+
CASD1	chr7	94509808	47211	+
CASK	chrX	41514933	408621	-
CASKIN1	chr16	2177179	19426	-
CASKIN2	chr17	75500260	15277	-
CASP1	chr11	105025507	9637	-
CASP10	chr2	201183140	38525	+
CASP14	chr19	15049479	8814	+
CASP2	chr7	143288350	19346	+
CASP3	chr4	184627695	21752	-
CASP4	chr11	104942865	25709	-
CASP5	chr11	104994242	28926	-
CASP6	chr4	109688627	14818	-
CASP7	chr10	113679911	50994	+
CASP8	chr2	201260535	27174	+
CASP8AP2	chr6	89829879	44557	+
CASP9	chr1	15491400	32815	-
CASQ1	chr1	160190574	11312	+
CASQ2	chr1	115700020	68694	-
CASR	chr3	122183667	107962	+
CASS4	chr20	56412259	48123	+
CAST	chr5	96662375	112308	+
CASTOR1	chr22	30285116	4389	-
CASTOR2	chr7	74964704	66824	+
CASZ1	chr1	10636603	160043	-
CAT	chr11	34438933	33127	+
CATIP	chr2	218356856	11238	+
CATSPER1	chr11	66016751	9728	-
CATSPER2	chr15	43628502	20342	-
CATSPER3	chr5	134967906	43790	+
CATSPER4	chr1	26190601	12363	+
CATSPERB	chr14	91580697	151389	-
CATSPERD	chr19	5720636	58098	+
CATSPERE	chr1	244461272	179232	+
CATSPERG	chr19	38335829	35114	+
CATSPERH	chr11	65088375	735	-
CATSPERQ	chr8	144353227	1704	-
CATSPERT	chr2	201487420	131758	-
CATSPERZ	chr11	64300357	4413	+
CAV1	chr7	116525035	36144	+
CAV2	chr7	116499737	8804	+
CAV3	chr3	8733801	12957	+
CAVIN1	chr17	42402448	20808	-
CAVIN2	chr2	191834309	12779	-
CAVIN3	chr11	6318945	1556	-
CAVIN4	chr9	100578078	10311	+
CBARP	chr19	1228286	9719	-
CBFA2T2	chr20	33490095	159935	+
CBFA2T3	chr16	88874857	102350	-
CBFB	chr16	67029148	71910	+
CBL	chr11	119206338	101811	+
CBLB	chr3	105655460	213552	-
CBLC	chr19	44777889	22763	+
CBLIF	chr11	59829272	16227	-
CBLL1	chr7	107744141	17526	+
CBLL2	chrX	22272912	1549	+
CBLN1	chr16	49277916	3922	-
CBLN2	chr18	72536680	7662	-
CBLN3	chr14	24426544	3124	-
CBLN4	chr20	55997356	8163	-
CBR1	chr21	36070023	3141	+
CBR3	chr21	36135078	11484	+
CBR4	chr4	168987589	22666	-
CBS	chr21	43053190	22645	-
CBX1	chr17	48070058	31420	-
CBX2	chr17	79778147	9836	+
CBX3	chr7	26201744	11863	+
CBX4	chr17	79833155	6285	-
CBX5	chr12	54230941	49181	-
CBX6	chr22	38861421	10795	-
CBX7	chr22	39130771	21909	-
CBX8	chr17	79792131	4946	-
CBY1	chr22	38656637	17213	+
CBY2	chr13	45702319	12240	+
CBY3	chr5	179678559	2475	-
CC2D1A	chr19	13906200	24679	+
CC2D1B	chr1	52350596	15609	-
CC2D2A	chr4	15469881	131671	+
CC2D2B	chr10	95907974	125771	+
CCAR1	chr10	68721238	71139	+
CCAR2	chr8	22604756	15715	+
CCAT2	chr8	127400398	1752	+
CCBE1	chr18	59430938	266485	-
CCDC102A	chr16	57512180	24391	-
CCDC102B	chr18	68798079	257110	+
CCDC106	chr19	55648211	4950	+
CCDC107	chr9	35658291	3220	+
CCDC110	chr4	185445181	26552	-
CCDC112	chr5	115267189	29465	-
CCDC116	chr22	21632759	4570	+
CCDC117	chr22	28772694	16601	+
CCDC12	chr3	46921729	55016	-
CCDC120	chrX	49058998	10856	+
CCDC121	chr2	27625637	3375	-
CCDC122	chr13	43836351	43389	-
CCDC124	chr19	17933014	10971	+
CCDC125	chr5	69280174	52627	-
CCDC126	chr7	23597381	47327	+
CCDC127	chr5	196867	21286	-
CCDC13	chr3	42705755	67498	-
CCDC134	chr22	41800678	31486	+
CCDC136	chr7	128791967	30163	+
CCDC137	chr17	81666736	7163	+
CCDC138	chr2	108786770	89808	+
CCDC14	chr3	123913421	47808	-
CCDC141	chr2	178829756	220381	-
CCDC142	chr2	74472831	10167	-
CCDC144A	chr17	16690240	87641	+
CCDC146	chr7	77122614	172590	+
CCDC148	chr2	158171072	285681	-
CCDC149	chr4	24803513	109529	-
CCDC15	chr11	124954201	87288	+
CCDC150	chr2	196639714	93087	+
CCDC152	chr5	42756817	45622	+
CCDC154	chr16	1434382	10174	-
CCDC157	chr22	30357006	21667	+
CCDC158	chr4	76313038	108103	-
CCDC159	chr19	11346518	8426	+
CCDC160	chrX	134237181	9661	+
CCDC163	chr1	45493865	6208	-
CCDC166	chr8	143706693	1416	-
CCDC167	chr6	37482937	16956	-
CCDC169	chr13	36230774	67040	-
CCDC17	chr1	45620043	4011	-
CCDC170	chr6	151494016	127177	+
CCDC171	chr9	15553042	420995	+
CCDC172	chr10	116324447	55582	+
CCDC174	chr3	14651761	20894	+
CCDC175	chr14	59505066	71746	-
CCDC177	chr14	69569798	5073	-
CCDC178	chr18	32937405	503316	-
CCDC179	chr11	22846921	13553	-
CCDC18	chr1	93180723	98007	+
CCDC180	chr9	97307658	71093	+
CCDC181	chr1	169394869	32605	-
CCDC182	chr17	57744494	805	-
CCDC183	chr9	136796337	11404	+
CCDC184	chr12	48183643	2283	+
CCDC185	chr1	223393414	2051	+
CCDC186	chr10	114120861	53342	-
CCDC187	chr9	136249972	54122	-
CCDC188	chr22	20148415	2640	-
CCDC190	chr1	162851019	10156	-
CCDC191	chr3	113964136	92390	-
CCDC192	chr5	127703390	238117	+
CCDC194	chr19	17387195	7001	-
CCDC195	chr2	224703763	12602	-
CCDC196	chr14	66486370	12183	+
CCDC197	chr14	93997300	11563	+
CCDC198	chr14	57469299	24558	-
CCDC200	chr17	43221419	7204	-
CCDC201	chr7	45859993	13089	-
CCDC22	chrX	49235469	15051	+
CCDC24	chr1	43991598	4930	+
CCDC25	chr8	27733315	39325	-
CCDC27	chr1	3752449	19196	+
CCDC28A	chr6	138773768	19551	+
CCDC28B	chr1	32200594	4793	+
CCDC3	chr10	12896624	105089	-
CCDC30	chr1	42463285	193905	+
CCDC32	chr15	40553098	11944	-
CCDC33	chr15	74236325	99816	+
CCDC34	chr11	27338511	24704	-
CCDC38	chr12	95867047	75567	-
CCDC39	chr3	180614007	65482	-
CCDC40	chr17	80036641	63972	+
CCDC42	chr17	8729934	14902	-
CCDC43	chr17	44677439	12337	-
CCDC47	chr17	63745254	28343	-
CCDC50	chr3	191329393	69266	+
CCDC51	chr3	48432172	7947	-
CCDC54	chr3	107377438	1197	+
CCDC57	chr17	82101469	111373	-
CCDC59	chr12	82352302	6085	-
CCDC6	chr10	59788746	117810	-
CCDC60	chr12	119334728	206312	+
CCDC61	chr19	45995466	23150	+
CCDC62	chr12	122774571	52957	+
CCDC63	chr12	110846986	60549	+
CCDC66	chr3	56557174	64663	+
CCDC68	chr18	54901508	57953	-
CCDC69	chr5	151181051	43041	-
CCDC7	chr10	32446139	436725	+
CCDC70	chr13	51861968	4264	+
CCDC71	chr3	49162534	3797	-
CCDC71L	chr7	106654359	6799	-
CCDC73	chr11	32602720	191942	-
CCDC74A	chr2	131527887	5779	+
CCDC74B	chr2	130139286	5826	-
CCDC77	chr12	401643	40999	+
CCDC78	chr16	722581	3862	-
CCDC8	chr19	46410328	3236	-
CCDC80	chr3	112596796	44347	-
CCDC81	chr11	86374886	48220	+
CCDC82	chr11	96352772	37140	-
CCDC83	chr11	85855382	64631	+
CCDC85A	chr2	56183989	202183	+
CCDC85B	chr11	65890672	963	+
CCDC85C	chr14	99500189	104018	-
CCDC86	chr11	60842112	8969	+
CCDC87	chr11	66590175	2888	-
CCDC88A	chr2	55287841	132015	-
CCDC88B	chr11	64340203	17331	+
CCDC88C	chr14	91271322	146498	-
CCDC89	chr11	85683847	2348	-
CCDC9	chr19	47256524	15429	+
CCDC90B	chr11	83259080	27287	-
CCDC91	chr12	28190455	359711	+
CCDC92	chr12	123935625	37206	-
CCDC92B	chr17	2720800	28852	-
CCDC93	chr2	117915480	98590	-
CCDC97	chr19	41310171	14702	+
CCDC9B	chr15	40331451	9488	-
CCER1	chr12	90952214	2962	-
CCER2	chr19	38908979	3207	-
CCHCR1	chr6	31142438	15364	-
CCIN	chr9	36169387	1947	+
CCK	chr3	42257825	8360	-
CCKAR	chr4	26481395	9089	-
CCKBR	chr11	6259837	12290	+
CCL1	chr17	34360327	2906	-
CCL11	chr17	34285741	2593	+
CCL13	chr17	34356479	2131	+
CCL14	chr17	35983287	3442	-
CCL15	chr17	35997581	3972	-
CCL16	chr17	35976498	4999	-
CCL17	chr16	57404766	11297	+
CCL18	chr17	36064271	7761	+
CCL19	chr9	34689569	1707	-
CCL2	chr17	34255284	1919	+
CCL20	chr2	227813841	3715	+
CCL21	chr9	34709004	1132	-
CCL22	chr16	57358782	7407	+
CCL23	chr17	36013057	4915	-
CCL24	chr7	75810824	2982	-
CCL25	chr19	8052759	9891	+
CCL26	chr7	75769537	2674	-
CCL27	chr9	34661889	768	-
CCL28	chr5	43379192	33199	-
CCL3	chr17	36088255	1888	-
CCL3L3	chr17	36194868	1890	-
CCL4	chr17	36103826	1788	+
CCL4L2	chr17	36211062	1811	+
CCL5	chr17	35871490	8870	-
CCL7	chr17	34270220	2022	+
CCL8	chr17	34319434	1968	+
CCM2	chr7	45000200	76253	+
CCM2L	chr20	32010437	21743	+
CCN1	chr1	85580760	3190	+
CCN2	chr6	131948175	3197	-
CCN3	chr8	119416445	7989	+
CCN4	chr8	133191038	40652	+
CCN5	chr20	44715368	12443	+
CCN6	chr6	112054103	15583	+
CCNA1	chr13	36432494	10376	+
CCNA2	chr4	121816443	7440	-
CCNB1	chr5	69167149	11096	+
CCNB1IP1	chr14	20311369	21910	-
CCNB2	chr15	59105145	19900	+
CCNB3	chrX	50204764	147150	+
CCNC	chr6	99542386	26274	-
CCND1	chr11	69641155	13319	+
CCND2	chr12	4273761	31592	+
CCND3	chr6	41934951	6857	-
CCNDBP1	chr15	43185402	11775	+
CCNE1	chr19	29811990	12322	+
CCNE2	chr8	94880223	14978	-
CCNF	chr16	2429446	29408	+
CCNG1	chr5	163437594	7422	+
CCNG2	chr4	77157206	12854	+
CCNH	chr5	87394273	18657	-
CCNI	chr4	77047154	28835	-
CCNI2	chr5	132747425	6978	+
CCNJ	chr10	96043582	17288	+
CCNJL	chr5	160249082	63482	-
CCNK	chr14	99481408	31032	+
CCNL1	chr3	157147552	12595	-
CCNL2	chr1	1385710	13625	-
CCNO	chr5	55231151	2457	-
CCNP	chr19	40222207	4482	-
CCNQ	chrX	153587924	11215	-
CCNT1	chr12	48688457	28250	-
CCNT2	chr2	134918821	40521	+
CCNY	chr10	35336508	236159	+
CCNYL1	chr2	207711639	44535	+
CCP110	chr16	19523941	29467	+
CCPG1	chr15	55355238	53121	-
CCR1	chr3	46201710	6603	-
CCR10	chr17	42678888	2955	-
CCR2	chr3	46354110	6830	+
CCR3	chr3	46242459	24247	+
CCR4	chr3	32951643	4706	+
CCR5	chr3	46370945	5261	+
CCR5AS	chr3	46363983	43083	-
CCR6	chr6	167123095	16046	+
CCR7	chr17	40553768	11704	-
CCR8	chr3	39329708	3972	+
CCR9	chr3	45886542	16632	+
CCRL2	chr3	46407258	2265	+
CCS	chr11	66593184	12835	+
CCSAP	chr1	229321014	22033	-
CCSER1	chr4	90127393	1477902	+
CCSER2	chr10	84328588	189929	+
CCT2	chr12	69585458	16112	+
CCT3	chr1	156308967	29325	-
CCT4	chr2	61868084	20572	-
CCT5	chr5	10250279	16110	+
CCT6A	chr7	56051764	12225	+
CCT6B	chr17	34927860	33600	-
CCT7	chr2	73234307	18698	+
CCT8	chr21	29056325	17323	-
CCT8L2	chr22	16590750	2060	-
CCZ1	chr7	5898732	27818	+
CCZ1B	chr7	6798936	27339	-
CD101	chr1	117001759	34793	+
CD109	chr6	73696202	132111	+
CD14	chr5	140631731	1444	-
CD151	chr11	832951	5880	+
CD160	chr1	145719498	19790	+
CD163	chr12	7470810	32967	-
CD163L1	chr12	7354959	89194	-
CD164	chr6	109366513	15954	-
CD164L2	chr1	27379175	4158	-
CD177	chr19	43353685	9487	+
CD180	chr5	67179612	17187	-
CD19	chr16	28931970	7372	+
CD1A	chr1	158254423	3846	+
CD1B	chr1	158327954	3577	-
CD1C	chr1	158289922	4852	+
CD1D	chr1	158180894	5533	+
CD1E	chr1	158353893	3660	+
CD2	chr1	116754429	14800	+
CD200	chr3	112333155	29657	+
CD200R1	chr3	112921204	53899	-
CD200R1L	chr3	112815710	31154	-
CD207	chr2	70830210	5606	-
CD209	chr19	7739992	7542	-
CD22	chr19	35329186	18175	+
CD226	chr18	69853273	94600	-
CD24	chr6	106969830	4899	-
CD244	chr1	160830159	32728	-
CD247	chr1	167430639	87890	-
CD248	chr11	66314493	2551	-
CD27	chr12	6444954	6759	+
CD274	chr9	5450541	20013	+
CD276	chr15	73684382	30132	+
CD28	chr2	203706638	32274	+
CD2AP	chr6	47477788	149475	+
CD2BP2	chr16	30350772	4536	-
CD300A	chr17	74466633	18161	+
CD300C	chr17	74541072	5043	-
CD300E	chr17	74609884	13854	-
CD300H	chr17	74560170	7339	-
CD300LB	chr17	74521173	10302	-
CD300LD	chr17	74579364	12919	-
CD300LF	chr17	74694316	18607	-
CD300LG	chr17	43847175	16464	+
CD302	chr2	159768627	29581	-
CD320	chr19	8302126	6232	-
CD33	chr19	51225079	14937	+
CD34	chr1	207880971	30154	-
CD36	chr7	80638641	40633	+
CD37	chr19	49335405	5201	+
CD38	chr4	15778327	74905	+
CD3D	chr11	118339074	3631	-
CD3E	chr11	118304729	11444	+
CD3G	chr11	118344343	10818	+
CD4	chr12	6789527	31272	+
CD40	chr20	46118313	11545	+
CD40LG	chrX	136648157	12233	+
CD44	chr11	35139170	93232	+
CD46	chr1	207752053	43451	+
CD47	chr3	108043090	47941	-
CD48	chr1	160678745	33077	-
CD5	chr11	61102488	25364	+
CD52	chr1	26317957	2566	+
CD53	chr1	110873147	26775	+
CD55	chr1	207321677	39289	+
CD58	chr1	116514533	56493	-
CD59	chr11	33703009	33414	-
CD5L	chr1	157830910	10898	-
CD6	chr11	60971679	48698	+
CD63	chr12	55725322	3687	-
CD68	chr17	7579637	2474	+
CD69	chr12	9752485	8416	-
CD7	chr17	82314872	2736	-
CD70	chr19	6585838	5312	-
CD72	chr9	35609981	8432	-
CD74	chr5	150401638	11272	-
CD79A	chr19	41877278	4094	+
CD79B	chr17	63928739	3592	-
CD80	chr3	119524292	35322	-
CD81	chr11	2377309	20088	+
CD82	chr11	44565662	54696	+
CD83	chr6	14117771	19135	+
CD84	chr1	160541097	38399	-
CD86	chr3	122055361	65775	+
CD8A	chr2	86784609	6304	-
CD8B	chr2	86838166	23720	-
CD8B2	chr2	106487363	23732	+
CD9	chr12	6200399	37867	+
CD93	chr20	23079359	6965	-
CD96	chr3	111542196	110176	+
CD99	chrX	2691294	50015	+
CD99L2	chrX	150766335	132333	-
CDA	chr1	20589096	29807	+
CDADC1	chr13	49247924	45561	+
CDAN1	chr15	42723543	13585	-
CDC123	chr10	12196187	54402	+
CDC14A	chr1	100352505	167772	+
CDC14B	chr9	96500112	119731	-
CDC14C	chr7	48924546	2908	+
CDC16	chr13	114234896	37827	+
CDC20	chr1	43358980	4223	+
CDC20B	chr5	55112970	60207	-
CDC23	chr5	138187649	25674	-
CDC25A	chr3	48157145	31272	-
CDC25B	chr20	3796309	9806	+
CDC25C	chr5	138285268	46536	-
CDC26	chr9	113266991	8581	-
CDC27	chr17	47117702	71593	-
CDC34	chr19	531759	10328	+
CDC37	chr19	10391132	12410	-
CDC37L1	chr9	4679568	28831	+
CDC40	chr6	110180426	51806	+
CDC42	chr1	22052708	48652	+
CDC42BPA	chr1	226989864	328628	-
CDC42BPB	chr14	102932379	125170	-
CDC42BPG	chr11	64823051	21602	-
CDC42EP1	chr22	37560479	8926	+
CDC42EP2	chr11	65314865	7552	+
CDC42EP3	chr2	37641943	29699	-
CDC42EP4	chr17	73283623	28378	-
CDC42EP5	chr19	54465025	8271	-
CDC42SE1	chr1	151050984	8638	-
CDC42SE2	chr5	131264052	130620	+
CDC45	chr22	19479919	40689	+
CDC5L	chr6	44387705	62720	+
CDC6	chr17	40287878	16779	+
CDC7	chr1	91500850	24914	+
CDC73	chr1	193122030	132785	+
CDCA2	chr8	25459232	48679	+
CDCA3	chr12	6848827	2459	-
CDCA4	chr14	105009572	11511	-
CDCA5	chr11	65077452	6588	-
CDCA7	chr2	173354871	14126	+
CDCA7L	chr7	21900898	45001	-
CDCA8	chr1	37692515	17204	+
CDCP1	chr3	45082276	64102	-
CDCP2	chr1	54132686	20314	-
CDH1	chr16	68737291	98246	+
CDH10	chr5	24487099	157879	-
CDH11	chr16	64943752	178311	-
CDH12	chr5	21750672	1102672	-
CDH13	chr16	82626968	1173672	+
CDH15	chr16	89171747	23745	+
CDH16	chr16	66908121	10764	-
CDH17	chr8	94127161	81394	-
CDH18	chr5	19471295	516905	-
CDH19	chr18	66501082	103008	-
CDH2	chr18	27950965	226165	-
CDH20	chr18	61333429	222350	+
CDH22	chr20	46173738	134760	-
CDH23	chr10	71396919	419028	+
CDH24	chr14	23047066	10454	-
CDH26	chr20	59958422	56107	+
CDH3	chr16	68645309	54983	+
CDH4	chr20	61252260	688357	+
CDH5	chr16	66366690	38094	+
CDH6	chr5	31193685	135461	+
CDH7	chr18	65751011	139326	+
CDH8	chr16	61647249	389189	-
CDH9	chr5	26880596	157990	-
CDHR1	chr10	84194536	24158	+
CDHR2	chr5	176549341	46483	+
CDHR3	chr7	105963263	73169	+
CDHR4	chr3	49790731	9142	-
CDHR5	chr11	616582	8373	-
CDIN1	chr15	36579625	230619	+
CDIP1	chr16	4510668	28105	-
CDIPT	chr16	29858356	4870	-
CDK1	chr10	60778477	16375	+
CDK10	chr16	89686688	9666	+
CDK11A	chr1	1702378	21979	-
CDK11B	chr1	1635224	23780	-
CDK12	chr17	39461485	73059	+
CDK13	chr7	39950255	149325	+
CDK14	chr7	90596320	614270	+
CDK15	chr2	201806536	89014	+
CDK16	chrX	47218680	11317	+
CDK17	chr12	96278260	122179	-
CDK18	chr1	205504668	28122	+
CDK19	chr6	110609977	205492	-
CDK2	chr12	55966829	5960	+
CDK20	chr9	87966440	8093	-
CDK2AP1	chr12	123260975	10881	-
CDK2AP2	chr11	67506496	1666	-
CDK3	chr17	76000854	5144	+
CDK4	chr12	57747726	4584	-
CDK5	chr7	151053814	4083	-
CDK5R1	chr17	32486992	4261	+
CDK5R2	chr2	218959665	2490	+
CDK5RAP1	chr20	33358838	42681	-
CDK5RAP2	chr9	120388874	191293	-
CDK5RAP3	chr17	47971112	10669	+
CDK6	chr7	92604920	231653	-
CDK7	chr5	69234885	42545	+
CDK8	chr13	26254128	151110	+
CDK9	chr9	127786033	4759	+
CDKAL1	chr6	20534456	697948	+
CDKL1	chr14	50326264	70617	-
CDKL2	chr4	75576495	54033	-
CDKL3	chr5	134298423	68748	-
CDKL4	chr2	39175645	68325	-
CDKL5	chrX	18425607	214589	+
CDKN1A	chr6	36678713	8619	+
CDKN1B	chr12	12717367	5002	+
CDKN1C	chr11	2883217	2558	-
CDKN2A	chr9	21967751	7106	-
CDKN2AIP	chr4	183444635	4429	+
CDKN2AIPNL	chr5	134402064	9817	-
CDKN2B	chr9	22002902	6403	-
CDKN2B-AS1	chr9	21994790	125923	+
CDKN2C	chr1	50970244	4390	+
CDKN2D	chr19	10566459	2520	-
CDKN3	chr14	54397006	23212	+
CDNF	chr10	14819244	18793	-
CDO1	chr5	115804732	11927	-
CDON	chr11	125956820	106046	-
CDPF1	chr22	46244012	6281	-
CDR2	chr16	22345935	28684	-
CDR2L	chr17	74987631	18169	+
CDRT15	chr17	14235672	1190	-
CDRT15L2	chr17	20579723	1188	+
CDRT4	chr17	15436014	31607	-
CDS1	chr4	84583126	68208	+
CDS2	chr20	5127007	70880	+
CDSN	chr6	31115086	5360	-
CDT1	chr16	88803788	5470	+
CDV3	chr3	133573685	16576	+
CDX1	chr5	150166777	17781	+
CDX2	chr13	27960917	8398	-
CDX4	chrX	73447052	8119	+
CDY1	chrY	25622116	2786	+
CDY1B	chrY	24045792	2227	-
CDY2A	chrY	18025786	1960	+
CDY2B	chrY	17878259	1961	-
CDYL	chr6	4776403	179141	+
CDYL2	chr16	80597906	206692	-
CEACAM1	chr19	42507305	21176	-
CEACAM16	chr19	44699150	11568	+
CEACAM18	chr19	51478538	12763	+
CEACAM19	chr19	44671481	12874	+
CEACAM20	chr19	44506158	23517	-
CEACAM21	chr19	41576165	10679	+
CEACAM3	chr19	41796586	14968	+
CEACAM4	chr19	41619014	8060	-
CEACAM5	chr19	41708625	21808	+
CEACAM6	chr19	41755529	16682	+
CEACAM7	chr19	41673302	14968	-
CEACAM8	chr19	42580242	14682	-
CEBPA	chr19	33299933	2601	-
CEBPB	chr20	50190829	1839	+
CEBPD	chr8	47736912	1252	-
CEBPE	chr14	23117305	1950	-
CEBPG	chr19	33373708	8978	+
CEBPZ	chr2	37201611	29985	-
CEBPZOS	chr2	37196495	8248	+
CECR2	chr22	17369459	188692	+
CEL	chr9	133061980	9881	+
CELA1	chr12	51328441	18238	-
CELA2A	chr1	15456731	15360	+
CELA2B	chr1	15476103	15292	+
CELA3A	chr1	22001656	10886	+
CELA3B	chr1	21977021	12333	+
CELF1	chr11	47465936	87196	-
CELF2	chr10	11017871	318804	+
CELF3	chr1	151700057	16746	-
CELF4	chr18	37243039	322759	-
CELF5	chr19	3224660	72416	+
CELF6	chr15	72284726	35431	-
CELSR1	chr22	46361173	176447	-
CELSR2	chr1	109249538	26213	+
CELSR3	chr3	48636462	26424	-
CEMIP	chr15	80779369	172402	+
CEMIP2	chr9	71683365	85148	-
CEMP1	chr16	2530034	1374	-
CENATAC	chr11	118998137	17656	+
CEND1	chr11	787114	2976	-
CENPA	chr2	26786055	8534	+
CENPB	chr20	3783850	2890	-
CENPC	chr4	67468761	76742	-
CENPE	chr4	103105810	92533	-
CENPF	chr1	214603194	61377	+
CENPH	chr5	69189582	20775	+
CENPI	chrX	101098203	67923	+
CENPK	chr5	65517765	45403	-
CENPL	chr1	173799549	25334	-
CENPM	chr22	41938736	8416	-
CENPN	chr16	81007213	24272	+
CENPO	chr2	24793424	28952	+
CENPP	chr9	92325952	294577	+
CENPQ	chr6	49463369	29738	+
CENPS	chr1	10430432	12376	+
CENPT	chr16	67828156	19537	-
CENPU	chr4	184694084	40012	-
CENPV	chr17	16342536	10933	-
CENPVL1	chrX	51710511	1620	+
CENPVL2	chrX	51681211	1620	-
CENPVL3	chrX	51617019	1893	-
CENPW	chr6	126340114	8761	+
CENPX	chr17	82018702	4176	-
CEP104	chr1	3812085	45126	-
CEP112	chr17	65635536	556597	-
CEP120	chr5	123344891	78512	-
CEP126	chr11	101915009	86053	+
CEP128	chr14	80496478	445260	-
CEP131	chr17	81189595	33370	-
CEP135	chr4	55948944	84417	+
CEP15	chr3	62319021	17192	+
CEP152	chr15	48737937	73132	-
CEP162	chr6	84124249	103394	-
CEP164	chr11	117327853	85413	+
CEP170	chr1	243124427	130854	-
CEP170B	chr14	104865267	31480	+
CEP19	chr3	196706276	5974	-
CEP192	chr18	12991361	133675	+
CEP20	chr16	15865718	22885	-
CEP250	chr20	35455597	63683	+
CEP290	chr12	88049015	93073	-
CEP295	chr11	93661681	68677	+
CEP295NL	chr17	78890578	12623	-
CEP350	chr1	179954809	160066	+
CEP41	chr7	130393770	47246	-
CEP43	chr6	166999396	53322	+
CEP44	chr4	174283910	36418	+
CEP55	chr10	93496611	32481	+
CEP57	chr11	95790497	42196	+
CEP57L1	chr6	109095506	78912	+
CEP63	chr3	134486056	78975	+
CEP68	chr2	65056415	30589	+
CEP70	chr3	138494343	99917	-
CEP72	chr5	612339	41214	+
CEP76	chr18	12672624	30099	-
CEP78	chr9	78236074	43616	+
CEP83	chr12	94307697	152170	-
CEP85	chr1	26234199	44609	+
CEP85L	chr6	118460771	190820	-
CEP89	chr19	32875924	96034	-
CEP95	chr17	64506976	30970	+
CEP97	chr3	101724613	45949	+
CEPT1	chr1	111140222	44882	+
CER1	chr9	14719723	3010	-
CERCAM	chr9	128420856	16491	+
CERK	chr22	46684409	53843	-
CERKL	chr2	181536671	120434	-
CERS1	chr19	18868544	27614	-
CERS2	chr1	150965185	9650	-
CERS3	chr15	100400394	128556	-
CERS4	chr19	8209369	53052	+
CERS5	chr12	50129288	38081	-
CERS6	chr2	168456271	318863	+
CERT1	chr5	75377774	133855	-
CES1	chr16	55802850	30246	-
CES2	chr16	66935515	9581	+
CES3	chr16	66961265	13884	+
CES4A	chr16	66988588	21829	+
CES5A	chr16	55846153	29220	-
CETN1	chr18	580379	1735	+
CETN2	chrX	152826993	3764	-
CETN3	chr5	90392256	17500	-
CETP	chr16	56961949	21896	+
CFAP100	chr3	126394908	41648	+
CFAP107	chr1	12746199	17500	+
CFAP119	chr16	30757422	4640	-
CFAP126	chr1	161364732	3144	-
CFAP141	chr1	154199084	7249	-
CFAP144	chr1	43147903	8493	+
CFAP157	chr9	127706987	9015	+
CFAP161	chr15	81134269	14910	+
CFAP184	chr4	7040848	2153	-
CFAP20	chr16	58113591	15790	-
CFAP206	chr6	87407971	56494	+
CFAP20DC	chr3	58742007	308018	-
CFAP210	chr2	169645424	48981	-
CFAP221	chr2	119544448	112213	+
CFAP251	chr12	121918591	85328	+
CFAP263	chr16	58249935	33901	+
CFAP276	chr1	109105950	6797	-
CFAP298	chr21	32599353	13024	-
CFAP299	chr4	80335729	628021	+
CFAP300	chr11	102047436	37118	+
CFAP36	chr2	55519717	25362	+
CFAP410	chr21	44328943	10447	-
CFAP418	chr8	95244912	24289	-
CFAP43	chr10	104129887	102477	-
CFAP44	chr3	113286929	154564	-
CFAP45	chr1	159872363	27802	-
CFAP46	chr10	132808391	134179	-
CFAP47	chrX	35919733	465584	+
CFAP52	chr17	9576641	66806	+
CFAP53	chr18	50227192	39303	-
CFAP54	chr12	96489576	385979	+
CFAP57	chr1	43172329	82029	+
CFAP58	chr10	104353832	101270	+
CFAP61	chr20	20052531	308167	+
CFAP65	chr2	219002845	38671	-
CFAP68	chr11	111879540	6435	+
CFAP69	chr7	90245173	65890	+
CFAP70	chr10	73253761	105103	-
CFAP73	chr12	113149723	9553	+
CFAP74	chr1	1921956	81830	-
CFAP77	chr9	132410210	163109	+
CFAP90	chr5	7830377	20756	-
CFAP91	chr3	119703021	64081	+
CFAP92	chr3	128909872	84204	-
CFAP95	chr9	69820816	85411	+
CFAP96	chr4	185426253	23573	+
CFAP97	chr4	185159664	44336	-
CFAP97D1	chr17	43780434	7186	+
CFAP97D2	chr13	114179256	43829	+
CFAP99	chr4	2418954	44048	+
CFB	chr6	31946094	5990	+
CFC1	chr2	130592164	7411	-
CFC1B	chr2	130521221	7382	+
CFD	chr19	859663	3978	+
CFDP1	chr16	75293709	139794	-
CFH	chr1	196652042	95462	+
CFHR1	chr1	196819730	12459	+
CFHR2	chr1	196943737	15885	+
CFHR3	chr1	196774839	20568	+
CFHR4	chr1	196888051	30582	+
CFHR5	chr1	196977555	32123	+
CFI	chr4	109740694	61305	-
CFL1	chr11	65854672	3508	-
CFL2	chr14	34709112	5481	-
CFLAR	chr2	201116163	60524	+
CFP	chrX	47623281	6649	-
CFTR	chr7	117480024	188641	+
CGA	chr6	87085497	9609	-
CGAS	chr6	73423710	28587	-
CGB1	chr19	49035568	1327	-
CGB2	chr19	49031889	1349	+
CGB3	chr19	49022868	1465	-
CGB5	chr19	49043847	1464	+
CGB7	chr19	49054273	3476	-
CGB8	chr19	49047637	1474	-
CGGBP1	chr3	88051949	7056	-
CGN	chr1	151511386	27306	+
CGNL1	chr15	57376504	174213	+
CGREF1	chr2	27100593	18535	-
CGRRF1	chr14	54509905	29387	+
CH25H	chr10	89205628	1689	-
CHAC1	chr15	40953470	3042	+
CHAC2	chr2	53767803	7393	+
CHAD	chr17	50464495	4385	-
CHADL	chr22	41229512	11419	-
CHAF1A	chr19	4402639	40758	+
CHAF1B	chr21	36385391	33624	+
CHAMP1	chr13	114314502	12820	+
CHAT	chr10	49614036	53906	+
CHCHD1	chr10	73782047	1605	+
CHCHD10	chr22	23765833	2139	-
CHCHD2	chr7	56101572	4904	-
CHCHD3	chr7	132784869	297221	-
CHCHD4	chr3	14112076	12794	-
CHCHD5	chr2	112584608	4432	+
CHCHD6	chr3	126704239	256181	+
CHCHD7	chr8	56211788	7021	+
CHCT1	chr17	60422488	8938	+
CHD1	chr5	98853984	75023	-
CHD1L	chr1	147242683	53079	+
CHD2	chr15	92900323	127673	+
CHD3	chr17	7888788	23967	+
CHD4	chr12	6570081	37298	-
CHD5	chr1	6101786	78535	-
CHD6	chr20	41402082	216295	-
CHD7	chr8	60678739	189289	+
CHD8	chr14	21385198	70925	-
CHD9	chr16	53054990	272507	+
CHD9NB	chr16	53041483	11414	-
CHDH	chr3	53812334	34085	-
CHEK1	chr11	125625162	31985	+
CHEK2	chr22	28687742	54078	-
CHERP	chr19	16517893	24544	-
CHFR	chr12	132832355	55250	-
CHGA	chr14	92923149	12136	+
CHGB	chr20	5911509	13844	+
CHI3L1	chr1	203178930	7774	-
CHI3L2	chr1	111227712	15728	+
CHIA	chr1	111290850	29713	+
CHIC1	chrX	73563196	123915	+
CHIC2	chr4	54009788	54817	-
CHID1	chr11	867858	42952	-
CHIT1	chr1	203216078	13595	-
CHKA	chr11	68052858	68530	-
CHKB	chr22	50578962	3887	-
CHL1	chr3	196762	212655	+
CHLSN	chr7	997005	141242	-
CHM	chrX	85861179	186379	-
CHML	chr1	241628850	11519	-
CHMP1A	chr16	89644434	13274	-
CHMP1B	chr18	11851412	3032	+
CHMP2A	chr19	58551565	3540	-
CHMP2B	chr3	87227308	28248	+
CHMP3	chr2	86503429	60014	-
CHMP4A	chr14	24209614	3874	-
CHMP4B	chr20	33811347	43019	+
CHMP4C	chr8	81732447	27068	+
CHMP5	chr9	33265048	17022	+
CHMP6	chr17	80991840	8293	+
CHMP7	chr8	23243636	18363	+
CHN1	chr2	174798808	206573	-
CHN2	chr7	29194774	319554	+
CHODL	chr21	18244832	22538	+
CHORDC1	chr11	90200428	22621	-
CHP1	chr15	41231267	50620	+
CHP2	chr16	23755025	3910	+
CHPF	chr2	219538953	4856	-
CHPF2	chr7	151232482	6340	+
CHPT1	chr12	101697639	31435	+
CHRAC1	chr8	140511321	5833	+
CHRD	chr3	184380053	9776	+
CHRDL1	chrX	110673855	121962	-
CHRDL2	chr11	74696428	34998	-
CHRFAM7A	chr15	30360565	32975	-
CHRM1	chr11	62908678	12685	-
CHRM2	chr7	136868651	151562	+
CHRM3	chr1	239386567	528883	+
CHRM4	chr11	46383788	7988	-
CHRM5	chr15	33968496	98962	+
CHRNA1	chr2	174747591	16881	-
CHRNA10	chr11	3665586	5798	-
CHRNA2	chr8	27459755	19506	-
CHRNA3	chr15	78595308	25688	-
CHRNA4	chr20	63343222	18127	-
CHRNA5	chr15	78565519	29750	+
CHRNA6	chr8	42752619	16167	-
CHRNA7	chr15	32030514	142504	+
CHRNA9	chr4	40335332	19885	+
CHRNB1	chr17	7445060	12650	+
CHRNB2	chr1	154567777	12236	+
CHRNB3	chr8	42697365	40042	+
CHRNB4	chr15	78624110	17100	-
CHRND	chr2	232526159	10505	+
CHRNE	chr17	4897770	5328	-
CHRNG	chr2	232539691	8424	+
CHST1	chr11	45647688	17934	-
CHST10	chr2	100391859	25809	-
CHST11	chr12	104456947	305067	+
CHST12	chr7	2403610	44874	+
CHST13	chr3	126524154	19137	+
CHST14	chr15	40470983	2175	+
CHST15	chr10	124007667	85931	-
CHST2	chr3	143119770	4244	+
CHST3	chr10	71964394	49164	+
CHST4	chr16	71526425	12323	+
CHST5	chr16	75528529	7579	-
CHST6	chr16	75472051	23390	-
CHST7	chrX	46573764	24732	+
CHST8	chr19	33621952	151554	+
CHST9	chr18	26906480	278828	-
CHSY1	chr15	101175726	76322	-
CHSY3	chr5	129904464	282170	+
CHTF18	chr16	788619	9455	+
CHTF8	chr16	69118009	14579	-
CHTOP	chr1	153634065	12241	+
CHUK	chr10	100188299	41297	-
CHUK-DT	chr10	100229659	5418	+
CHURC1	chr14	64914454	20914	+
CIAO1	chr2	96266224	7949	+
CIAO2A	chr15	64072564	21274	-
CIAO2B	chr16	66932064	2338	-
CIAO3	chr16	729764	11233	-
CIAPIN1	chr16	57428186	19199	-
CIART	chr1	150282553	4540	+
CIB1	chr15	90229974	3967	-
CIB2	chr15	78104605	26840	-
CIB3	chr19	16161367	12158	-
CIB4	chr2	26581204	60162	-
CIBAR1	chr8	93700549	30978	+
CIBAR2	chr16	85098357	14115	-
CIC	chr19	42269251	26545	+
CIDEA	chr18	12254360	23235	+
CIDEB	chr14	24305186	2791	-
CIDEC	chr3	9866713	13540	-
CIITA	chr16	10877201	59193	+
CILK1	chr6	53001302	60522	-
CILP	chr15	65194759	16714	-
CILP2	chr19	19538264	8395	+
CIMAP1A	chr11	196760	3498	+
CIMAP1B	chr22	50530425	2073	-
CIMAP1C	chr15	75724040	3648	+
CIMAP1D	chr19	463360	11623	-
CIMAP2	chr1	54806062	36190	+
CIMAP3	chr1	111346621	6392	+
CIMIP1	chr20	58150901	10249	+
CIMIP2A	chr9	137243598	4153	-
CIMIP2B	chr9	35561830	2048	-
CIMIP2C	chr2	26562586	16938	+
CIMIP3	chr6	42155405	8013	+
CIMIP4	chr22	36991124	16727	-
CIMIP5	chr2	11133127	18190	+
CIMIP6	chr2	54330883	30698	+
CIMIP7	chr3	49177633	14225	-
CINP	chr14	102348281	14609	-
CIP2A	chr3	108549863	39575	-
CIPC	chr14	77098257	19030	+
CIRBP	chr19	1269331	5479	+
CIROP	chr14	23099061	5928	-
CIROZ	chr1	10946474	35602	-
CIRSR	chr2	174348021	47691	-
CISD1	chr10	58269161	20425	+
CISD2	chr4	102868991	23816	+
CISD3	chr17	38730340	5265	+
CISH	chr3	50606488	5286	-
CIST1	chr19	18250033	5329	-
CISTR	chr12	53746336	5643	-
CIT	chr12	119685790	191530	-
CITED1	chrX	72301645	4269	-
CITED2	chr6	139371806	2842	-
CITED4	chr1	40861053	1310	-
CIZ1	chr9	128166064	25508	-
CKAP2	chr13	52455477	21150	+
CKAP2L	chr2	112736348	28261	-
CKAP4	chr12	106237880	10140	-
CKAP5	chr11	46743047	103233	-
CKB	chr14	103519666	3164	-
CKLF	chr16	66552575	13493	+
CKM	chr19	45306412	16463	-
CKMT1A	chr15	43693858	5364	+
CKMT1B	chr15	43594026	5380	+
CKMT2	chr5	81233321	33077	+
CKS1B	chr1	154974680	4571	+
CKS2	chr9	89311194	5509	+
CLASP1	chr2	121337775	311687	-
CLASP2	chr3	33496244	222010	-
CLASRP	chr19	45039044	31912	+
CLBA1	chr14	104985787	9729	+
CLC	chr19	39731254	6775	-
CLCA1	chr1	86468926	31333	+
CLCA2	chr1	86424170	32383	+
CLCA4	chr1	86547077	33677	+
CLCC1	chr1	108929504	33980	-
CLCF1	chr11	67364167	9431	-
CLCN1	chr7	143316110	35973	+
CLCN2	chr3	184346184	15421	-
CLCN3	chr4	169620577	103096	+
CLCN4	chrX	10156974	80686	+
CLCN5	chrX	49922595	176635	+
CLCN6	chr1	11806190	36940	+
CLCN7	chr16	1444934	30094	-
CLCNKA	chr1	16022035	12015	+
CLCNKB	chr1	16043781	13527	+
CLDN1	chr3	190305706	16740	-
CLDN10	chr13	95552719	27040	+
CLDN11	chr3	170418867	15824	+
CLDN12	chr7	90403460	12494	+
CLDN14	chr21	36460620	19502	-
CLDN15	chr7	101232093	5709	-
CLDN16	chr3	190388162	23976	+
CLDN17	chr21	30165564	1241	-
CLDN18	chr3	138010164	23485	+
CLDN19	chr1	42733092	7144	-
CLDN2	chrX	106920401	10460	+
CLDN20	chr6	155264012	12536	+
CLDN22	chr4	183318099	2177	-
CLDN23	chr8	8701936	2160	+
CLDN24	chr4	183321763	663	-
CLDN25	chr11	113779795	690	+
CLDN3	chr7	73768996	1274	-
CLDN34	chrX	9967357	995	+
CLDN4	chr7	73830995	1695	+
CLDN5	chr22	19523026	1384	-
CLDN6	chr16	3014711	3472	-
CLDN7	chr17	7259902	2576	-
CLDN8	chr21	30214005	2092	-
CLDN9	chr16	3012922	1583	+
CLDND1	chr3	98515482	7420	-
CLDND2	chr19	51367097	1906	-
CLEC10A	chr17	7074536	5715	-
CLEC11A	chr19	50723363	2345	+
CLEC12A	chr12	9971408	14187	+
CLEC12B	chr12	10010626	8170	+
CLEC14A	chr14	38253999	2094	-
CLEC16A	chr16	10944563	237623	+
CLEC17A	chr19	14583083	28952	+
CLEC18A	chr16	69951333	12653	+
CLEC18B	chr16	74408630	12848	-
CLEC18C	chr16	70173786	13109	+
CLEC19A	chr16	19285730	25217	+
CLEC1A	chr12	10069553	29432	-
CLEC1B	chr12	9993074	6047	-
CLEC20A	chr1	178479239	17725	-
CLEC2A	chr12	9913226	19144	-
CLEC2B	chr12	9852368	16986	-
CLEC2D	chr12	9669712	29841	+
CLEC2L	chr7	139523684	21301	+
CLEC3A	chr16	78022547	9554	+
CLEC3B	chr3	45026302	9769	+
CLEC4A	chr12	8123616	14991	+
CLEC4C	chr12	7729382	17993	-
CLEC4D	chr12	8513502	8864	+
CLEC4E	chr12	8533304	7601	-
CLEC4F	chr2	70808642	11957	-
CLEC4G	chr19	7728956	3154	-
CLEC4M	chr19	7763242	6363	+
CLEC5A	chr7	141927356	19618	-
CLEC6A	chr12	8455961	22369	+
CLEC7A	chr12	10116776	13423	-
CLEC9A	chr12	10030681	35350	+
CLECL1	chr12	9722491	10606	-
CLGN	chr4	140388452	39196	-
CLHC1	chr2	55172546	59747	-
CLIC1	chr6	31730598	5932	-
CLIC2	chrX	155276210	58404	-
CLIC3	chr9	136994607	1961	-
CLIC4	chr1	24745446	98875	+
CLIC5	chr6	45898455	117405	-
CLIC6	chr21	34668993	49230	+
CLINT1	chr5	157785746	73399	-
CLIP1	chr12	122271468	151201	-
CLIP2	chr7	74289406	116529	+
CLIP3	chr19	36014659	18214	-
CLIP4	chr2	29115414	68394	+
CLK1	chr2	200853008	11650	-
CLK2	chr1	155262867	10637	-
CLK3	chr15	74615835	14366	+
CLK4	chr5	178602663	24387	-
CLMN	chr14	95181939	137969	-
CLMP	chr11	123069871	125377	-
CLN3	chr16	28477278	14796	-
CLN5	chr13	76992080	13037	+
CLN6	chr15	68206991	22737	-
CLN8	chr8	1763788	22782	+
CLNK	chr4	10486394	198374	-
CLNS1A	chr11	77614529	23265	-
CLOCK	chr4	55427902	119007	-
CLP1	chr11	57657761	4104	+
CLPB	chr11	72285494	149037	-
CLPP	chr19	6361530	8712	+
CLPS	chr6	35794981	2342	-
CLPSL1	chr6	35781018	7132	+
CLPSL2	chr6	35776597	2955	+
CLPTM1	chr19	44955379	37962	+
CLPTM1L	chr5	1317751	27348	-
CLPX	chr15	65148218	37124	-
CLRN1	chr3	150926566	46161	-
CLRN2	chr4	17515164	11940	+
CLRN3	chr10	127877840	15101	-
CLSPN	chr1	35732111	37867	-
CLSTN1	chr1	9728925	95040	-
CLSTN2	chr3	139935184	642213	+
CLSTN3	chr12	7130370	28575	+
CLTA	chr9	36190920	21139	+
CLTB	chr5	176392500	24039	-
CLTC	chr17	59619894	77062	+
CLTCL1	chr22	19179472	112247	-
CLTRN	chrX	15627317	37488	-
CLU	chr8	27596916	17784	-
CLUAP1	chr16	3501003	38045	+
CLUH	chr17	2689386	22378	-
CLUL1	chr18	596987	53195	+
CLVS1	chr8	61287969	213660	+
CLVS2	chr6	122996234	76691	+
CLXN	chr8	48723390	11878	-
CLYBL	chr13	99606689	285881	+
CMA1	chr14	24505352	2913	-
CMAS	chr12	22046217	19451	+
CMBL	chr5	10277594	30308	-
CMC1	chr3	28241618	83524	+
CMC2	chr16	80966447	40438	-
CMC4	chrX	155061621	9515	-
CMIP	chr16	81444807	266955	+
CMKLR1	chr12	108288045	51266	-
CMKLR2	chr2	206175315	38056	-
CMPK1	chr1	47333789	45050	+
CMPK2	chr2	6848315	17592	-
CMSS1	chr3	99817861	363871	+
CMTM1	chr16	66566438	12697	+
CMTM2	chr16	66579462	8813	+
CMTM3	chr16	66604703	9184	+
CMTM4	chr16	66614749	81994	-
CMTM5	chr14	23377045	2727	+
CMTM6	chr3	32481311	21541	-
CMTM7	chr3	32391852	63676	+
CMTM8	chr3	32238679	131642	+
CMTR1	chr6	37433220	48288	+
CMTR2	chr16	71281391	8011	-
CMYA5	chr5	79689835	110387	+
CNBD1	chr8	86866414	516445	+
CNBD2	chr20	35968589	62111	+
CNBP	chr3	129167826	16070	-
CNDP1	chr18	74534499	52713	+
CNDP2	chr18	74496362	27092	+
CNEP1R1	chr16	50025224	11857	+
CNFN	chr19	42387018	3279	-
CNGA1	chr4	47935976	80705	-
CNGA2	chrX	151734745	10819	+
CNGA3	chr2	98346455	52146	+
CNGA4	chr11	6239088	5391	+
CNGB1	chr16	57882339	88789	-
CNGB3	chr8	86574178	169456	-
CNIH1	chr14	54423560	17814	-
CNIH2	chr11	66278174	6032	+
CNIH3	chr1	224616316	124238	+
CNIH4	chr1	224356878	22574	+
CNKSR1	chr1	26177490	12394	+
CNKSR2	chrX	21374417	280272	+
CNKSR3	chr6	154387514	123171	-
CNMD	chr13	52703263	36557	-
CNN1	chr19	11538850	11473	+
CNN2	chr19	1026607	12458	+
CNN3	chr1	94896956	30154	-
CNNM1	chr10	99329355	64975	+
CNNM2	chr10	102918293	171929	+
CNNM3	chr2	96816267	19115	+
CNNM4	chr2	96760901	50973	+
CNOT1	chr16	58519950	109876	-
CNOT10	chr3	32685187	88688	+
CNOT11	chr2	101252885	17431	+
CNOT2	chr12	70243432	111561	+
CNOT3	chr19	54137761	17920	+
CNOT4	chr7	135361794	148308	-
CNOT6	chr5	180494378	83980	+
CNOT6L	chr4	77713386	105982	-
CNOT7	chr8	17224965	21892	-
CNOT8	chr5	154858626	18166	+
CNOT9	chr2	218568838	28242	+
CNP	chr17	41966794	10946	+
CNPPD1	chr2	219171896	5029	-
CNPY1	chr7	155501128	45431	-
CNPY2	chr12	56309843	6145	-
CNPY3	chr6	42929479	9815	+
CNPY4	chr7	100119633	5875	+
CNR1	chr6	88139863	26484	-
CNR2	chr1	23870514	42848	-
CNRIP1	chr2	68293009	26940	-
CNST	chr1	246566455	102140	+
CNTD1	chr17	42798860	12727	+
CNTF	chr11	58622664	3069	+
CNTFR	chr9	34551432	38292	-
CNTLN	chr9	17135039	368884	+
CNTN1	chr12	40692438	379977	+
CNTN2	chr1	205043211	35078	+
CNTN3	chr3	74262567	352092	-
CNTN4	chr3	2098865	959094	+
CNTN5	chr11	99020948	1337937	+
CNTN6	chr3	1093023	311194	+
CNTNAP1	chr17	42682530	17463	+
CNTNAP2	chr7	146116800	2304198	+
CNTNAP3	chr9	39064709	223458	-
CNTNAP3B	chr9	41890535	238891	-
CNTNAP4	chr16	76277400	283357	+
CNTNAP5	chr2	124025286	895933	+
CNTRL	chr9	121074954	102656	+
CNTROB	chr17	7932205	17715	+
COA1	chr7	43639256	90267	-
COA3	chr17	42797624	1080	-
COA4	chr11	73872666	4180	-
COA5	chr2	98599313	9199	-
COA6	chr1	234373455	11625	+
COA7	chr1	52684448	13899	-
COA8	chr14	103562959	27937	+
COASY	chr17	42562147	4130	+
COBL	chr7	51016211	300598	-
COBLL1	chr2	164680187	161636	-
COCH	chr14	30874558	16060	+
COG1	chr17	73193054	15453	+
COG2	chr1	230642480	51502	+
COG3	chr13	45464938	71763	+
COG4	chr16	70480570	42984	-
COG5	chr7	107201371	362549	-
COG6	chr13	39655661	96967	+
COG7	chr16	23388492	64697	-
COG8	chr16	69326427	13137	-
COIL	chr17	56938198	22852	-
COL10A1	chr6	116118908	7224	-
COL11A1	chr1	102876472	232050	-
COL11A2	chr6	33162693	29774	-
COL12A1	chr6	75084325	121728	-
COL13A1	chr10	69801905	157239	+
COL14A1	chr8	120125101	248472	+
COL15A1	chr9	98943906	126881	+
COL16A1	chr1	31652262	51755	-
COL17A1	chr10	104031285	54595	-
COL18A1	chr21	45405164	108556	+
COL19A1	chr6	69866555	345913	+
COL1A1	chr17	50184100	17531	-
COL1A2	chr7	94394894	36333	+
COL20A1	chr20	63293185	41621	+
COL21A1	chr6	56056589	190991	-
COL22A1	chr8	138588234	325807	-
COL23A1	chr5	178237617	352776	-
COL24A1	chr1	85729232	427540	-
COL25A1	chr4	108808724	493934	-
COL26A1	chr7	101362874	196150	+
COL27A1	chr9	114155536	156975	+
COL28A1	chr7	7357874	177999	-
COL2A1	chr12	47972966	31510	-
COL3A1	chr2	188974372	38374	+
COL4A1	chr13	110148962	158195	-
COL4A2	chr13	110307283	205926	+
COL4A3	chr2	227164623	150169	+
COL4A4	chr2	227002713	161492	-
COL4A5	chrX	108439837	257708	+
COL4A6	chrX	108155613	282809	-
COL5A1	chr9	134641802	203041	+
COL5A2	chr2	189031897	147864	-
COL5A3	chr19	9959560	50944	-
COL6A1	chr21	45981769	23279	+
COL6A2	chr21	46098111	34737	+
COL6A3	chr2	237324017	90147	-
COL6A5	chr3	130345671	139175	+
COL6A6	chr3	130517176	159866	+
COL7A1	chr3	48564072	31257	-
COL8A1	chr3	99638593	160624	+
COL8A2	chr1	36095238	29984	-
COL9A1	chr6	70216125	86959	-
COL9A2	chr1	40300488	16798	-
COL9A3	chr20	62817049	24110	+
COLEC10	chr8	119067246	41209	+
COLEC11	chr2	3595111	49533	+
COLEC12	chr18	316736	183965	-
COLGALT1	chr19	17555648	27509	+
COLGALT2	chr1	183935833	101895	-
COLQ	chr3	15450132	71574	-
COMMD1	chr2	61905673	230385	+
COMMD10	chr5	116085024	208263	+
COMMD2	chr3	149738471	14018	-
COMMD3	chr10	22316387	3919	+
COMMD4	chr15	75336062	4211	+
COMMD5	chr8	144850175	2873	-
COMMD6	chr13	75525213	12628	-
COMMD7	chr20	32702698	40769	-
COMMD8	chr4	47450786	12916	-
COMMD9	chr11	36272291	17133	-
COMP	chr19	18782772	8533	-
COMT	chr22	19941771	28204	+
COMTD1	chr10	75233640	2317	-
COP1	chr1	175944830	262456	-
COPA	chr1	160288593	54657	-
COPB1	chr11	14457511	42300	-
COPB2	chr3	139357405	32242	-
COPE	chr19	18899513	19874	-
COPG1	chr3	129249605	28168	+
COPG2	chr7	130506237	162511	-
COPRS	chr17	31851870	7374	-
COPS2	chr15	49122726	32873	-
COPS3	chr17	17246615	34631	-
COPS4	chr4	83035182	40636	+
COPS5	chr8	67043078	19055	-
COPS6	chr7	100088968	3219	+
COPS7A	chr12	6724045	7820	+
COPS7B	chr2	231786444	22809	+
COPS8	chr2	237085888	14586	+
COPS9	chr2	240130827	5478	-
COPZ1	chr12	54325130	26716	+
COPZ2	chr17	48026166	11631	-
COQ10A	chr12	56266941	4025	+
COQ10B	chr2	197453551	21759	+
COQ2	chr4	83263823	20975	-
COQ3	chr6	99369400	24795	-
COQ4	chr9	128322838	11234	+
COQ5	chr12	120503278	25880	-
COQ6	chr14	73950301	13369	+
COQ7	chr16	19067613	12482	+
COQ8A	chr1	226940293	47251	+
COQ8B	chr19	40691529	25357	-
COQ9	chr16	57447478	13792	+
CORIN	chr4	47594000	244067	-
CORO1A	chr16	30183601	5475	+
CORO1B	chr11	67435509	7967	-
CORO1C	chr12	108645108	86410	-
CORO2A	chr9	98120974	71663	-
CORO2B	chr15	68578992	148814	+
CORO6	chr17	29614761	8151	-
CORO7	chr16	4354541	62055	-
CORT	chr1	10450030	1968	+
COTL1	chr16	84565595	52483	-
COX10	chr17	14069503	139174	+
COX11	chr17	54960421	8233	-
COX14	chr12	50112235	8218	+
COX15	chr10	99710867	21260	-
COX16	chr14	70325080	34603	-
COX17	chr3	119669531	7875	-
COX18	chr4	73052361	17355	-
COX19	chr7	964851	10698	-
COX20	chr1	244835657	9400	+
COX4I1	chr16	85799694	7374	+
COX4I2	chr20	31637911	7095	+
COX5A	chr15	74919790	18283	-
COX5B	chr2	97646061	2322	+
COX6A1	chr12	120438112	2618	+
COX6A2	chr16	31427730	630	-
COX6B1	chr19	35648322	10460	+
COX6B2	chr19	55349703	5016	-
COX6C	chr8	99877864	15843	-
COX7A1	chr19	36150921	1526	-
COX7A2	chr6	75237786	6015	-
COX7A2L	chr2	42349337	11880	-
COX7B	chrX	77899467	7909	+
COX7B2	chr4	46734826	174419	-
COX7C	chr5	86617940	3022	+
COX8A	chr11	63974619	1924	+
COX8C	chr14	93347181	1175	+
COXFA4	chr7	10931942	8211	-
COXFA4L2	chr12	57234902	2202	-
COXFA4L3	chr15	45430609	2731	+
CP	chr3	149172496	49333	-
CPA1	chr7	130380493	7615	+
CPA2	chr7	130266862	22936	+
CPA3	chr3	148865295	31908	+
CPA4	chr7	130293160	31020	+
CPA5	chr7	130344815	23915	+
CPA6	chr8	67422037	324323	-
CPAMD8	chr19	16892950	133860	-
CPAP	chr13	24882278	40583	-
CPB1	chr3	148827810	32377	+
CPB2	chr13	46053185	51848	-
CPD	chr17	30378926	91063	+
CPE	chr4	165379007	119540	+
CPEB1	chr15	82543200	104163	-
CPEB2	chr4	15002480	67671	+
CPEB3	chr10	92046691	244387	-
CPEB4	chr5	173888348	73632	+
CPED1	chr7	120988710	308732	+
CPHXL	chr16	75714130	12360	-
CPHXL2	chr16	75660226	16783	-
CPLANE1	chr5	37106234	143142	-
CPLANE2	chr1	16231691	5492	-
CPLX1	chr4	784956	41173	-
CPLX2	chr5	175871577	12444	+
CPLX3	chr15	74826626	5176	+
CPLX4	chr18	59295401	23248	-
CPM	chr12	68851174	81997	-
CPN1	chr10	100042192	39677	-
CPN2	chr3	194339767	11561	-
CPNE1	chr20	35626043	38857	-
CPNE2	chr16	57092582	55787	+
CPNE3	chr8	86514434	47064	+
CPNE4	chr3	131533568	501446	-
CPNE5	chr6	36740774	98670	-
CPNE6	chr14	24071561	6526	+
CPNE7	chr16	89575757	21489	+
CPNE8	chr12	38652202	253389	-
CPNE9	chr3	9703832	26076	+
CPO	chr2	206939517	29957	+
CPOX	chr3	98579445	14166	-
CPPED1	chr16	12659798	144089	-
CPQ	chr8	96645241	498260	+
CPS1	chr2	210556598	122509	+
CPSF1	chr8	144393230	16105	-
CPSF2	chr14	92121968	50177	+
CPSF3	chr2	9423653	49448	+
CPSF4	chr7	99438942	18431	+
CPSF4L	chr17	73248448	13432	-
CPSF6	chr12	69239568	34790	+
CPSF7	chr11	61402728	27247	-
CPT1A	chr11	68754882	87034	-
CPT1B	chr22	50568860	9567	-
CPT1C	chr19	49691115	22616	+
CPT2	chr1	53196823	17374	+
CPTP	chr1	1324801	4095	+
CPVL	chr7	28995234	151303	-
CPXCR1	chrX	88747224	7557	+
CPXM1	chr20	2794073	6554	-
CPXM2	chr10	123745638	146169	-
CPZ	chr4	8592764	26988	+
CR1	chr1	207496156	145609	+
CR1L	chr1	207645132	78571	+
CR2	chr1	207454327	35565	+
CRABP1	chr15	78340352	7873	+
CRABP2	chr1	156699605	5978	-
CRACD	chr4	56049097	281512	+
CRACDL	chr2	98793845	142380	-
CRACR2A	chr12	3615327	137782	-
CRACR2B	chr11	827918	4068	+
CRADD	chr12	93677374	173382	+
CRAMP1	chr16	1612359	65549	+
CRAT	chr9	129094793	16000	-
CRB1	chr1	197268251	210204	+
CRB2	chr9	123356196	22557	+
CRB3	chr19	6464270	2951	+
CRBN	chr3	3150010	29681	-
CRCP	chr7	66114846	39722	+
CRCT1	chr1	152514481	1527	+
CREB1	chr2	207529961	76027	+
CREB3	chr9	35732665	4334	+
CREB3L1	chr11	46277661	43748	+
CREB3L2	chr7	137874978	127108	-
CREB3L3	chr19	4153630	19424	+
CREB3L4	chr1	153967901	6458	+
CREB5	chr7	28412517	413377	+
CREBBP	chr16	3725053	155660	-
CREBL2	chr12	12611875	33233	+
CREBRF	chr5	173056351	82933	+
CREBZF	chr11	85657989	7140	-
CREG1	chr1	167541012	12750	-
CREG2	chr2	101345549	41954	-
CRELD1	chr3	9933833	11573	+
CRELD2	chr22	49918633	8904	+
CREM	chr10	35126845	86108	+
CRH	chr8	66176375	2089	-
CRHBP	chr5	76953044	16427	+
CRHR1	chr17	45784319	51509	+
CRHR2	chr7	30651941	30515	-
CRIM1	chr2	36355777	195358	+
CRIP1	chr14	105486885	2062	+
CRIP2	chr14	105474820	5342	+
CRIP3	chr6	43305471	3355	-
CRIPT	chr2	46617214	12962	+
CRIPTO	chr3	46577787	4670	+
CRIPTO3	chrX	110520895	2126	+
CRISP1	chr6	49834256	32279	-
CRISP2	chr6	49692358	21185	-
CRISP3	chr6	49727375	17013	-
CRISPLD1	chr8	74984504	50054	+
CRISPLD2	chr16	84819984	89524	+
CRK	chr17	1420692	35540	-
CRKL	chr22	20917406	36341	+
CRLF1	chr19	18593236	13563	-
CRLF2	chrX	1190489	22160	-
CRLF3	chr17	30782683	42009	-
CRLS1	chr20	6006122	33931	+
CRMP1	chr4	5820763	72323	-
CRNKL1	chr20	20034367	18099	-
CRNN	chr1	152409242	5021	-
CROCC	chr1	16921930	51034	+
CROCC2	chr2	240906335	86976	+
CROCCP2	chr1	16618255	26440	-
CROT	chr7	87345663	54131	+
CRP	chr1	159712288	2301	-
CRPPA	chr7	16087524	334014	-
CRTAC1	chr10	97864999	165622	-
CRTAM	chr11	122838499	34144	+
CRTAP	chr3	33114013	33760	+
CRTC1	chr19	18683679	98654	+
CRTC2	chr1	153947674	10938	-
CRTC3	chr15	90529922	115423	+
CRX	chr19	47821936	21388	+
CRY1	chr12	106991363	102186	-
CRY2	chr11	45847474	35770	+
CRYAA	chr21	43169007	3798	+
CRYAB	chr11	111908563	3207	-
CRYBA1	chr17	29246858	7636	+
CRYBA2	chr2	218990189	3233	-
CRYBA4	chr22	26621962	8707	+
CRYBB1	chr22	26599277	18750	-
CRYBB2	chr22	25219638	12231	+
CRYBB3	chr22	25199857	7502	+
CRYBG1	chr6	106360716	211301	+
CRYBG2	chr1	26321864	32266	-
CRYBG3	chr3	97822010	122974	+
CRYGA	chr2	208160739	2850	-
CRYGB	chr2	208142572	3586	-
CRYGC	chr2	208128136	1692	-
CRYGD	chr2	208121606	2918	-
CRYGN	chr7	151428831	11310	-
CRYGS	chr3	186538442	5938	-
CRYL1	chr13	20403668	122189	-
CRYM	chr16	21258520	19770	-
CRYZ	chr1	74705485	27565	-
CRYZL1	chr21	33589340	52401	-
CS	chr12	56271698	28632	-
CSAD	chr12	53157662	23263	-
CSAG1	chrX	152727483	6238	-
CSAG2	chrX	152708260	1013	-
CSAG3	chrX	152759217	1002	+
CSDC2	chr22	41561009	15657	+
CSDE1	chr1	114716915	41069	-
CSE1L	chr20	49046311	50638	+
CSF1	chr1	109910848	20144	+
CSF1R	chr5	150053294	33260	-
CSF2	chr5	132073788	2382	+
CSF2RA	chrX	1268813	41122	+
CSF2RB	chr22	36913627	26812	+
CSF3	chr17	40015439	2374	+
CSF3R	chr1	36466042	16871	-
CSGALNACT1	chr8	19404160	353117	-
CSGALNACT2	chr10	43138444	46858	+
CSGALNACT2-DT	chr10	43136823	1570	-
CSH1	chr17	63894917	1657	-
CSH2	chr17	63872015	1662	-
CSHL1	chr17	63909607	1651	-
CSK	chr15	74782079	21118	+
CSKMT	chr11	62665311	2797	+
CSMD1	chr8	2935360	2059554	-
CSMD2	chr1	33513997	651233	-
CSMD3	chr8	112222927	1214012	-
CSN1S1	chr4	69931067	15507	+
CSN2	chr4	69955255	10473	-
CSN3	chr4	70242596	8836	+
CSNK1A1	chr5	149492981	58458	-
CSNK1A1L	chr13	37103258	2406	-
CSNK1D	chr17	82242666	31034	-
CSNK1E	chr22	38290690	26743	-
CSNK1G1	chr15	64165524	190649	-
CSNK1G2	chr19	1941171	40167	+
CSNK1G3	chr5	123512176	104873	+
CSNK2A1	chr20	472497	71293	-
CSNK2A2	chr16	58157906	40200	-
CSNK2A2IP	chr3	88338455	129139	+
CSNK2A3	chr11	11351941	1309	-
CSNK2B	chr6	31666079	3988	+
CSPG4	chr15	75674321	38527	-
CSPG5	chr3	47562237	16628	-
CSPP1	chr8	67064391	132223	+
CSRNP1	chr3	39141854	11737	-
CSRNP2	chr12	51061204	22392	-
CSRNP3	chr2	165469697	219710	+
CSRP1	chr1	201483529	23594	-
CSRP2	chr12	76858708	20311	-
CSRP3	chr11	19182029	19954	-
CST1	chr20	23747561	3374	-
CST11	chr20	23450411	2465	-
CST2	chr20	23823768	2961	-
CST3	chr20	23633656	4299	-
CST4	chr20	23685639	3399	-
CST5	chr20	23875933	3815	-
CST6	chr11	66012007	1498	+
CST7	chr20	24949268	10660	+
CST8	chr20	23491116	4894	+
CST9	chr20	23602409	3508	-
CST9L	chr20	23564731	3753	-
CSTA	chr3	122325247	16722	+
CSTB	chr21	43773949	2359	-
CSTF1	chr20	56392644	13718	+
CSTF2	chrX	100820390	21130	+
CSTF2T	chr10	51695485	4110	-
CSTF3	chr11	33084583	76897	-
CSTL1	chr20	23439684	5246	+
CSTPP1	chr11	46936760	225487	+
CT45A1	chrX	135713638	9590	+
CT45A10	chrX	135881064	12380	-
CT45A2	chrX	135811667	8345	-
CT45A3	chrX	135760043	8148	-
CT45A5	chrX	135775851	9652	-
CT45A6	chrX	135794684	8103	-
CT45A7	chrX	135829228	8052	-
CT45A8	chrX	135846496	8042	-
CT45A9	chrX	135863417	8395	-
CT47A1	chrX	120982475	3285	-
CT47A10	chrX	120938700	3323	-
CT47A11	chrX	120933839	3319	-
CT47A12	chrX	120877489	54812	-
CT47A2	chrX	120977605	3323	-
CT47A3	chrX	120972745	3323	-
CT47A4	chrX	120967885	3323	-
CT47A5	chrX	120963025	3323	-
CT47A6	chrX	120958164	3323	-
CT47A7	chrX	120953281	3319	-
CT47A8	chrX	120948421	3323	-
CT47A9	chrX	120943560	3323	-
CT47B1	chrX	120872606	3260	-
CT47C1	chrX	119072992	3773	+
CT55	chrX	135156539	14859	-
CT83	chrX	116461685	1291	-
CTAG1A	chrX	154585132	1684	+
CTAG1B	chrX	154617608	1674	-
CTAG2	chrX	154651976	1603	-
CTAGE1	chr18	22413598	4317	-
CTAGE15	chr7	143571800	2587	+
CTAGE4	chr7	144183465	2615	+
CTAGE6	chr7	143755088	2608	-
CTAGE8	chr7	144266673	2615	-
CTAGE9	chr6	131708440	2577	-
CTBP1	chr4	1211444	37686	-
CTBP2	chr10	124984316	176247	-
CTBS	chr1	84549610	24830	-
CTC1	chr17	8224814	23242	-
CTCF	chr16	67562525	76652	+
CTCFL	chr20	57497165	27975	-
CTDNEP1	chr17	7243590	8144	-
CTDP1	chr18	79679802	74701	+
CTDSP1	chr2	218399867	6074	+
CTDSP2	chr12	57819926	26803	-
CTDSPL	chr3	37861879	122590	+
CTDSPL2	chr15	44427628	101410	+
CTF1	chr16	30896613	6934	+
CTH	chr1	70411267	28584	+
CTHRC1	chr8	103371537	11452	+
CTIF	chr18	48539030	324187	+
CTLA4	chr2	203867770	6195	+
CTNNA1	chr5	138753424	181610	+
CTNNA2	chr2	79513050	1135730	+
CTNNA3	chr10	65912522	1783673	-
CTNNAL1	chr9	108942576	70923	-
CTNNB1	chr3	41199504	40939	+
CTNNBIP1	chr1	9848275	61994	-
CTNNBL1	chr20	37694029	178089	+
CTNND1	chr11	57761801	57739	+
CTNND2	chr5	10971835	932611	-
CTNS	chr17	3636759	26344	+
CTPS1	chr1	40979695	32870	+
CTPS2	chrX	16587998	124671	-
CTR9	chr11	10751245	28501	+
CTRB1	chr16	75218987	5937	+
CTRB2	chr16	75204102	3059	-
CTRC	chr1	15438442	10800	+
CTRL	chr16	67929573	2289	-
CTSA	chr20	45891334	7486	+
CTSB	chr8	11842523	25564	-
CTSC	chr11	88293591	44145	-
CTSD	chr11	1752754	11173	-
CTSE	chr1	206009263	14632	-
CTSF	chr11	66563463	5143	-
CTSG	chr14	24573517	2733	-
CTSH	chr15	78921057	23989	-
CTSK	chr1	150796207	12053	-
CTSL	chr9	87726118	5351	+
CTSO	chr4	155924117	29749	-
CTSS	chr1	150730187	35591	-
CTSV	chr9	97029676	9466	-
CTSW	chr11	65879836	3905	+
CTSZ	chr20	58995184	12070	-
CTTN	chr11	70398528	38047	+
CTTNBP2	chr7	117710650	162791	-
CTTNBP2NL	chr1	112396213	64951	+
CTU1	chr19	51097605	10804	-
CTU2	chr16	88706502	8894	+
CTXN1	chr19	7924490	1645	-
CTXN2	chr15	48191664	12094	+
CTXN3	chr5	127649081	9549	+
CTXND1	chr15	80195480	56733	-
CTXND2	chr1	150887135	26157	+
CUBN	chr10	16823965	305846	-
CUEDC1	chr17	57861242	94170	-
CUEDC2	chr10	102423248	9326	-
CUL1	chr7	148698902	102208	+
CUL2	chr10	35008550	81791	-
CUL3	chr2	224470149	115214	-
CUL4A	chr13	113209612	57496	+
CUL4B	chrX	120523857	37105	-
CUL5	chr11	108008897	98864	+
CUL7	chr6	43037616	16235	-
CUL9	chr6	43182195	42392	+
CUTA	chr6	33416441	1666	-
CUTC	chr10	99732233	23901	+
CUX1	chr7	101817625	440608	+
CUX2	chr12	111034164	316390	+
CUZD1	chr10	122832157	13700	-
CWC15	chr11	94962619	10937	-
CWC22	chr2	179944875	62422	-
CWC25	chr17	38800440	24881	-
CWC27	chr5	64768929	249821	+
CWF19L1	chr10	100232297	35341	-
CWF19L2	chr11	107326359	131466	-
CWH43	chr4	48986274	75805	+
CX3CL1	chr16	57372489	12555	+
CX3CR1	chr3	39263495	16541	-
CXADR	chr21	17513042	57058	+
CXCL1	chr4	73869392	1916	+
CXCL10	chr4	76021117	2380	-
CXCL11	chr4	76033681	2389	-
CXCL12	chr10	44377066	8031	-
CXCL13	chr4	77605819	6015	+
CXCL14	chr5	135570678	8313	-
CXCL16	chr17	4733532	6396	-
CXCL17	chr19	42428277	14669	-
CXCL2	chr4	74097039	2156	-
CXCL3	chr4	74036588	2101	-
CXCL5	chr4	73995641	3036	-
CXCL6	chr4	73836677	2083	+
CXCL8	chr4	73740568	3148	+
CXCL9	chr4	76001274	6235	-
CXCR1	chr2	218162840	4122	-
CXCR2	chr2	218126027	11224	+
CXCR3	chrX	71615918	2593	-
CXCR4	chr2	136114348	3801	-
CXCR5	chr11	118883891	13896	+
CXCR6	chr3	45943463	4888	+
CXorf38	chrX	40626920	20641	-
CXorf49	chrX	71714370	3915	-
CXorf49B	chrX	71763348	3856	+
CXorf51A	chrX	146814105	639	-
CXorf51B	chrX	146809770	641	+
CXorf58	chrX	23908005	31504	+
CXorf65	chrX	71103888	2852	-
CXorf66	chrX	139955727	9794	-
CXXC1	chr18	50282346	5346	-
CXXC4	chr4	104468307	26587	-
CXXC5	chr5	139648348	35534	+
CYB561	chr17	63432303	14003	-
CYB561A3	chr11	61348804	13078	-
CYB561D1	chr1	109494093	6342	+
CYB561D2	chr3	50350861	3208	+
CYB5A	chr18	74250845	41118	-
CYB5B	chr16	69424618	41646	+
CYB5D1	chr17	7858002	4280	+
CYB5D2	chr17	4143196	14501	+
CYB5R1	chr1	202961872	5385	-
CYB5R2	chr11	7665103	8397	-
CYB5R3	chr22	42617839	31553	-
CYB5R4	chr6	83859688	107735	+
CYB5RL	chr1	54169650	30380	-
CYBA	chr16	88643288	7765	-
CYBB	chrX	37780058	33403	+
CYBC1	chr17	82442585	8167	-
CYBRD1	chr2	171522473	35656	+
CYC1	chr8	144095075	2450	+
CYCS	chr7	25118655	6605	-
CYFIP1	chr15	22867051	113317	-
CYFIP2	chr5	157266122	129472	+
CYGB	chr17	76527355	10354	-
CYLC1	chrX	83861145	25553	+
CYLC2	chr9	102995332	23156	+
CYLD	chr16	50742085	59850	+
CYP11A1	chr15	74337761	29885	-
CYP11B1	chr8	142872356	7469	-
CYP11B2	chr8	142910558	7285	-
CYP17A1	chr10	102830530	6883	-
CYP19A1	chr15	51208056	130540	-
CYP1A1	chr15	74719541	5987	-
CYP1A2	chr15	74748844	7763	+
CYP1B1	chr2	38067508	8643	-
CYP20A1	chr2	203239017	67009	+
CYP21A2	chr6	32038414	3230	+
CYP24A1	chr20	54153445	20541	-
CYP26A1	chr10	93073892	3993	+
CYP26B1	chr2	72129237	18625	-
CYP26C1	chr10	93060797	8743	+
CYP27A1	chr2	218782146	33147	+
CYP27B1	chr12	57762333	4745	-
CYP27C1	chr2	127183831	36468	-
CYP2A13	chr19	41088450	7745	+
CYP2A6	chr19	40843540	6907	-
CYP2A7	chr19	40875438	6793	-
CYP2B6	chr19	40991281	27117	+
CYP2C18	chr10	94683728	52462	+
CYP2C19	chr10	94762680	92867	+
CYP2C8	chr10	95036771	32726	-
CYP2C9	chr10	94938657	51434	+
CYP2D6	chr22	42126498	4312	-
CYP2E1	chr10	133527362	11761	+
CYP2F1	chr19	41114431	13950	+
CYP2J2	chr1	59893307	33466	-
CYP2R1	chr11	14877439	14792	-
CYP2S1	chr19	41193218	14321	+
CYP2U1	chr4	107931548	21913	+
CYP2W1	chr7	983180	6460	+
CYP39A1	chr6	46549579	103239	-
CYP3A4	chr7	99756966	27218	-
CYP3A43	chr7	99828012	38081	+
CYP3A5	chr7	99648193	31803	-
CYP3A7	chr7	99705035	30161	-
CYP46A1	chr14	99684297	43004	+
CYP4A11	chr1	46929187	12289	-
CYP4A22	chr1	47137440	12287	+
CYP4B1	chr1	46799045	20368	+
CYP4F11	chr19	15912376	22153	-
CYP4F12	chr19	15673086	24088	+
CYP4F2	chr19	15878022	20052	-
CYP4F22	chr19	15508524	43793	+
CYP4F3	chr19	15640896	21929	+
CYP4F8	chr19	15615217	15422	+
CYP4V2	chr4	186191566	21897	+
CYP4X1	chr1	47023668	27083	+
CYP4Z1	chr1	47067230	51088	+
CYP51A1	chr7	92112152	22325	-
CYP7A1	chr8	58490177	9986	-
CYP7B1	chr8	64590850	207887	-
CYP8B1	chr3	42872191	3688	-
CYREN	chr7	135165784	4923	-
CYRIA	chr2	16549458	116376	-
CYRIB	chr8	129839592	176968	-
CYS1	chr2	10056472	23939	-
CYSLTR1	chrX	78271467	56144	-
CYSLTR2	chr13	48653928	57298	+
CYSRT1	chr9	137225173	1142	+
CYSTM1	chr5	140175187	68602	+
CYTH1	chr17	78674047	108226	-
CYTH2	chr19	48469368	12946	+
CYTH3	chr7	6161778	110846	-
CYTH4	chr22	37282507	32834	+
CYTIP	chr2	157414618	29471	-
CYTL1	chr4	5014585	4873	-
CYYR1	chr21	26466215	107071	-
CZIB	chr1	53214098	6536	-
D2HGDH	chr2	241734629	34182	+
DAAM1	chr14	59188666	182737	+
DAAM2	chr6	39792375	112494	+
DAB1	chr1	56994777	429283	-
DAB2	chr5	39371676	53304	-
DAB2IP	chr9	121651633	133897	+
DACH1	chr13	71437965	429239	-
DACH2	chrX	86148450	684152	+
DACT1	chr14	58637961	10360	+
DACT2	chr6	168306903	12874	-
DACT3	chr19	46647550	13632	-
DAD1	chr14	22564906	24318	-
DAG1	chr3	49470266	65349	+
DAGLA	chr11	61680390	66611	+
DAGLB	chr7	6409128	38826	-
DALRD3	chr3	49015487	3093	-
DAND5	chr19	12969575	5185	+
DAO	chr12	108880091	20952	+
DAOA	chr13	105466044	24990	+
DAP	chr5	10679229	82005	-
DAP3	chr1	155689090	49920	+
DAPK1	chr9	87497866	210768	+
DAPK2	chr15	63907035	139450	-
DAPK3	chr19	3958452	12647	-
DAPL1	chr2	158795316	20674	+
DAPP1	chr4	99816826	53364	+
DARS1	chr2	135905880	79746	-
DARS2	chr1	173824672	33874	+
DAW1	chr2	227871630	52714	+
DAXX	chr6	33318557	4402	-
DAZ1	chrY	23129354	69654	-
DAZ2	chrY	23219532	71824	+
DAZ3	chrY	24763068	50325	-
DAZ4	chrY	24833918	73122	+
DAZAP1	chr19	1407585	28099	+
DAZAP2	chr12	51238825	5108	+
DAZL	chr3	16586791	18632	-
DBET	chr4	190064501	3363	+
DBF4	chr7	87876492	33061	+
DBF4B	chr17	44708664	43600	+
DBH	chr9	133636362	22967	+
DBI	chr2	119366976	5567	+
DBN1	chr5	177456609	17025	-
DBNDD1	chr16	90004870	14586	-
DBNDD2	chr20	45408288	2319	+
DBNL	chr7	44044701	24755	+
DBP	chr19	48630029	7350	-
DBR1	chr3	138160987	13934	-
DBT	chr1	100186918	62916	-
DBX1	chr11	20156154	4321	-
DBX2	chr12	45014671	36428	-
DCAF1	chr3	51397841	102174	-
DCAF10	chr9	37800796	66868	+
DCAF11	chr14	24114776	10466	+
DCAF12	chr9	34086386	40312	-
DCAF12L1	chrX	126549382	3432	-
DCAF12L2	chrX	126163498	2791	-
DCAF13	chr8	103415385	28068	+
DCAF15	chr19	13952508	8941	+
DCAF16	chr4	17800654	10103	-
DCAF17	chr2	171434225	50827	+
DCAF4	chr14	72926463	33240	+
DCAF4L1	chr4	41981755	4710	+
DCAF4L2	chr8	87870746	3269	-
DCAF5	chr14	69050880	102239	-
DCAF6	chr1	167936682	139154	+
DCAF7	chr17	63550476	43790	+
DCAF8	chr1	160215719	46830	-
DCAF8L1	chrX	27977991	3458	-
DCAF8L2	chrX	27590343	159599	+
DCAKD	chr17	45023343	28289	-
DCANP1	chr5	135444213	3135	-
DCBLD1	chr6	117482673	67124	+
DCBLD2	chr3	98795940	105755	-
DCC	chr18	52340196	1195703	+
DCD	chr12	54644588	3777	-
DCDC1	chr11	30863602	506137	-
DCDC2	chr6	24171754	186305	-
DCDC2B	chr1	32209088	7104	+
DCDC2C	chr2	3703574	144434	+
DCHS1	chr11	6621329	34480	-
DCHS2	chr4	154231741	260058	-
DCK	chr4	70993648	37266	+
DCLK1	chr13	35768651	362731	-
DCLK2	chr4	150078444	178994	+
DCLK3	chr3	36712420	52133	-
DCLRE1A	chr10	113834724	19358	-
DCLRE1B	chr1	113905325	8761	+
DCLRE1C	chr10	14904612	49484	-
DCN	chr12	91140483	42334	-
DCP1A	chr3	53283428	64115	-
DCP1B	chr12	1946052	58405	-
DCP2	chr5	112976797	45398	+
DCPH1	chr6	151452465	17636	+
DCPS	chr11	126304059	45946	+
DCST1	chr1	155033823	17107	+
DCST2	chr1	155018526	15255	-
DCSTAMP	chr8	104339825	16864	+
DCT	chr13	94436810	42872	-
DCTD	chr4	182890090	27296	-
DCTN1	chr2	74361154	19157	-
DCTN2	chr12	57530050	17142	-
DCTN3	chr9	34613545	6950	-
DCTN4	chr5	150708439	50578	-
DCTN5	chr16	23641465	36007	+
DCTN6	chr8	30156368	27271	+
DCTPP1	chr16	30423614	6416	-
DCUN1D1	chr3	182938073	42465	-
DCUN1D2	chr13	113455818	34893	-
DCUN1D3	chr16	20854924	45434	-
DCUN1D4	chr4	51843152	73685	+
DCUN1D5	chr11	103050685	41475	-
DCX	chrX	111293778	118414	-
DCXR	chr17	82035857	1840	-
DDA1	chr19	17309562	13736	+
DDAH1	chr1	85318484	146675	-
DDAH2	chr6	31727039	2260	-
DDB1	chr11	61299450	33655	-
DDB2	chr11	47214973	24244	+
DDC	chr7	50458441	106964	-
DDHD1	chr14	53036754	116569	-
DDHD2	chr8	38231584	31252	+
DDI1	chr11	104036639	2557	+
DDI2	chr1	15617457	51587	+
DDIAS	chr11	82901735	32924	+
DDIT3	chr12	57516592	3922	-
DDIT4	chr10	72273923	2113	+
DDIT4L	chr4	100185869	4599	-
DDN	chr12	48995148	4227	-
DDO	chr6	110391783	23792	-
DDOST	chr1	20651776	9593	-
DDR1	chr6	30884518	15638	+
DDR2	chr1	162632463	154942	+
DDRGK1	chr20	3190349	14333	-
DDT	chr22	23971369	3072	-
DDTL	chr22	23966887	5669	+
DDX1	chr2	15591867	39234	+
DDX10	chr11	108665068	275859	+
DDX11	chr12	31073859	30940	+
DDX17	chr22	38483437	22874	-
DDX18	chr2	117814690	17687	+
DDX19A	chr16	70346902	26481	+
DDX19B	chr16	70299185	36120	+
DDX20	chr1	111755900	12100	+
DDX21	chr10	68956169	28899	+
DDX23	chr12	48829755	22408	-
DDX24	chr14	94048286	32916	-
DDX25	chr11	125904507	24336	+
DDX27	chr20	49219415	24658	+
DDX28	chr16	68020915	2317	-
DDX31	chr9	132592996	76987	-
DDX39A	chr19	14408797	10544	-
DDX39B	chr6	31530225	11778	-
DDX3X	chrX	41334161	16113	+
DDX3Y	chrY	12904867	15611	+
DDX4	chr5	55738060	79097	+
DDX41	chr5	177511576	5385	-
DDX42	chr17	63774169	45148	+
DDX43	chr6	73394827	22739	+
DDX46	chr5	134758778	72343	+
DDX47	chr12	12813345	16636	+
DDX49	chr19	18919714	8916	+
DDX5	chr17	64498253	8036	-
DDX50	chr10	68901314	45533	+
DDX51	chr12	132136593	7726	-
DDX52	chr17	37609738	33708	-
DDX53	chrX	22999959	3630	+
DDX54	chr12	113157172	28306	-
DDX55	chr12	123602098	18845	+
DDX56	chr7	44565803	8105	-
DDX59	chr1	200644036	25871	-
DDX6	chr11	118747762	43402	-
DDX60	chr4	168216293	102459	-
DDX60L	chr4	168356734	123758	-
DEAF1	chr11	644232	50990	-
DECR1	chr8	90001476	52157	+
DECR2	chr16	401884	10598	+
DEDD	chr1	161120973	11694	-
DEDD2	chr19	42198597	19080	-
DEF6	chr6	35297817	23954	+
DEF8	chr16	89948754	19306	+
DEFA1	chr8	6977648	2444	-
DEFA1B	chr8	6996765	2433	-
DEFA3	chr8	7015868	2429	-
DEFA4	chr8	6935819	2487	-
DEFA5	chr8	7055303	1436	-
DEFA6	chr8	6924696	1380	-
DEFB1	chr8	6870591	7345	-
DEFB103A	chr8	7881391	1272	+
DEFB103B	chr8	7428887	1461	-
DEFB104A	chr8	7836435	4807	+
DEFB104B	chr8	7470307	4775	-
DEFB105A	chr8	7821003	2877	-
DEFB105B	chr8	7487678	1915	+
DEFB106A	chr8	7825138	3915	+
DEFB106B	chr8	7482503	3897	-
DEFB107A	chr8	7811719	3997	-
DEFB107B	chr8	7495910	13401	+
DEFB108B	chr11	71833199	4511	+
DEFB109B	chr8	7312721	7375	+
DEFB110	chr6	50018842	3152	-
DEFB112	chr6	50042098	7831	-
DEFB113	chr6	49968676	949	-
DEFB114	chr6	49960248	3916	-
DEFB115	chr20	31257663	1969	+
DEFB116	chr20	31303211	5374	-
DEFB118	chr20	31368600	5323	+
DEFB119	chr20	31377163	13427	-
DEFB121	chr20	31404844	1371	-
DEFB123	chr20	31440631	9626	+
DEFB124	chr20	31465470	9657	-
DEFB125	chr20	87671	9423	+
DEFB126	chr20	142589	3162	+
DEFB127	chr20	157453	1710	+
DEFB128	chr20	187852	1859	-
DEFB129	chr20	227257	2629	+
DEFB130A	chr8	12310961	7355	-
DEFB130B	chr8	12064388	7359	-
DEFB131A	chr4	9444413	6253	+
DEFB131B	chr11	71878452	6109	+
DEFB132	chr20	257723	3373	+
DEFB134	chr8	11993173	7579	-
DEFB135	chr8	11982255	2335	+
DEFB136	chr8	11973936	663	-
DEFB4A	chr8	7894676	2040	+
DEFB4B	chr8	7414854	2009	-
DEGS1	chr1	224183239	10202	+
DEGS2	chr14	100143956	15689	-
DEK	chr6	18223859	40671	-
DELE1	chr5	141923870	18177	+
DENND10	chr10	119104112	33872	+
DENND11	chr7	141656727	45439	-
DENND1A	chr9	123379657	550469	-
DENND1B	chr1	197504747	270733	-
DENND1C	chr19	6467206	14581	-
DENND2A	chr7	140518419	122394	-
DENND2B	chr11	8693351	117323	-
DENND2C	chr1	114582849	87200	-
DENND2D	chr1	111185968	14678	-
DENND3	chr8	141128588	67216	+
DENND4A	chr15	65659122	133171	-
DENND4B	chr1	153929500	17218	-
DENND4C	chr9	19230692	143589	+
DENND5A	chr11	9138824	126526	-
DENND5B	chr12	31382225	208911	-
DENND6A	chr3	57625453	67624	-
DENND6B	chr22	50309029	17983	-
DENR	chr12	122752823	18241	+
DEPDC1	chr1	68474151	22931	-
DEPDC1B	chr5	60596911	103255	-
DEPDC4	chr12	100240061	27018	-
DEPDC5	chr22	31754018	154015	+
DEPDC7	chr11	33015877	17705	+
DEPP1	chr10	44976127	2682	-
DEPTOR	chr8	119873721	177197	+
DERA	chr12	15911331	126050	+
DERL1	chr8	123013169	29133	-
DERL2	chr17	5471253	14925	-
DERL3	chr22	23834502	4504	-
DERPC	chr16	69118009	14579	-
DES	chr2	219418376	8358	+
DESI1	chr22	41598027	23016	-
DESI2	chr1	244653125	55908	+
DET1	chr15	88512479	34202	-
DEUP1	chr11	93330741	107729	+
DEXI	chr16	10928890	13578	-
DFFA	chr1	10456521	16008	-
DFFB	chr1	3857475	27954	+
DGAT1	chr8	144314583	12269	-
DGAT2	chr11	75768777	32757	+
DGAT2L6	chrX	70177482	28222	+
DGCR2	chr22	19036285	86127	-
DGCR6	chr22	18906319	5769	+
DGCR6L	chr22	20314237	5823	-
DGCR8	chr22	20080240	31632	+
DGKA	chr12	55931161	22862	+
DGKB	chr7	14145048	757703	-
DGKD	chr2	233354493	117605	+
DGKE	chr17	56834150	35417	+
DGKG	chr3	186147200	215034	-
DGKH	chr13	42048647	194249	+
DGKI	chr7	137381036	465938	-
DGKK	chrX	50365408	105417	-
DGKQ	chr4	958886	14683	-
DGKZ	chr11	46347462	33089	+
DGLUCY	chr14	91114072	111560	+
DGUOK	chr2	73926879	32067	+
DHCR24	chr1	54849626	37569	-
DHCR7	chr11	71434410	13983	-
DHDDS	chr1	26432320	38986	+
DHDH	chr19	48933698	11271	+
DHFR	chr5	80626225	28758	-
DHFR2	chr3	94057921	4995	-
DHH	chr12	49086655	8146	-
DHODH	chr16	72008743	18916	+
DHPS	chr19	12675716	6164	-
DHRS1	chr14	24290597	9183	-
DHRS11	chr17	36591878	8926	+
DHRS12	chr13	51767992	36171	-
DHRS13	chr17	28897780	5299	-
DHRS2	chr14	23636363	9276	+
DHRS3	chr1	12567909	50301	-
DHRS4	chr14	23953769	15510	+
DHRS4L2	chr14	23988928	17475	+
DHRS7	chr14	60144118	21280	-
DHRS7B	chr17	21126963	64457	+
DHRS7C	chr17	9771437	20155	-
DHRS9	chr2	169069562	26605	+
DHRSX	chrX	2219505	281471	-
DHTKD1	chr10	12068953	54268	+
DHX15	chr4	24527474	57080	-
DHX16	chr6	30653126	19880	-
DHX29	chr5	55256054	51640	-
DHX30	chr3	47803137	47056	+
DHX32	chr10	125836336	44956	-
DHX33	chr17	5440916	28066	-
DHX34	chr19	47349314	33390	+
DHX35	chr20	38962343	77378	+
DHX36	chr3	154272545	51942	-
DHX37	chr12	124946825	42306	-
DHX38	chr16	72093846	19066	+
DHX40	chr17	59565609	42736	+
DHX57	chr2	38797728	78206	-
DHX58	chr17	42101410	11304	-
DHX8	chr17	43483974	41696	+
DHX9	chr1	182839346	48636	+
DIABLO	chr12	122207667	18385	-
DIAPH1	chr5	141515020	103980	-
DIAPH2	chrX	96684841	920156	+
DIAPH3	chr13	59665582	498346	-
DICER1	chr14	95086227	71302	-
DIDO1	chr20	62877742	48763	-
DIMT1	chr5	62387253	16652	-
DIO1	chr1	53894186	16900	+
DIO2	chr14	80197525	13979	-
DIO3	chr14	101561494	1958	+
DIP2A	chr21	46458890	111125	+
DIP2B	chr12	50504984	243673	+
DIP2C	chr10	274200	415468	-
DIPK1A	chr1	92842166	119296	-
DIPK1B	chr9	136712571	12171	+
DIPK1C	chr18	74434774	22534	-
DIPK2A	chr3	143971822	20546	+
DIPK2B	chrX	45148372	52504	-
DIRAS1	chr19	2714566	6806	-
DIRAS2	chr9	90609831	32993	-
DIRAS3	chr1	68045961	4666	-
DIS3	chr13	72752168	29732	-
DIS3L	chr15	66293567	40331	+
DIS3L2	chr2	231961712	375480	+
DISC1	chr1	231626789	414483	+
DISP1	chr1	222815038	190957	+
DISP2	chr15	40358218	20403	+
DISP3	chr1	11479154	58397	+
DIXDC1	chr11	111937342	85311	+
DKC1	chrX	154762863	14826	+
DKK1	chr10	52314280	3377	+
DKK2	chr4	106921801	114512	-
DKK3	chr11	11963035	45591	-
DKK4	chr8	42374062	3167	-
DKKL1	chr19	49363876	11240	+
DLAT	chr11	112025407	38997	+
DLC1	chr8	13083360	431491	-
DLD	chr7	107891182	30016	+
DLEC1	chr3	38039207	84818	+
DLEU7	chr13	50822904	20788	-
DLG1	chr3	197042559	256053	-
DLG2	chr11	83455172	2172172	-
DLG3	chrX	70444834	60656	+
DLG4	chr17	7187186	30441	-
DLG5	chr10	77790790	135965	-
DLGAP1	chr18	3496031	959276	-
DLGAP2	chr8	737627	970849	+
DLGAP3	chr1	34865435	64215	-
DLGAP4	chr20	36306338	222295	+
DLGAP5	chr14	55148134	43451	-
DLK1	chr14	100726891	11333	+
DLK2	chr6	43450351	5197	-
DLL1	chr6	170282205	8873	-
DLL3	chr19	39498946	9523	+
DLL4	chr15	40929339	9734	+
DLST	chr14	74881915	21828	+
DLX1	chr2	172085506	4168	+
DLX2	chr2	172099437	3463	-
DLX3	chr17	49990004	5220	-
DLX4	chr17	49969189	5770	+
DLX5	chr7	97020395	4436	-
DLX6	chr7	97005552	5488	+
DMAC1	chr9	7796499	3279	-
DMAC2	chr19	41431317	8595	-
DMAC2L	chr14	50312323	15634	+
DMAP1	chr1	44213470	7203	+
DMBT1	chr10	122560753	82983	+
DMBX1	chr1	46489835	26381	+
DMC1	chr22	38518947	51236	-
DMD	chrX	31119221	2092328	-
DMGDH	chr5	78997563	72111	-
DMKN	chr19	35497219	16430	-
DMP1	chr4	87650279	14078	+
DMPK	chr19	45769716	12774	-
DMRT1	chr9	841696	127394	+
DMRT2	chr9	1050356	7196	+
DMRT3	chr9	976654	15078	+
DMRTA1	chr9	22446823	8917	+
DMRTA2	chr1	50417549	5894	-
DMRTB1	chr1	53459398	8090	+
DMRTC1	chrX	72872024	71813	-
DMRTC1B	chrX	72776889	71914	+
DMRTC2	chr19	41845041	7292	+
DMTF1	chr7	87152452	43873	+
DMTN	chr8	22056813	25712	+
DMWD	chr19	45782946	9899	-
DMXL1	chr5	119071086	178041	+
DMXL2	chr15	51447790	174981	-
DNA2	chr10	68414063	57910	-
DNAAF1	chr16	84145307	32611	+
DNAAF10	chr2	68129804	27723	-
DNAAF11	chr8	132570415	105130	-
DNAAF19	chr17	44899728	5662	+
DNAAF2	chr14	49625173	10071	-
DNAAF3	chr19	55158664	7949	-
DNAAF4	chr15	55430307	77927	-
DNAAF5	chr7	726698	59777	+
DNAAF6	chrX	107206610	37637	+
DNAAF8	chr16	4734536	14860	+
DNAAF9	chr20	3249305	158364	-
DNAH1	chr3	52316318	84174	+
DNAH10	chr12	123762300	173414	+
DNAH11	chr7	21543038	358801	+
DNAH12	chr3	57293699	250645	-
DNAH14	chr1	224929674	469612	+
DNAH17	chr17	78423696	153700	-
DNAH2	chr17	7717743	115999	+
DNAH3	chr16	20933110	217736	-
DNAH5	chr5	13690327	254361	-
DNAH6	chr2	84516497	303092	+
DNAH7	chr2	195737702	331135	-
DNAH8	chr6	38715310	315482	+
DNAH9	chr17	11598469	371279	+
DNAI1	chr9	34458804	62180	+
DNAI2	chr17	74274233	40651	+
DNAI3	chr1	85062326	70812	+
DNAI4	chr1	66812884	111972	-
DNAI7	chr12	25108288	86872	-
DNAJA1	chr9	33025272	14635	+
DNAJA2	chr16	46955361	18313	-
DNAJA3	chr16	4425867	30908	+
DNAJA4	chr15	78264561	17630	+
DNAJB1	chr19	14514768	3629	-
DNAJB11	chr3	186570719	15074	+
DNAJB12	chr10	72332862	22057	-
DNAJB13	chr11	73951025	19256	+
DNAJB14	chr4	99896247	50371	-
DNAJB2	chr2	219279365	7530	+
DNAJB4	chr1	78004938	13026	+
DNAJB5	chr9	34989744	8684	+
DNAJB6	chr7	157337003	80436	+
DNAJB7	chr22	40859548	2565	-
DNAJB8	chr3	128462436	4454	-
DNAJB9	chr7	108569873	4977	+
DNAJC1	chr10	21756547	247183	-
DNAJC10	chr2	182716256	78208	+
DNAJC11	chr1	6634169	67647	-
DNAJC12	chr10	67796668	41520	-
DNAJC13	chr3	132417501	121531	+
DNAJC14	chr12	55820984	8603	-
DNAJC15	chr13	43023585	90628	+
DNAJC16	chr1	15526847	44886	+
DNAJC17	chr15	40765160	42313	-
DNAJC18	chr5	139410202	29323	-
DNAJC19	chr3	180983708	6028	-
DNAJC2	chr7	103312288	32479	-
DNAJC21	chr5	34929558	29406	+
DNAJC22	chr12	49346887	6803	+
DNAJC24	chr11	31369859	62976	+
DNAJC25	chr9	111631333	23012	+
DNAJC27	chr2	24943641	28314	-
DNAJC28	chr21	33488054	3662	-
DNAJC3	chr13	95677138	117850	+
DNAJC30	chr7	73680917	2536	-
DNAJC4	chr11	64230547	3734	+
DNAJC5	chr20	63895125	40886	+
DNAJC5B	chr8	66021552	79693	+
DNAJC5G	chr2	27275432	6067	+
DNAJC6	chr1	65309542	106329	+
DNAJC7	chr17	41976434	41005	-
DNAJC8	chr1	28200277	32752	-
DNAJC9	chr10	73241953	5302	-
DNAL1	chr14	73644985	58747	+
DNAL4	chr22	38778507	15636	-
DNALI1	chr1	37556939	9918	+
DNASE1	chr16	3654690	3405	+
DNASE1L1	chrX	154401235	8019	-
DNASE1L2	chr16	2236443	2268	+
DNASE1L3	chr3	58192256	18716	-
DNASE2	chr19	12875208	6241	-
DNASE2B	chr1	84398483	16535	+
DND1	chr5	140670793	2783	-
DNER	chr2	229357628	356927	-
DNHD1	chr11	6497279	74741	+
DNLZ	chr9	136359482	4262	-
DNM1	chr9	128203378	51866	+
DNM1L	chr12	32679300	66350	+
DNM2	chr19	10718078	113825	+
DNM3	chr1	171841497	571220	+
DNMBP	chr10	99875576	134371	-
DNMT1	chr19	10133345	61608	-
DNMT3A	chr2	25227873	114052	-
DNMT3B	chr20	32762384	46972	+
DNMT3L	chr21	44246338	15559	-
DNPEP	chr2	219372042	15870	-
DNPH1	chr6	43225628	3853	-
DNTT	chr10	96304433	34131	+
DNTTIP1	chr20	45791953	19465	+
DNTTIP2	chr1	93866283	12923	-
DOC2A	chr16	30005513	5514	-
DOC2B	chr17	142788	38862	-
DOCK1	chr10	126905427	547089	+
DOCK10	chr2	224765089	277379	-
DOCK11	chrX	118495814	190333	+
DOCK2	chr5	169637274	446108	+
DOCK3	chr3	50674926	709272	+
DOCK4	chr7	111726109	480290	-
DOCK5	chr8	25184688	231023	+
DOCK6	chr19	11199294	63230	-
DOCK7	chr1	62454725	233661	-
DOCK8	chr9	214864	250391	+
DOCK9	chr13	98793428	184636	-
DOHH	chr19	3490823	9851	-
DOK1	chr2	74554719	2832	+
DOK2	chr8	21908872	4818	-
DOK3	chr5	177501903	7923	-
DOK4	chr16	57471921	14572	-
DOK5	chr20	54475592	175577	+
DOK6	chr18	69400887	448200	+
DOK7	chr4	3463305	31177	+
DOLK	chr9	128945529	2074	-
DOLPP1	chr9	129081110	9328	+
DONSON	chr21	33577550	11134	-
DOP1A	chr6	83067670	100801	+
DOP1B	chr21	36156823	137451	+
DORIP1	chr14	44897274	9983	+
DOT1L	chr19	2163932	68646	+
DPAGT1	chr11	119096509	5344	-
DPCD	chr10	101588320	21342	+
DPEP1	chr16	89613641	24792	+
DPEP2	chr16	67987393	12091	-
DPEP2NB	chr16	68013435	2476	-
DPEP3	chr16	67975662	4837	-
DPF1	chr19	38211005	13217	-
DPF2	chr11	65333851	20411	+
DPF3	chr14	72609033	285068	-
DPH1	chr17	2030152	13746	+
DPH2	chr1	43970009	3360	+
DPH3	chr3	16257060	7883	-
DPH5	chr1	100989622	36162	-
DPH6	chr15	35370879	175286	-
DPH7	chr9	137554443	24482	-
DPM1	chr20	50934869	23663	-
DPM2	chr9	127935098	2756	-
DPM3	chr1	155139890	641	-
DPP10	chr2	114442640	1403140	+
DPP3	chr11	66480433	29224	+
DPP4	chr2	161992244	81971	-
DPP6	chr7	154052397	841888	+
DPP7	chr9	137110545	4188	-
DPP8	chr15	65442466	75223	-
DPP9	chr19	4675226	48616	-
DPPA2	chr3	109293787	22730	-
DPPA3	chr12	7711432	6127	+
DPPA4	chr3	109326143	11403	-
DPPA5	chr6	73353062	1214	-
DPRX	chr19	53631998	5016	+
DPT	chr1	168695467	33739	-
DPY19L1	chr7	34928880	108605	-
DPY19L2	chr12	63558912	109581	-
DPY19L3	chr19	32405769	80121	+
DPY19L4	chr8	94719899	73937	+
DPY30	chr2	32023904	15901	-
DPYD	chr1	97077742	843292	-
DPYS	chr8	104379430	87625	-
DPYSL2	chr8	26514030	144145	+
DPYSL3	chr5	147390807	119261	-
DPYSL4	chr10	132186947	18812	+
DPYSL5	chr2	26848131	102220	+
DQX1	chr2	74518130	8101	-
DR1	chr1	93345906	23587	+
DRAM1	chr12	101877579	46033	+
DRAM2	chr1	111117162	22931	-
DRAP1	chr11	65919425	2138	+
DRAXIN	chr1	11691709	34148	+
DRC1	chr2	26401919	54792	+
DRC10	chr12	113195445	25649	-
DRC11	chr2	236324150	183326	-
DRC11L	chr7	151190872	14624	-
DRC12	chr11	119190253	5588	-
DRC2	chr12	48904132	17444	+
DRC3	chr17	17972861	44028	+
DRC4	chr16	90022679	22281	+
DRC5	chr6	44278733	18965	-
DRC7	chr16	57694805	37000	+
DRC8	chr1	244969681	118156	+
DRC9	chr3	197889076	70915	-
DRD1	chr5	175440035	4147	-
DRD2	chr11	113409604	65794	-
DRD3	chr3	114127579	51473	-
DRD4	chr11	637268	3438	+
DRD5	chr4	9781633	2376	+
DRG1	chr22	31399603	34849	+
DRG2	chr17	18087947	20022	+
DRGX	chr10	49364065	32024	-
DRICH1	chr22	23608451	23870	-
DROSHA	chr5	31400493	131600	-
DRP2	chrX	101219785	44717	+
DSC1	chr18	31129235	33621	-
DSC2	chr18	31058839	43582	-
DSC3	chr18	30989364	53378	-
DSCAM	chr21	40010998	836160	-
DSCAML1	chr11	117427771	369445	-
DSCC1	chr8	119833975	21919	-
DSE	chr6	116370946	73915	+
DSEL	chr18	67506586	10134	-
DSG1	chr18	31318159	41087	+
DSG2	chr18	31498176	50832	+
DSG3	chr18	31447740	30962	+
DSG4	chr18	31376776	38133	+
DSN1	chr20	36751794	21969	-
DSP	chr6	7541670	45044	+
DSPP	chr4	87608528	8345	+
DST	chr6	56457995	496835	-
DSTN	chr20	17570074	39845	+
DSTYK	chr1	205142504	69198	-
DTD1	chr20	18588053	178591	+
DTD2	chr14	31446035	11471	-
DTHD1	chr4	36281615	65896	+
DTL	chr1	212035747	69266	+
DTNA	chr18	34710297	181547	+
DTNB	chr2	25377242	296335	-
DTNBP1	chr6	15522806	140222	-
DTWD1	chr15	49621047	35185	+
DTWD2	chr5	118836073	152474	-
DTX1	chr12	113056729	41296	+
DTX2	chr7	76461708	44283	+
DTX3	chr12	57604823	4979	+
DTX3L	chr3	122564337	10866	+
DTX4	chr11	59172131	36457	+
DTYMK	chr2	241675746	11069	-
DUOX1	chr15	45129993	35581	+
DUOX2	chr15	45092649	21523	-
DUOXA1	chr15	45117365	12514	-
DUOXA2	chr15	45114325	4096	+
DUS1L	chr17	82057505	8299	-
DUS2	chr16	68023283	56037	+
DUS3L	chr19	5785139	6024	-
DUS4L	chr7	107563970	14553	+
DUSP1	chr5	172768095	3100	-
DUSP10	chr1	221701423	40666	-
DUSP11	chr2	73762212	17891	-
DUSP12	chr1	161749785	7453	+
DUSP13A	chr10	75105668	3489	-
DUSP13B	chr10	75094435	5077	-
DUSP14	chr17	37489890	23608	+
DUSP15	chr20	31861076	9451	-
DUSP16	chr12	12473281	89582	-
DUSP18	chr22	30661444	6431	-
DUSP19	chr2	183078746	21262	+
DUSP2	chr2	96143168	2272	-
DUSP21	chrX	44844020	868	+
DUSP22	chr6	292486	58869	+
DUSP23	chr1	159780961	1582	+
DUSP26	chr8	33591329	8694	-
DUSP28	chr2	240560356	4900	+
DUSP29	chr10	75037471	36171	-
DUSP3	chr17	43766124	12853	-
DUSP4	chr8	29333063	17621	-
DUSP5	chr10	110497906	13627	+
DUSP6	chr12	89347234	5267	-
DUSP7	chr3	52048918	7653	-
DUSP8	chr11	1554050	18221	-
DUSP9	chrX	153647202	4124	+
DUT	chr15	48331428	11945	+
DUX4	chr4	190173773	2072	+
DUXA	chr19	57154020	13465	-
DUXB	chr16	75693892	7569	-
DVL1	chr1	1335277	14141	-
DVL2	chr17	7225341	9176	-
DVL3	chr3	184155376	18238	+
DXO	chr6	31969814	2324	-
DYDC1	chr10	80336104	20651	-
DYDC2	chr10	80356780	11293	+
DYM	chr18	49036386	424259	-
DYNAP	chr18	54591244	8249	+
DYNC1H1	chr14	101964572	91871	+
DYNC1I1	chr7	95772553	325871	+
DYNC1I2	chr2	171687468	62690	+
DYNC1LI1	chr3	32525973	44885	-
DYNC1LI2	chr16	66720892	30717	-
DYNC2H1	chr11	103109425	370438	+
DYNC2I1	chr7	158856557	89632	+
DYNC2I2	chr9	128633652	23195	-
DYNC2LI1	chr2	43774038	35972	+
DYNLL1	chr12	120496112	2381	+
DYNLL2	chr17	58083418	12124	+
DYNLRB1	chr20	34516421	24537	+
DYNLRB2	chr16	80540992	9819	+
DYNLT1	chr6	158636473	8270	-
DYNLT2	chr6	169740108	11464	-
DYNLT2B	chr3	196291218	27022	-
DYNLT3	chrX	37838835	8736	-
DYNLT4	chr1	44805892	1459	-
DYNLT5	chr1	66752458	26589	+
DYRK1A	chr21	37366772	159586	+
DYRK1B	chr19	39825349	8813	-
DYRK2	chr12	67648744	16662	+
DYRK3	chr1	206635535	19623	+
DYRK4	chr12	4562207	51668	+
DYSF	chr2	71466698	220065	+
DYTN	chr2	206651620	66776	-
DZANK1	chr20	18383366	83664	-
DZIP1	chr13	95578201	66505	-
DZIP1L	chr3	138061989	53619	-
DZIP3	chr3	108589721	105119	+
E2F1	chr20	33675476	10909	-
E2F2	chr1	23506437	24796	-
E2F3	chr6	20401878	91836	+
E2F4	chr16	67192154	6764	+
E2F5	chr8	85177153	37365	+
E2F6	chr2	11444374	21787	-
E2F7	chr12	77021250	44319	-
E2F8	chr11	19224062	16883	-
E4F1	chr16	2223590	12152	+
EAF1	chr3	15427597	15016	+
EAF2	chr3	121835208	51318	+
EAPP	chr14	34515937	23764	-
EARS2	chr16	23520753	36597	-
EBAG9	chr8	109540172	25824	+
EBF1	chr5	158695919	403997	-
EBF2	chr8	25841724	203689	-
EBF3	chr10	129835232	129042	-
EBF4	chr20	2692779	67329	+
EBI3	chr19	4229522	8006	+
EBLN1	chr10	22208474	9541	-
EBLN2	chr3	73061658	1679	+
EBNA1BP2	chr1	43164183	8107	-
EBP	chrX	48521807	6909	+
EBPL	chr13	49660673	30813	-
ECD	chr10	73133667	34341	-
ECE1	chr1	21217249	73214	-
ECE2	chr3	184276021	17010	+
ECEL1	chr2	232479826	8008	-
ECH1	chr19	38815421	16373	-
ECHDC1	chr6	127288711	54898	-
ECHDC2	chr1	52895909	25831	-
ECHDC3	chr10	11742381	21689	+
ECHS1	chr10	133362484	10870	-
ECI1	chr16	2239401	12186	-
ECI2	chr6	4115705	19870	-
ECM1	chr1	150508108	5681	+
ECM2	chr9	92495314	40676	-
ECPAS	chr9	111360684	123699	-
ECRG4	chr2	106065687	12468	+
ECSCR	chr5	139448559	14184	-
ECSIT	chr19	11505928	23206	-
ECT2	chr3	172750725	70749	+
ECT2L	chr6	138796086	107984	+
EDA	chrX	69616112	423360	+
EDA2R	chrX	66595636	43442	-
EDAR	chr2	108894470	94750	-
EDARADD	chr1	236394285	90645	+
EDC3	chr15	74630557	65467	-
EDC4	chr16	67873051	11448	+
EDDM13	chr19	56272747	37707	+
EDDM3A	chr14	20745886	2494	+
EDDM3B	chr14	20768403	2545	+
EDEM1	chr3	5187706	32252	+
EDEM2	chr20	35115363	31973	-
EDEM3	chr1	184690236	64622	-
EDF1	chr9	136862118	4190	-
EDIL3	chr5	83940553	444327	-
EDN1	chr6	12290360	6834	+
EDN2	chr1	41478774	5909	-
EDN3	chr20	59300610	25382	+
EDNRA	chr4	147481096	63858	+
EDNRB	chr13	77895486	23345	-
EDRF1	chr10	125719708	44431	+
EEA1	chr12	92770636	158659	-
EED	chr11	86244752	34058	+
EEF1A1	chr6	73515749	5283	-
EEF1A2	chr20	63488013	11070	-
EEF1AKMT1	chr13	20728730	45231	-
EEF1AKMT2	chr10	124757833	34054	-
EEF1AKMT3	chr12	57772613	9928	+
EEF1AKMT4	chr3	184249671	9088	+
EEF1B2	chr2	206159894	3034	+
EEF1D	chr8	143579727	17688	-
EEF1E1	chr6	8079394	23154	-
EEF1G	chr11	62559595	14296	-
EEF2	chr19	3976055	9408	-
EEF2K	chr16	22206277	82461	+
EEF2KMT	chr16	5084283	13512	-
EEFSEC	chr3	128153480	255166	+
EEIG1	chr9	127940581	40408	-
EEIG2	chr1	108560099	79223	+
EEPD1	chr7	36153253	148285	+
EFCAB10	chr7	105565123	16370	-
EFCAB11	chr14	89794668	160062	-
EFCAB12	chr3	129401320	27316	-
EFCAB13	chr17	47323954	117358	+
EFCAB14	chr1	46675158	43956	-
EFCAB3	chr17	62380552	35928	+
EFCAB5	chr17	29941633	166819	+
EFCAB6	chr22	43528777	283528	-
EFCAB7	chr1	63523524	49169	+
EFCAB8	chr20	32858922	102923	+
EFCAB9	chr5	172194171	9283	+
EFCC1	chr3	129001303	39439	+
EFEMP1	chr2	55865966	57816	-
EFEMP2	chr11	65866440	6360	-
EFHB	chr3	19879471	54746	-
EFHC1	chr6	52420341	76857	+
EFHC2	chrX	44147871	195801	-
EFHD1	chr2	232633603	49173	+
EFHD2	chr1	15409887	20452	+
EFL1	chr15	82130232	132502	-
EFNA1	chr1	155127875	7024	+
EFNA2	chr19	1285872	15559	+
EFNA3	chr1	155078836	8702	+
EFNA4	chr1	155063739	5814	+
EFNA5	chr5	107376893	294044	-
EFNB1	chrX	68829020	13140	+
EFNB2	chr13	106489744	45918	-
EFNB3	chr17	7705201	6171	+
EFR3A	chr8	131904092	109550	+
EFR3B	chr2	25042075	117060	+
EFS	chr14	23356405	8767	-
EFTUD2	chr17	44849947	49498	-
EGF	chr4	109912882	100884	+
EGFL6	chrX	13569600	63975	+
EGFL7	chr9	136662915	9763	+
EGFL8	chr6	32164594	3687	+
EGFLAM	chr5	38258558	206922	+
EGFR	chr7	55019016	192612	+
EGLN1	chr1	231363755	58532	-
EGLN2	chr19	40799190	9244	+
EGLN3	chr14	33924226	26848	-
EGR1	chr5	138465478	3825	+
EGR2	chr10	62811995	4371	-
EGR3	chr8	22687658	5822	-
EGR4	chr2	73290928	2620	-
EHBP1	chr2	62705712	340775	+
EHBP1L1	chr11	65576052	16598	+
EHD1	chr11	64851641	26980	-
EHD2	chr19	47713421	29713	+
EHD3	chr2	31234151	35300	+
EHD4	chr15	41895932	76625	-
EHF	chr11	34621092	42196	+
EHHADH	chr3	185190623	63426	-
EHMT1	chr9	137619004	217123	+
EHMT2	chr6	31879758	17940	-
EI24	chr11	125569476	15208	+
EID1	chr15	48878133	2040	+
EID2	chr19	39538706	1455	-
EID2B	chr19	39530986	1866	-
EID3	chr12	104303738	1467	+
EIF1	chr17	41688884	3784	+
EIF1AD	chr11	65996544	5613	-
EIF1AX	chrX	20124524	17314	-
EIF1AY	chrY	20575775	17379	+
EIF1B	chr3	40309706	2718	+
EIF2A	chr3	150546786	39230	+
EIF2AK1	chr7	6022246	36929	-
EIF2AK2	chr2	37099209	57771	-
EIF2AK3	chr2	88556740	70724	-
EIF2AK4	chr15	39934114	101477	+
EIF2B1	chr12	123620405	13281	-
EIF2B2	chr14	75002920	9446	+
EIF2B3	chr1	44850521	136074	-
EIF2B4	chr2	27364351	5987	-
EIF2B5	chr3	184135357	9954	+
EIF2D	chr1	206591641	20824	-
EIF2S1	chr14	67360327	26189	+
EIF2S2	chr20	34088308	23935	-
EIF2S3	chrX	24054955	23855	+
EIF2S3B	chr12	10505889	2636	+
EIF3A	chr10	119033669	47148	-
EIF3B	chr7	2354826	25919	+
EIF3C	chr16	28711463	24133	+
EIF3CL	chr16	28379714	24127	-
EIF3D	chr22	36510854	18312	-
EIF3E	chr8	108201215	47502	-
EIF3F	chr11	7987336	14516	+
EIF3G	chr19	10115013	4886	-
EIF3H	chr8	116642129	113694	-
EIF3I	chr1	32222406	9198	+
EIF3J	chr15	44537146	25657	+
EIF3K	chr19	38619187	17767	+
EIF3L	chr22	37849418	39989	+
EIF3M	chr11	32583830	22434	+
EIF4A1	chr17	7572824	6182	+
EIF4A2	chr3	186783576	6321	+
EIF4A3	chr17	80134368	12760	-
EIF4B	chr12	53006455	35760	+
EIF4E	chr4	98879275	49858	-
EIF4E1B	chr5	176630674	15970	+
EIF4E2	chr2	232550688	18522	+
EIF4E3	chr3	71675413	49989	-
EIF4EBP1	chr8	38030533	29832	+
EIF4EBP2	chr10	70404144	24474	+
EIF4EBP3	chr5	140547661	1915	+
EIF4ENIF1	chr22	31439366	50476	-
EIF4G1	chr3	184314605	20748	+
EIF4G2	chr11	10797053	11873	-
EIF4G3	chr1	20806478	370419	-
EIF4H	chr7	74174355	22741	+
EIF5	chr14	103334236	10789	+
EIF5A	chr17	7307627	4836	+
EIF5A2	chr3	170888417	20220	-
EIF5AL1	chr10	79512532	3908	+
EIF5B	chr2	99337388	63938	+
EIF6	chr20	35278917	5855	-
EIPR1	chr2	3188969	188849	-
ELAC1	chr18	50968039	20082	+
ELAC2	chr17	12991611	26416	-
ELANE	chr19	852302	3941	+
ELAPOR1	chr1	109114114	92667	+
ELAPOR2	chr7	86876905	182749	-
ELAVL1	chr19	7958572	47069	-
ELAVL2	chr9	23690103	136137	-
ELAVL3	chr19	11451325	29721	-
ELAVL4	chr1	50108919	94853	+
ELF1	chr13	40931923	87393	-
ELF2	chr4	139057264	119954	-
ELF3	chr1	202010586	6597	+
ELF4	chrX	130063954	46543	-
ELF5	chr11	34478790	35004	-
ELFN1	chr7	1670276	77670	+
ELFN2	chr22	37367959	59520	-
ELK1	chrX	47635520	15043	-
ELK3	chr12	96194374	75450	+
ELK4	chr1	205607942	24069	-
ELL	chr19	18442662	79408	-
ELL2	chr5	95885097	76754	-
ELL3	chr15	43772619	4347	-
ELMO1	chr7	36852905	595959	-
ELMO2	chr20	46366049	40566	-
ELMO3	chr16	67199130	4874	+
ELMOD1	chr11	107591146	75633	+
ELMOD2	chr4	140524167	29603	+
ELMOD3	chr2	85354768	36980	+
ELN	chr7	74028172	41735	+
ELOA	chr1	23743470	18589	+
ELOA2	chr18	47032526	3095	-
ELOB	chr16	2771413	5867	-
ELOC	chr8	73945118	27073	-
ELOF1	chr19	11553045	6185	-
ELOVL1	chr1	43363400	4611	-
ELOVL2	chr6	10980758	63547	-
ELOVL3	chr10	102226298	3291	+
ELOVL4	chr6	79914813	32740	-
ELOVL5	chr6	53267403	81547	-
ELOVL6	chr4	110045845	152770	-
ELOVL7	chr5	60751790	92479	-
ELP1	chr9	108867516	66608	-
ELP2	chr18	36129898	50659	+
ELP3	chr8	28093138	98015	+
ELP4	chr11	31509766	280558	+
ELP5	chr17	7252214	7723	+
ELP6	chr3	47495639	18073	-
ELSPBP1	chr19	47994631	30523	+
EMB	chr5	50396191	45097	-
EMC1	chr1	19215659	35865	-
EMC10	chr19	50476506	14365	+
EMC2	chr8	108443623	45573	+
EMC3	chr3	9962681	24160	-
EMC4	chr15	34225015	5141	+
EMC6	chr17	3668811	854	+
EMC7	chr15	34084016	17846	-
EMC8	chr16	85778623	20921	-
EMC9	chr14	24138964	2627	-
EMCN	chr4	100395340	122682	-
EMD	chrX	154379294	2229	+
EME1	chr17	50373228	8255	+
EME2	chr16	1772809	8893	+
EMG1	chr12	6970912	9024	+
EMID1	chr22	29205895	53702	+
EMILIN1	chr2	27078614	7789	+
EMILIN2	chr18	2847005	68998	+
EMILIN3	chr20	41359961	6857	-
EML1	chr14	99793412	148648	+
EML2	chr19	45609399	29998	-
EML3	chr11	62602217	10558	-
EML4	chr2	42169352	163196	+
EML5	chr14	88612430	180523	-
EML6	chr2	54723661	248364	+
EMP1	chr12	13196725	23216	+
EMP2	chr16	10528421	52177	-
EMP3	chr19	48325551	5002	+
EMSY	chr11	76445017	108014	+
EMX1	chr2	72917518	17373	+
EMX2	chr10	117542745	6801	+
EN1	chr2	118842170	5478	-
EN2	chr7	155458128	6703	+
ENAH	chr1	225486828	166295	-
ENAM	chr4	70628743	18081	+
ENC1	chr5	74627408	13320	-
ENDOD1	chr11	95089845	42800	+
ENDOG	chr9	128818499	4177	+
ENDOU	chr12	47709733	15757	-
ENDOV	chr17	80415166	22920	+
ENG	chr9	127815015	39643	-
ENGASE	chr17	79074823	13776	+
ENHO	chr9	34521042	1948	-
ENKD1	chr16	67662944	3806	-
ENKUR	chr10	24981984	34174	-
ENO1	chr1	8860999	17687	-
ENO2	chr12	6914579	9118	+
ENO3	chr17	4951118	6011	+
ENO4	chr10	116849498	33103	+
ENOPH1	chr4	82430589	30588	+
ENOSF1	chr18	670317	42313	-
ENOX1	chr13	43213129	573843	-
ENOX2	chrX	130622324	280885	-
ENPEP	chr4	110476154	89131	+
ENPP1	chr6	131808019	87136	+
ENPP2	chr8	119557085	81754	-
ENPP3	chr6	131637301	110109	+
ENPP4	chr6	46129988	16700	+
ENPP5	chr6	46159184	11796	-
ENPP6	chr4	184088705	129168	-
ENPP7	chr17	79730942	11277	+
ENSA	chr1	150622124	7488	-
ENTHD1	chr22	39743043	150717	-
ENTPD1	chr10	95756162	121104	+
ENTPD2	chr9	137048106	5955	-
ENTPD3	chr3	40387183	41561	+
ENTPD4	chr8	23429161	28486	-
ENTPD5	chr14	73963229	56059	-
ENTPD6	chr20	25195711	32364	+
ENTPD7	chr10	99659508	51733	+
ENTPD8	chr9	137434363	6994	-
ENTR1	chr9	136401921	8693	-
ENTREP1	chr9	69325214	67242	+
ENTREP2	chr15	29120251	450728	-
ENTREP3	chr1	155247204	8279	-
ENY2	chr8	109334346	11608	+
EOGT	chr3	68975224	38460	-
EOLA1	chrX	149541011	7320	+
EOLA2	chrX	149932196	6295	-
EOMES	chr3	27715952	6371	-
EP300	chr22	41092591	87486	+
EP400	chr12	131949941	130519	+
EPAS1	chr2	46297406	89291	+
EPB41	chr1	28914568	205473	+
EPB41L1	chr20	36154739	78060	+
EPB41L2	chr6	130839346	223899	-
EPB41L3	chr18	5392385	151612	-
EPB41L4A	chr5	112162618	256659	-
EPB41L4B	chr9	109171973	149086	-
EPB41L5	chr2	120013076	166043	+
EPB42	chr15	43197226	23792	-
EPC1	chr10	32267750	79408	-
EPC2	chr2	148644750	142819	+
EPCAM	chr2	47369310	17710	+
EPCIP	chr21	32790672	23031	-
EPDR1	chr7	37920639	31297	+
EPG5	chr18	45847608	119721	-
EPGN	chr4	74308469	8320	+
EPHA1	chr7	143391128	17728	-
EPHA10	chr1	37715975	49145	-
EPHA2	chr1	16124336	31733	-
EPHA3	chr3	89107620	374514	+
EPHA4	chr2	221418026	154278	-
EPHA5	chr4	65319566	350923	-
EPHA6	chr3	96814593	946939	+
EPHA7	chr6	93240019	179540	-
EPHA8	chr1	22563488	40107	+
EPHB1	chr3	134795259	465208	+
EPHB2	chr1	22710838	210662	+
EPHB3	chr3	184561784	20624	+
EPHB4	chr7	100802564	24959	-
EPHB6	chr7	142855075	16018	+
EPHX1	chr1	225810123	35440	+
EPHX2	chr8	27491142	54422	+
EPHX3	chr19	15226918	5530	-
EPHX4	chr1	92029984	33554	+
EPM2A	chr6	145625304	110216	-
EPM2AIP1	chr3	36985042	8089	-
EPN1	chr19	55675225	34308	+
EPN2	chr17	19237365	99350	+
EPN3	chr17	50532734	11016	+
EPO	chr7	100720467	3233	+
EPOP	chr17	38671702	3255	-
EPOR	chr19	11377206	7108	-
EPPIN	chr20	45540625	6776	-
EPPK1	chr8	143857323	21144	-
EPRS1	chr1	219968599	77906	-
EPS15	chr1	51354262	165004	-
EPS15L1	chr19	16355246	116724	-
EPS8	chr12	15620133	169255	-
EPS8L1	chr19	55075868	12055	+
EPS8L2	chr11	706230	21497	+
EPS8L3	chr1	109750079	13844	-
EPSTI1	chr13	42886387	105854	-
EPX	chr17	58192725	12449	+
EPYC	chr12	90963681	41291	-
EQTN	chr9	27284653	12497	-
ERAL1	chr17	28855015	6046	+
ERAP1	chr5	96774483	33462	-
ERAP2	chr5	96876499	43204	+
ERAS	chrX	48826512	3357	+
ERBB2	chr17	39700063	28595	+
ERBB3	chr12	56080164	23341	+
ERBB4	chr2	211375716	1163086	-
ERBIN	chr5	65926574	155972	+
ERC1	chr12	991222	504709	+
ERC2	chr3	55508310	960157	-
ERCC1	chr19	45407333	16584	-
ERCC2	chr19	45349836	20737	-
ERCC3	chr2	127257289	36855	-
ERCC4	chr16	13920153	32195	+
ERCC5	chr13	102846031	29964	+
ERCC6	chr10	49454469	84652	-
ERCC6L	chrX	72204664	34363	-
ERCC6L2	chr9	95875690	142757	+
ERCC8	chr5	60866453	78617	-
EREG	chr4	74365144	23605	+
ERF	chr19	42247568	7560	-
ERFE	chr2	238158969	9921	+
ERFL	chr19	41907703	20746	-
ERG	chr21	38380035	118442	-
ERG28	chr14	75649790	11086	-
ERGIC1	chr5	172834250	118433	+
ERGIC2	chr12	29337351	43821	-
ERGIC3	chr20	35542077	15557	+
ERH	chr14	69380127	18172	-
ERI1	chr8	9002896	30442	+
ERI2	chr16	20796339	10133	-
ERI3	chr1	44221069	134188	-
ERICH1	chr8	664199	67025	-
ERICH2	chr2	170770377	28600	+
ERICH3	chr1	74568122	105670	-
ERICH4	chr19	41443155	1610	+
ERICH5	chr8	98064567	29042	+
ERICH6	chr3	150659884	44036	-
ERICH6B	chr13	45541293	74446	-
ERLEC1	chr2	53787043	31753	+
ERLIN1	chr10	100150093	35936	-
ERLIN2	chr8	37736633	21789	+
ERLN	chr17	75646250	1724	+
ERMAP	chr1	42817121	27870	+
ERMARD	chr6	169751621	29979	+
ERMN	chr2	157318630	7194	-
ERMP1	chr9	5784571	48546	-
ERN1	chr17	64039141	91003	-
ERN2	chr16	23690309	22913	-
ERO1A	chr14	52639914	55644	-
ERO1B	chr1	236215100	66858	-
ERP27	chr12	14914038	24499	-
ERP29	chr12	112013425	10024	+
ERP44	chr9	99979184	119816	-
ERRFI1	chr1	8011726	14583	-
ERV3-1	chr7	64990355	16332	-
ERVFRD-1	chr6	11102488	9237	-
ERVH48-1	chr21	42916802	8828	-
ERVK3-1	chr19	58305376	11436	+
ERVMER34-1	chr4	52742552	8873	-
ERVV-1	chr19	53013920	2203	+
ERVV-2	chr19	53044739	6941	+
ERVW-1	chr7	92468379	9567	-
ESAM	chr11	124753125	9165	-
ESCO1	chr18	21529283	71421	-
ESCO2	chr8	27774553	30763	+
ESD	chr13	46771255	25906	-
ESF1	chr20	13714324	70595	-
ESM1	chr5	54977866	7727	-
ESPL1	chr12	53268298	25340	+
ESPN	chr1	6424775	36169	+
ESPNL	chr2	238100339	32948	+
ESR1	chr6	151807681	295593	+
ESR2	chr14	64228316	66055	-
ESRP1	chr8	94641173	66293	+
ESRP2	chr16	68229032	7095	-
ESRRA	chr11	64305523	11220	+
ESRRB	chr14	76376136	125701	+
ESRRG	chr1	216503250	220179	-
ESS2	chr22	19130278	14373	-
ESX1	chrX	104250037	4896	-
ESYT1	chr12	56128266	16408	+
ESYT2	chr7	158730996	98513	-
ESYT3	chr3	138434615	45310	+
ETAA1	chr2	67397332	14757	+
ETDA	chrX	135252060	1523	+
ETDB	chrX	135118954	1572	-
ETDC	chrX	135309479	180	+
ETF1	chr5	138506094	37142	-
ETFA	chr15	76215352	96117	-
ETFB	chr19	51345168	21220	-
ETFBKMT	chr12	31659687	13427	+
ETFDH	chr4	158672295	37328	+
ETFRF1	chr12	25195236	9907	+
ETHE1	chr19	43506718	20483	-
ETNK1	chr12	22625170	65495	+
ETNK2	chr1	204131061	20983	-
ETNPPL	chr4	108742052	21001	-
ETS1	chr11	128458764	128794	-
ETS2	chr21	38805928	19027	+
ETV1	chr7	13891228	98438	-
ETV2	chr19	35641744	3127	+
ETV3	chr1	157121190	17205	-
ETV3L	chr1	157092042	7766	-
ETV4	chr17	43527845	18495	-
ETV5	chr3	186046313	62776	-
ETV6	chr12	11649673	245704	+
ETV7	chr6	36366193	21476	-
EVA1A	chr2	75492317	68622	-
EVA1B	chr1	36322029	1616	-
EVA1C	chr21	32412705	102682	+
EVC	chr4	5711200	103105	+
EVC2	chr4	5562438	146121	-
EVI2A	chr17	31316409	5213	-
EVI2B	chr17	31303769	10285	-
EVI5	chr1	92508695	276413	-
EVI5L	chr19	7830217	34759	+
EVL	chr14	100065421	78815	+
EVPL	chr17	76006844	20462	-
EVPLL	chr17	18377777	11870	+
EVX1	chr7	27242801	5029	+
EVX2	chr2	176077471	6491	-
EWSR1	chr22	29268267	32254	+
EXD1	chr15	41182727	48030	-
EXD2	chr14	69191497	52521	+
EXD3	chr9	137306895	116267	-
EXO1	chr1	241848203	41736	+
EXO5	chr1	40508766	7272	+
EXOC1	chr4	55853647	51439	+
EXOC1L	chr4	55819789	17700	+
EXOC2	chr6	485153	207986	-
EXOC3	chr5	443175	24115	+
EXOC3L1	chr16	67184378	5758	-
EXOC3L2	chr19	45212369	33038	-
EXOC3L4	chr14	103094724	15835	+
EXOC4	chr7	133253077	812684	+
EXOC5	chr14	57200506	68399	-
EXOC6	chr10	92848519	210971	+
EXOC6B	chr2	72175983	650050	-
EXOC7	chr17	76081015	22772	-
EXOC8	chr1	231332752	5100	-
EXOG	chr3	38496339	29964	+
EXOSC1	chr10	97435908	10098	-
EXOSC10	chr1	11066617	33252	-
EXOSC2	chr9	130693779	11113	+
EXOSC3	chr9	37779713	5351	-
EXOSC4	chr8	144078671	1977	+
EXOSC5	chr19	41386373	10986	-
EXOSC6	chr16	70246777	5163	-
EXOSC7	chr3	44976243	35228	+
EXOSC8	chr13	37000785	8829	+
EXOSC9	chr4	121801322	15699	+
EXPH5	chr11	108505434	88334	-
EXT1	chr8	117794489	317337	-
EXT2	chr11	44095677	156285	+
EXTL1	chr1	26021774	14690	+
EXTL2	chr1	100872390	22452	-
EXTL3	chr8	28701500	54099	+
EYA1	chr8	71197432	164637	-
EYA2	chr20	46894842	294002	+
EYA3	chr1	27970343	118267	-
EYA4	chr6	133241356	290772	+
EYS	chr6	63719979	1987247	-
EZH1	chr17	42700274	44766	-
EZH2	chr7	148807382	76909	-
EZHIP	chrX	51406947	1896	+
EZR	chr6	158765747	53621	-
F10	chr13	113122798	26731	+
F11	chr4	186266188	23493	+
F11R	chr1	160995210	25942	-
F12	chr5	177402140	7424	-
F13A1	chr6	6144083	176579	-
F13B	chr1	197038740	28520	-
F2	chr11	46719212	20294	+
F2R	chr5	76716125	19645	+
F2RL1	chr5	76819029	16286	+
F2RL2	chr5	76615481	7922	-
F2RL3	chr19	16888998	3608	+
F3	chr1	94529172	12587	-
F5	chr1	169511950	74531	-
F7	chr13	113105790	14895	+
F8	chrX	154835791	186932	-
F8A1	chrX	154886354	1707	+
F8A2	chrX	155382094	1707	+
F8A3	chrX	155456913	1707	-
F9	chrX	139530738	32721	+
FA2H	chr16	74712968	61852	-
FAAH	chr1	46394316	19529	+
FAAH2	chrX	57286705	202488	+
FAAP100	chr17	81539890	12463	-
FAAP20	chr1	2189547	5225	-
FAAP24	chr19	32972241	5988	+
FABP1	chr2	88122981	5081	-
FABP12	chr8	81524980	8887	-
FABP2	chr4	119317249	4889	-
FABP3	chr1	31365252	7824	-
FABP4	chr8	81478418	4815	-
FABP5	chr8	81280535	4240	+
FABP6	chr5	160229505	9211	+
FABP7	chr6	122779715	4359	+
FABP9	chr8	81458252	3327	-
FADD	chr11	70203295	4095	+
FADS1	chr11	61799626	17377	-
FADS2	chr11	61828299	39055	+
FADS3	chr11	61873525	18020	-
FADS6	chr17	74877301	16332	-
FAF1	chr1	50437027	523240	-
FAF2	chr5	176448384	61690	+
FAH	chr15	80152998	33351	+
FAHD1	chr16	1827205	1705	+
FAHD2A	chr2	95402707	13909	+
FAHD2B	chr2	97083582	11300	-
FAIM	chr3	138608770	24606	+
FAIM2	chr12	49866895	37005	-
FALEC	chr1	150515751	21037	+
FAM107A	chr3	58564116	13275	-
FAM107B	chr10	14518556	256341	-
FAM110A	chr20	833714	12563	+
FAM110B	chr8	57994522	154262	+
FAM110C	chr2	38813	7692	-
FAM110D	chr1	26159078	4884	+
FAM111A	chr11	59142855	12184	+
FAM111B	chr11	59107236	20176	+
FAM114A1	chr4	38867805	77934	+
FAM114A2	chr5	153990147	48763	-
FAM117A	chr17	49710331	53800	-
FAM117B	chr2	202634968	134789	+
FAM118A	chr22	45309933	32022	+
FAM118B	chr11	126211781	51187	+
FAM120A	chr9	93451684	114428	+
FAM120AOS	chr9	93443331	10250	-
FAM120B	chr6	170306757	100310	+
FAM120C	chrX	54068323	114931	-
FAM124A	chr13	51222397	61842	+
FAM124B	chr2	224378697	23410	-
FAM131A	chr3	184337599	8676	+
FAM131B	chr7	143353399	9314	-
FAM131C	chr1	16057768	15883	-
FAM133A	chrX	93674205	38060	+
FAM133B	chr7	92560757	29633	-
FAM135A	chr6	70413507	147667	+
FAM135B	chr8	138130022	367239	-
FAM136A	chr2	70295975	6092	-
FAM13A	chr4	88725959	331226	-
FAM13B	chr5	137937959	95120	-
FAM13C	chr10	59246132	116417	-
FAM149A	chr4	186104703	70634	+
FAM149B1	chr10	73168118	76386	+
FAM151A	chr1	54609180	14345	-
FAM151B	chr5	80488099	54464	+
FAM153A	chr5	177723363	59536	-
FAM156A	chrX	52947253	11265	-
FAM156B	chrX	52897329	11231	+
FAM161A	chr2	61824847	29213	-
FAM161B	chr14	73932275	17819	-
FAM162A	chr3	122384181	28153	+
FAM162B	chr6	116752196	13523	-
FAM163A	chr1	179743290	72908	+
FAM163B	chr9	133577080	32309	-
FAM167A	chr8	11421475	45278	-
FAM167B	chr1	32247221	1635	+
FAM168A	chr11	73400486	197626	-
FAM168B	chr2	131047875	45585	-
FAM169A	chr5	74777573	88814	-
FAM170A	chr5	119629557	6265	+
FAM170B	chr10	49131153	2868	-
FAM171A1	chr10	15211642	159647	-
FAM171A2	chr17	44353214	10639	-
FAM171B	chr2	186694059	71900	+
FAM174A	chr5	100535373	51368	+
FAM174B	chr15	92617447	38328	-
FAM174C	chr19	1275529	3699	+
FAM177A1	chr14	35046271	37107	+
FAM177B	chr1	222737201	13803	+
FAM178B	chr2	96875884	110696	-
FAM180A	chr7	135729591	19222	-
FAM180B	chr11	47586677	2517	+
FAM181A	chr14	93927343	2265	+
FAM181B	chr11	82729939	3925	-
FAM184A	chr6	118959762	118902	-
FAM184B	chr4	17629305	152316	-
FAM185A	chr7	102748998	60227	+
FAM186A	chr12	50327308	69301	-
FAM186B	chr12	49587504	18135	-
FAM187A	chr17	44903432	1958	+
FAM187B	chr19	35224799	3940	-
FAM193A	chr4	2536646	195927	+
FAM193B	chr5	177519788	34775	-
FAM199X	chrX	104166452	29450	+
FAM200A	chr7	99546299	5815	-
FAM200B	chr4	15681826	8621	+
FAM200C	chr5	160393147	6907	-
FAM204A	chr10	118297924	44400	-
FAM209A	chr20	56524743	1409	+
FAM209B	chr20	56533245	3275	+
FAM20A	chr17	68535115	66252	-
FAM20B	chr1	179025893	50674	+
FAM20C	chr7	192570	68202	+
FAM210A	chr18	13663346	63212	-
FAM210B	chr20	56358973	9690	+
FAM216A	chr12	110468844	21541	+
FAM216B	chr13	42781583	9966	+
FAM217A	chr6	4068366	10771	-
FAM217B	chr20	59940388	8292	+
FAM219A	chr9	34398183	60387	-
FAM219B	chr15	74899991	6860	-
FAM220A	chr7	6329410	19557	-
FAM221A	chr7	23680198	22452	+
FAM221B	chr9	35816390	12342	-
FAM222A	chr12	109713824	56671	+
FAM222B	chr17	28755979	86811	-
FAM227A	chr22	38578117	78275	-
FAM227B	chr15	49326969	293849	-
FAM228A	chr2	24175052	16646	+
FAM228B	chr2	24123468	46170	+
FAM229A	chr1	32361269	1216	-
FAM229B	chr6	112087590	15200	+
FAM234A	chr16	234820	31276	+
FAM234B	chr12	13044380	39069	+
FAM236A	chrX	72938205	753	+
FAM236B	chrX	72781864	796	-
FAM236C	chrX	72912614	787	+
FAM236D	chrX	72807424	786	-
FAM237A	chr2	206642486	6879	+
FAM237B	chr7	90316806	4498	-
FAM240A	chr3	46612524	14019	+
FAM240B	chr9	38694265	25868	-
FAM240C	chr2	241893987	6477	-
FAM241A	chr4	112145453	49803	+
FAM241B	chr10	69630246	3350	+
FAM246A	chr22	21360600	699	-
FAM246B	chr22	18633983	699	+
FAM246C	chr22	19029523	698	+
FAM24A	chr10	122910609	2502	+
FAM24B	chr10	122849077	30504	-
FAM25A	chr10	87020293	4437	+
FAM25C	chr10	47995321	4470	-
FAM25G	chr10	47487218	4482	-
FAM32A	chr19	16185409	6637	+
FAM3A	chrX	154506170	10062	-
FAM3B	chr21	41316800	40927	+
FAM3C	chr7	121348877	47431	-
FAM3D	chr3	58633945	32829	-
FAM43A	chr3	194685882	3155	+
FAM43B	chr1	20552572	2448	+
FAM47A	chrX	34129751	2563	-
FAM47B	chrX	34942795	2120	+
FAM47C	chrX	37008365	3299	+
FAM47E	chr4	76251720	32063	+
FAM50A	chrX	154444140	6514	+
FAM50B	chr6	3849372	1945	+
FAM53A	chr4	1639886	44427	-
FAM53B	chr10	124619291	125087	-
FAM53C	chr5	138338265	11464	+
FAM72A	chr1	206186178	16661	-
FAM72B	chr1	121167645	16695	-
FAM72C	chr1	143955286	16700	-
FAM72D	chr1	145095973	16723	+
FAM76A	chr1	27725960	37156	+
FAM76B	chr11	95768952	20830	-
FAM78A	chr9	131258077	18433	-
FAM78B	chr1	166069298	97703	-
FAM81A	chr15	59438185	85370	+
FAM81B	chr5	95391365	59076	+
FAM83A	chr8	123182664	27414	+
FAM83B	chr6	54846770	98329	+
FAM83C	chr20	35285730	6695	-
FAM83D	chr20	38926416	26690	+
FAM83E	chr19	48599960	15116	-
FAM83F	chr22	39994953	48581	+
FAM83G	chr17	18968788	35976	-
FAM83H	chr8	143723932	9847	-
FAM86B1	chr8	12182105	11977	-
FAM86B2	chr8	12424420	11980	-
FAM89A	chr1	231018957	21297	-
FAM89B	chr11	65572537	1653	+
FAM8A1	chr6	17600301	11414	+
FAM90A1	chr12	8221259	6359	-
FAM90A10	chr8	7768976	3012	+
FAM90A11	chr8	8012341	3011	-
FAM90A12	chr8	8027635	3011	-
FAM90A13	chr8	7279769	3011	+
FAM90A14	chr8	7715442	3011	+
FAM90A15	chr8	7256903	3011	+
FAM90A16	chr8	7730738	3011	+
FAM90A17	chr8	7746033	3011	+
FAM90A18	chr8	7723090	3011	+
FAM90A19	chr8	7753681	3011	+
FAM90A20	chr8	7295013	3011	+
FAM90A22	chr8	7571994	3012	-
FAM90A23	chr8	7579643	3010	-
FAM90A24	chr8	8019987	3011	-
FAM90A26	chr4	9170408	6322	+
FAM90A3	chr8	7264525	3011	+
FAM90A5	chr8	7287391	3011	+
FAM90A7	chr8	7556699	3013	-
FAM90A8	chr8	7738386	3010	+
FAM90A9	chr8	7761329	3011	+
FAM91A1	chr8	123768438	47014	+
FAM98A	chr2	33583659	15640	-
FAM98B	chr15	38454126	33584	+
FAM98C	chr19	38403092	5992	+
FAM9A	chrX	8790794	10589	-
FAM9B	chrX	9024231	9896	-
FAM9C	chrX	13035616	9004	-
FAN1	chr15	30903914	39194	+
FANCA	chr16	89737548	79099	-
FANCB	chrX	14843404	29665	-
FANCC	chr9	95099053	218656	-
FANCD2	chr3	10026436	75496	+
FANCD2OS	chr3	10103936	4319	-
FANCE	chr6	35452337	14765	+
FANCF	chr11	22622532	3291	-
FANCG	chr9	35073838	6104	-
FANCI	chr15	89243978	73153	+
FANCL	chr2	58159246	82079	-
FANCM	chr14	45135929	64961	+
FANK1	chr10	125896563	113029	+
FAP	chr2	162170683	72762	-
FAR1	chr11	13668667	63679	+
FAR2	chr12	29149277	186339	+
FARP1	chr13	98143093	312083	+
FARP2	chr2	241356284	138557	+
FARS2	chr6	5261512	510071	+
FARSA	chr19	12922478	11233	-
FARSB	chr2	222566898	89194	-
FAS	chr10	88990797	26262	+
FASLG	chr1	172659102	7774	+
FASN	chr17	82078337	19899	-
FASTK	chr7	151076623	4186	-
FASTKD1	chr2	169528507	45358	-
FASTKD2	chr2	206765605	30584	+
FASTKD3	chr5	7859158	9873	-
FASTKD5	chr20	3146518	13347	-
FAT1	chr4	186587793	136063	-
FAT2	chr5	151504091	87240	-
FAT3	chr11	92224817	671656	+
FAT4	chr4	125314954	177978	+
FATE1	chrX	151716034	7160	+
FAU	chr11	65120629	1505	-
FAXC	chr6	99271167	78507	-
FAXDC2	chr5	154818491	32112	-
FBF1	chr17	75909573	31469	-
FBH1	chr10	5890242	47351	+
FBL	chr19	39834457	11922	-
FBLIM1	chr1	15758794	27795	+
FBLL1	chr5	168529304	1330	+
FBLN1	chr22	45502882	98253	+
FBLN2	chr3	13549124	89280	+
FBLN5	chr14	91869410	78284	-
FBLN7	chr2	112138384	49834	+
FBN1	chr15	48408312	237397	-
FBN2	chr5	128257908	280337	-
FBN3	chr19	8065401	84191	-
FBP1	chr9	94603132	36386	-
FBP2	chr9	94558719	35105	-
FBRS	chr16	30658430	12380	+
FBRSL1	chr12	132490150	95038	+
FBXL12	chr19	9810269	8810	-
FBXL13	chr7	102811188	263608	-
FBXL14	chr12	1565992	28589	-
FBXL15	chr10	102420835	2301	+
FBXL16	chr16	692499	13302	-
FBXL17	chr5	107859034	523064	-
FBXL18	chr7	5475796	38013	-
FBXL19	chr16	30923571	25212	+
FBXL2	chr3	33277441	110651	+
FBXL20	chr17	39252662	148964	-
FBXL22	chr15	63597386	3855	+
FBXL3	chr13	77005259	21900	-
FBXL4	chr6	98868534	79412	-
FBXL5	chr4	15604380	50977	-
FBXL6	chr8	144355430	3042	-
FBXL7	chr5	15500179	439614	+
FBXL8	chr16	67159956	4218	+
FBXO10	chr9	37510891	65489	-
FBXO11	chr2	47806919	99579	-
FBXO15	chr18	74073367	74467	-
FBXO16	chr8	28428411	61818	-
FBXO17	chr19	38941400	34342	-
FBXO2	chr1	11648386	6043	-
FBXO21	chr12	117141990	48480	-
FBXO22	chr15	75903877	38634	+
FBXO24	chr7	100586327	14790	+
FBXO25	chr8	406957	71010	+
FBXO27	chr19	39024020	8529	-
FBXO28	chr1	224114110	47937	+
FBXO3	chr11	33740943	33577	-
FBXO30	chr6	145793501	21294	-
FBXO31	chr16	87326986	56790	-
FBXO32	chr8	123497888	43318	-
FBXO33	chr14	39397683	34750	-
FBXO34	chr14	55271420	82191	+
FBXO36	chr2	229922502	90617	+
FBXO38	chr5	148383957	58879	+
FBXO39	chr17	6776214	11432	+
FBXO4	chr5	41925280	16463	+
FBXO40	chr3	121593378	36917	+
FBXO41	chr2	73254689	29789	-
FBXO42	chr1	16246839	105641	-
FBXO43	chr8	100133350	12467	-
FBXO44	chr1	11654876	8451	+
FBXO45	chr3	196568659	20400	+
FBXO46	chr19	45710628	20268	-
FBXO47	chr17	38936431	30972	-
FBXO48	chr2	68459421	7873	-
FBXO5	chr6	152970534	12507	-
FBXO6	chr1	11664199	10155	+
FBXO7	chr22	32474810	24019	+
FBXO8	chr4	174236657	47010	-
FBXO9	chr6	53065403	35470	+
FBXW10	chr17	18744053	35296	+
FBXW10B	chr17	15583885	35819	-
FBXW11	chr5	171861548	145090	-
FBXW12	chr3	48372218	22507	+
FBXW2	chr9	120756973	36443	-
FBXW4	chr10	101610665	84505	-
FBXW5	chr9	136940434	4304	-
FBXW7	chr4	152320543	215549	-
FBXW8	chr12	116910949	120199	+
FBXW9	chr19	12688915	7716	-
FCAMR	chr1	206957966	12494	-
FCAR	chr19	54874234	17186	+
FCER1A	chr1	159302335	5867	+
FCER1G	chr1	161215294	3951	+
FCER2	chr19	7688775	13356	-
FCF1	chr14	74713143	25477	+
FCGBP	chr19	39863322	71312	-
FCGR1A	chr1	149782693	8982	+
FCGR2A	chr1	161505456	14373	+
FCGR2B	chr1	161663142	15512	+
FCGR3A	chr1	161541758	8060	-
FCGR3B	chr1	161623195	7981	-
FCGRT	chr19	49512660	13768	+
FCHO1	chr19	17751476	37085	+
FCHO2	chr5	72956040	134482	+
FCHSD1	chr5	141639301	12117	-
FCHSD2	chr11	72836744	305574	-
FCMR	chr1	206903316	18625	-
FCN1	chr9	134903231	14681	-
FCN2	chr9	134880809	6714	+
FCN3	chr1	27369109	5715	-
FCRL1	chr1	157794402	25718	-
FCRL2	chr1	157745732	31400	-
FCRL3	chr1	157676480	24289	-
FCRL4	chr1	157573746	24339	-
FCRL5	chr1	157513376	39139	-
FCRL6	chr1	159802359	13898	+
FCRLA	chr1	161707228	7124	+
FCRLB	chr1	161721543	6600	+
FCSK	chr16	70454594	25680	+
FDCSP	chr4	70226123	9129	+
FDFT1	chr8	11802740	36558	+
FDPS	chr1	155308865	11800	+
FDX1	chr11	110429947	34937	+
FDX2	chr19	10310044	5971	-
FDXACB1	chr11	111874055	5110	-
FDXR	chr17	74862496	10498	-
FECH	chr18	57544376	42326	-
FEM1A	chr19	4791733	9540	+
FEM1B	chr15	68277744	18118	+
FEM1C	chr5	115520907	23868	-
FEN1	chr11	61792910	4328	+
FER	chr5	108747896	448945	+
FER1L5	chr2	96642763	62120	+
FER1L6	chr8	123851986	268075	+
FERD3L	chr7	19144781	640	-
FERMT1	chr20	6074844	48186	-
FERMT2	chr14	52857272	93778	-
FERMT3	chr11	64206720	17171	+
FERRY3	chr12	4487734	50735	-
FES	chr15	90884503	11273	+
FETUB	chr3	186640398	12743	+
FEV	chr2	218981086	4098	-
FEZ1	chr11	125442880	53385	-
FEZ2	chr2	36552257	45911	-
FEZF1	chr7	122301302	3448	-
FEZF2	chr3	62369680	3870	-
FFAR1	chr19	35347901	5963	+
FFAR2	chr19	35448256	3511	+
FFAR3	chr19	35358459	2030	+
FFAR4	chr10	93566664	23408	+
FGA	chr4	154585274	5468	-
FGB	chr4	154563010	9797	+
FGD1	chrX	54445453	50781	-
FGD2	chr6	37005654	23415	+
FGD3	chr9	92947522	88711	+
FGD4	chr12	32399557	246493	+
FGD5	chr3	14818961	115610	+
FGD6	chr12	95076748	140719	-
FGF1	chr5	142592177	93913	-
FGF10	chr5	44300246	89174	-
FGF11	chr17	7439511	5426	+
FGF12	chr3	192139389	588152	-
FGF13	chrX	138614726	96991	-
FGF14	chr13	101710803	206142	-
FGF16	chrX	77447388	9890	+
FGF17	chr8	22042819	5990	+
FGF18	chr5	171419646	37980	+
FGF19	chr11	69698237	5785	-
FGF2	chr4	122826830	71406	+
FGF20	chr8	16992180	10165	-
FGF21	chr19	48755523	2807	+
FGF22	chr19	639878	4495	+
FGF23	chr12	4368226	11486	-
FGF3	chr11	69809967	9449	-
FGF4	chr11	69771021	4320	-
FGF5	chr4	80266663	24354	+
FGF6	chr12	4434141	11674	-
FGF7	chr15	49423241	65534	+
FGF8	chr10	101770108	6006	-
FGF9	chr13	21671072	33426	+
FGFBP1	chr4	15935576	3164	-
FGFBP2	chr4	15960244	2931	-
FGFBP3	chr10	91906583	2903	-
FGFR1	chr8	38411142	57493	-
FGFR1OP2	chr12	26938469	28179	+
FGFR2	chr10	121478331	120113	-
FGFR3	chr4	1793292	15575	+
FGFR4	chr5	177086914	11230	+
FGFRL1	chr4	1011625	15273	+
FGG	chr4	154604170	8486	-
FGGY	chr1	59297093	465637	+
FGL1	chr8	17864388	31136	-
FGL2	chr7	77193368	6451	-
FGR	chr1	27612063	23122	-
FH	chr1	241497602	22153	-
FHAD1	chr1	15247222	151106	+
FHDC1	chr4	152936322	43349	+
FHIP1A	chr4	151409175	261328	+
FHIP1B	chr11	6211344	23292	-
FHIP2A	chr10	114821779	42938	+
FHIP2B	chr8	22089149	15762	+
FHIT	chr3	59747276	1504176	-
FHL1	chrX	136197046	14308	+
FHL2	chr2	105360825	38226	-
FHL3	chr1	37996769	8745	-
FHL5	chr6	96563127	55499	+
FHOD1	chr16	67229388	18093	-
FHOD3	chr18	36297712	482508	+
FIBCD1	chr9	130902439	36808	-
FIBIN	chr11	26994111	2976	+
FIBP	chr11	65883739	4732	-
FICD	chr12	108515276	5934	+
FIG4	chr6	109691295	134131	+
FIGLA	chr2	70777309	13334	-
FIGN	chr2	163602610	133398	-
FIGNL1	chr7	50444132	6218	-
FIGNL2	chr12	51817898	30820	-
FILIP1	chr6	75308089	185711	-
FILIP1L	chr3	99828810	285691	-
FIP1L1	chr4	53377640	83222	+
FIRRM	chr1	169795039	59041	+
FIS1	chr7	101239471	5610	-
FITM1	chr14	24130658	2189	+
FITM2	chr20	44302839	8363	-
FIZ1	chr19	55591375	8142	-
FJX1	chr11	35618459	2406	+
FKBP10	chr17	41813003	10210	+
FKBP11	chr12	48921962	3530	-
FKBP14	chr7	30010586	16116	-
FKBP15	chr9	113161005	60272	-
FKBP1A	chr20	1368977	24077	-
FKBP1B	chr2	24049740	13941	+
FKBP1C	chr6	63211468	1559	+
FKBP2	chr11	64241094	3038	+
FKBP3	chr14	45115598	18883	-
FKBP4	chr12	2794969	10454	+
FKBP5	chr6	35573589	115326	-
FKBP6	chr7	73328160	30465	+
FKBP7	chr2	178463663	14937	-
FKBP8	chr19	18531762	11811	-
FKBP9	chr7	32957439	49489	+
FKBPL	chr6	32128706	1582	-
FKRP	chr19	46746056	12519	+
FKTN	chr9	105558130	82988	+
FLACC1	chr2	201288270	69075	-
FLAD1	chr1	154983343	9768	+
FLCN	chr17	17212211	24957	-
FLG	chr1	152302164	23075	-
FLG2	chr1	152348734	11272	-
FLI1	chr11	128694071	119196	+
FLII	chr17	18244814	13924	-
FLNA	chrX	154348530	26104	-
FLNB	chr3	58008421	163830	+
FLNC	chr7	128830405	28867	+
FLOT1	chr6	30727708	14979	-
FLOT2	chr17	28879338	18395	-
FLRT1	chr11	64035930	83241	+
FLRT2	chr14	85530143	124285	+
FLRT3	chr20	14322984	14628	-
FLT1	chr13	28300345	194783	-
FLT3	chr13	28003273	97303	-
FLT3LG	chr19	49474214	12017	+
FLT4	chr5	180601505	48095	-
FLVCR1	chr1	212858274	41089	+
FLVCR2	chr14	75578619	69548	+
FLYWCH1	chr16	2911930	39278	+
FLYWCH2	chr16	2883214	16151	+
FMC1	chr7	139341336	4992	+
FMN1	chr15	32765543	429171	-
FMN2	chr1	240091882	383305	+
FMNL1	chr17	45221884	25434	+
FMNL2	chr2	152335173	314653	+
FMNL3	chr12	49636498	70907	-
FMO1	chr1	171248493	37468	+
FMO2	chr1	171185299	27387	+
FMO3	chr1	171090904	26915	+
FMO4	chr1	171314182	27902	+
FMO5	chr1	147186260	39079	-
FMOD	chr1	203340627	10495	-
FMR1	chrX	147911918	39207	+
FMR1NB	chrX	147981336	45329	+
FN1	chr2	215360864	75204	-
FN3K	chr17	82735614	15582	+
FN3KRP	chr17	82716705	11308	+
FNBP1	chr9	129887186	156003	-
FNBP1L	chr1	93448117	106544	+
FNBP4	chr11	47716493	50848	-
FNDC1	chr6	159169399	102709	+
FNDC10	chr1	1598011	2124	-
FNDC11	chr20	63554158	2537	+
FNDC3A	chr13	48975911	233868	+
FNDC3B	chr3	172039577	362092	+
FNDC4	chr2	27491882	3318	-
FNDC5	chr1	32862267	8645	-
FNDC7	chr1	108712907	29842	+
FNDC8	chr17	35121614	9118	+
FNDC9	chr5	157341597	4080	-
FNIP1	chr5	131641713	155304	-
FNIP2	chr4	158769025	139025	+
FNTA	chr8	43056322	29463	+
FNTB	chr14	64986894	75756	+
FOCAD	chr9	20684258	311692	+
FOLH1	chr11	49145091	63511	-
FOLR1	chr11	72192139	4160	+
FOLR2	chr11	72216793	5157	+
FOLR3	chr11	72135724	4168	+
FOS	chr14	75278827	3403	+
FOSB	chr19	45467995	7184	+
FOSL1	chr11	65892048	8340	-
FOSL2	chr2	28392857	24460	+
FOXA1	chr14	37589551	5698	-
FOXA2	chr20	22580997	3575	-
FOXA3	chr19	45864325	9472	+
FOXB1	chr15	60004310	3134	+
FOXB2	chr9	77019654	1299	+
FOXC1	chr6	1609914	3983	+
FOXC2	chr16	86566828	2900	+
FOXD1	chr5	73446265	2512	-
FOXD2	chr1	47438043	2648	+
FOXD3	chr1	63322566	2562	+
FOXD4	chr9	116230	2187	-
FOXD4L1	chr2	113498664	2486	+
FOXD4L3	chr9	68302866	2218	+
FOXD4L4	chr9	65737145	1251	+
FOXD4L5	chr9	65282100	3109	-
FOXD4L6	chr9	41126434	2247	-
FOXE1	chr9	97853225	3492	+
FOXE3	chr1	47416284	1768	+
FOXF1	chr16	86510526	4896	+
FOXF2	chr6	1389575	6028	+
FOXG1	chr14	28766786	3491	+
FOXH1	chr8	144473411	2438	-
FOXI1	chr5	170105896	3838	+
FOXI2	chr10	127737184	3999	+
FOXI3	chr2	88446786	5907	-
FOXJ1	chr17	76136332	4913	-
FOXJ2	chr12	8032715	22802	+
FOXJ3	chr1	42176547	158688	-
FOXK1	chr7	4682294	89148	+
FOXK2	chr17	82519731	84871	+
FOXL1	chr16	86578548	4930	+
FOXL2	chr3	138944223	2914	-
FOXL2NB	chr3	138947216	6774	+
FOXL3	chr7	290169	1319	+
FOXM1	chr12	2857679	19495	-
FOXN1	chr17	28506347	32553	+
FOXN2	chr2	48314681	64614	+
FOXN3	chr14	89156176	261057	-
FOXN4	chr12	109277977	31307	-
FOXO1	chr13	40555666	110975	-
FOXO3	chr6	108560916	123858	+
FOXO3B	chr17	18667628	14686	-
FOXO4	chrX	71095850	7682	+
FOXO6	chr1	41361433	22157	+
FOXP1	chr3	70954707	629021	-
FOXP2	chr7	114414814	278951	+
FOXP3	chrX	49250437	14273	-
FOXP4	chr6	41546380	56004	+
FOXQ1	chr6	1312097	2661	+
FOXR1	chr11	118971760	9527	+
FOXR2	chrX	55623399	2793	+
FOXRED1	chr11	126269153	8973	+
FOXRED2	chr22	36487189	19851	-
FOXS1	chr20	31844302	1302	-
FPGS	chr9	127802881	11200	+
FPGT	chr1	74198241	10461	+
FPR1	chr19	51745772	6106	-
FPR2	chr19	51761179	9352	+
FPR3	chr19	51795156	31034	+
FRA10AC1	chr10	93667882	34710	-
FRAS1	chr4	78057322	486947	+
FRAT1	chr10	97319270	2645	+
FRAT2	chr10	97332496	2233	-
FREM1	chr9	14737151	173277	-
FREM2	chr13	38687076	200055	+
FREM3	chr4	143577301	123374	-
FREY1	chr11	45906533	738	-
FRG1	chr4	189940871	22321	+
FRG2	chr4	190024366	2890	-
FRG2B	chr10	133623894	2901	-
FRG2C	chr3	75664327	2846	+
FRK	chr6	115931148	129743	-
FRMD1	chr6	168053094	26118	-
FRMD3	chr9	83244621	293780	-
FRMD4A	chr10	13643705	687219	-
FRMD4B	chr3	69168781	217307	-
FRMD5	chr15	43870763	324508	-
FRMD6	chr14	51651909	78818	+
FRMD7	chrX	132076989	51031	-
FRMD8	chr11	65386636	26889	+
FRMPD1	chr9	37650953	95951	+
FRMPD2	chr10	48156561	118135	-
FRMPD3	chrX	107449651	155600	+
FRMPD4	chrX	12138472	586051	+
FRRS1	chr1	99703969	62666	-
FRRS1L	chr9	109130292	36957	-
FRS2	chr12	69470387	109406	+
FRS3	chr6	41770175	9725	-
FRY	chr13	32031773	267352	+
FRYL	chr4	48497356	282923	-
FRZB	chr2	182833274	33363	-
FSAF1	chr1	231223764	17411	-
FSBP	chr8	94427715	9229	-
FSCB	chr14	44504148	3135	-
FSCN1	chr7	5592815	13840	+
FSCN2	chr17	81528376	8754	+
FSCN3	chr7	127593735	8409	+
FSD1	chr19	4304597	19239	+
FSD1L	chr9	105448033	104400	+
FSD2	chr15	82755361	50708	-
FSHB	chr11	30231013	4181	+
FSHR	chr2	48962156	192359	-
FSIP1	chr15	39600030	182811	-
FSIP2	chr2	185738803	94487	+
FST	chr5	53480628	6506	+
FSTL1	chr3	120392292	58700	-
FSTL3	chr19	676391	6994	+
FSTL4	chr5	133196454	416087	-
FSTL5	chr4	161383896	780104	-
FTCD	chr21	46136778	18801	-
FTCDNL1	chr2	199809271	41921	-
FTH1	chr11	61964284	3350	-
FTHL17	chrX	31071232	809	-
FTL	chr19	48965308	1571	+
FTMT	chr5	121851881	952	+
FTO	chr16	53704155	417786	+
FTSJ1	chrX	48476198	10152	+
FTSJ3	chr17	63819432	8231	-
FUBP1	chr1	77944054	35018	-
FUBP3	chr9	130579576	58776	+
FUCA1	chr1	23845076	23214	-
FUCA2	chr6	143494811	16909	-
FUNDC1	chrX	44523638	19221	-
FUNDC2	chrX	155026843	33461	+
FUOM	chr10	133355157	2862	-
FURIN	chr15	90868587	14870	+
FUS	chr16	31180138	11467	+
FUT1	chr19	48748010	4631	-
FUT2	chr19	48695970	9981	+
FUT3	chr19	5842887	8562	-
FUT4	chr11	94543920	5975	+
FUT5	chr19	5865825	4715	-
FUT6	chr19	5830407	9295	-
FUT7	chr9	137030173	1915	-
FUT8	chr14	65412729	331392	+
FUT9	chr6	96015973	199639	+
FUZ	chr19	49806865	6427	-
FXN	chr9	69035751	43325	+
FXR1	chr3	180912669	70084	+
FXR2	chr17	7591229	23668	-
FXYD1	chr19	35138823	4286	+
FXYD2	chr11	117820056	4688	-
FXYD3	chr19	35115822	8502	+
FXYD4	chr10	43371635	4700	+
FXYD5	chr19	35154734	15147	+
FXYD6	chr11	117836980	39678	-
FXYD7	chr19	35143254	11048	+
FYB1	chr5	39105251	114312	-
FYB2	chr1	56718788	100616	-
FYCO1	chr3	45917902	77922	-
FYN	chr6	111660331	213121	-
FYTTD1	chr3	197749882	37714	+
FZD1	chr7	91264432	6894	+
FZD10	chr12	130162463	3277	+
FZD2	chr17	44557483	3779	+
FZD3	chr8	28494211	80047	+
FZD4	chr11	86945678	9717	-
FZD5	chr2	207762597	7309	-
FZD6	chr8	103298897	33969	+
FZD7	chr2	202033854	4587	+
FZD8	chr10	35638246	4050	-
FZD9	chr7	73433777	2343	+
FZR1	chr19	3506310	32024	+
G0S2	chr1	209675411	979	+
G2E3	chr14	30559157	60907	+
G3BP1	chr5	151771953	40832	+
G3BP2	chr4	75642785	30626	-
G6PC1	chr17	42900798	13640	+
G6PC2	chr2	168901290	8710	+
G6PC3	chr17	44070734	5610	+
G6PD	chrX	154531390	15456	-
GAA	chr17	80101580	18301	+
GAB1	chr4	143336875	137690	+
GAB2	chr11	78215292	202528	-
GAB3	chrX	154675248	75829	-
GAB4	chr22	16961935	46287	-
GABARAP	chr17	7240007	2442	-
GABARAPL1	chr12	10212876	10252	+
GABARAPL2	chr16	75566378	11503	+
GABBR1	chr6	29602237	30946	-
GABBR2	chr9	98288108	420827	-
GABPA	chr21	25734971	37489	+
GABPB1	chr15	50275388	79810	-
GABPB2	chr1	151070760	54782	+
GABRA1	chr5	161848119	51852	+
GABRA2	chr4	46243547	146581	-
GABRA3	chrX	152166233	285082	-
GABRA4	chr4	46918899	74682	-
GABRA5	chr15	26867061	82147	+
GABRA6	chr5	161685720	16872	+
GABRB1	chr4	47031566	394881	+
GABRB2	chr5	161288435	258290	-
GABRB3	chr15	26543551	229515	-
GABRD	chr1	2019344	11414	+
GABRE	chrX	151953123	21553	-
GABRG1	chr4	46035768	88286	-
GABRG2	chr5	162067772	87754	+
GABRG3	chr15	26971180	570804	+
GABRP	chr5	170783724	30323	+
GABRQ	chrX	152637894	19648	+
GABRR1	chr6	89177503	39855	-
GABRR2	chr6	89254463	60836	-
GABRR3	chr3	97985101	50214	-
GAD1	chr2	170816886	44265	+
GAD2	chr10	26216773	87785	+
GADD45A	chr1	67685200	3134	+
GADD45B	chr19	2476126	2131	+
GADD45G	chr9	89605011	1544	+
GADD45GIP1	chr19	12953118	4105	-
GADL1	chr3	30726196	168465	-
GAGE1	chrX	49599019	9519	+
GAGE10	chrX	49303645	16196	+
GAGE12B	chrX	49341163	188819	+
GAGE12C	chrX	49532176	7362	+
GAGE12D	chrX	49541732	7362	+
GAGE12E	chrX	49551288	7357	+
GAGE12F	chrX	49560841	7364	+
GAGE12G	chrX	49570399	7355	+
GAGE12H	chrX	49579948	7353	+
GAGE12J	chrX	49322036	7348	+
GAGE13	chrX	49331581	7368	+
GAGE2A	chrX	49589495	7329	+
GAK	chr4	849276	83040	-
GAL	chr11	68684543	6632	+
GAL3ST1	chr22	30554634	20031	-
GAL3ST2	chr2	241776821	27466	+
GAL3ST3	chr11	66040764	8397	-
GAL3ST4	chr7	100159243	9374	-
GALC	chr14	87933013	60169	-
GALE	chr1	23795598	5156	-
GALK1	chr17	75757893	7299	-
GALK2	chr15	49170246	161636	+
GALM	chr2	38666113	68652	+
GALNS	chr16	88813733	43214	-
GALNT1	chr18	35581739	130095	+
GALNT10	chr5	154190732	230252	+
GALNT11	chr7	152025673	96667	+
GALNT12	chr9	98807669	42412	+
GALNT13	chr2	153871921	582058	+
GALNT14	chr2	30910466	227974	-
GALNT15	chr3	16174679	55486	+
GALNT16	chr14	69260157	94309	+
GALNT17	chr7	71132143	581456	+
GALNT18	chr11	11270876	351129	-
GALNT2	chr1	230067237	214885	+
GALNT3	chr2	165747587	46660	-
GALNT4	chr12	89519411	5385	-
GALNT5	chr2	157257704	60787	+
GALNT6	chr12	51351251	40155	-
GALNT7	chr4	173168810	155157	+
GALNT8	chr12	4720399	52327	+
GALNT9	chr12	132196371	133218	-
GALNTL5	chr7	151956445	63484	+
GALNTL6	chr4	171813403	1228156	+
GALP	chr19	56176007	9768	+
GALR1	chr18	77249847	28053	+
GALR2	chr17	76074780	2757	+
GALR3	chr22	37823381	2104	+
GALT	chr9	34646674	4361	+
GAMT	chr19	1397025	4517	-
GAN	chr16	81314961	75848	+
GANAB	chr11	62624828	21785	-
GANC	chr15	42273200	80466	+
GAP43	chr3	115623509	97974	+
GAPDH	chr12	6534516	3855	+
GAPDHS	chr19	35533455	11864	+
GAPT	chr5	58491434	5656	+
GAPVD1	chr9	125261825	105382	+
GAR1	chr4	109815761	8976	+
GAREM1	chr18	32263521	207361	-
GAREM2	chr2	26173087	16576	+
GARIN1A	chr7	128672291	15586	+
GARIN1B	chr7	128715390	16353	+
GARIN2	chr14	67189439	34501	+
GARIN3	chr5	157161845	4419	-
GARIN4	chr1	212624473	2302	+
GARIN5A	chr19	50466787	10061	-
GARIN5B	chr19	55354907	8353	-
GARIN6	chr12	99647752	2362	+
GARNL3	chr9	127264773	128887	+
GARRE1	chr19	34254553	101013	+
GARS1	chr7	30594877	39156	+
GART	chr21	33503932	38185	-
GAS1	chr9	86944361	3145	-
GAS2	chr11	22666610	146391	+
GAS2L1	chr22	29306649	6138	+
GAS2L2	chr17	35744510	8729	-
GAS2L3	chr12	100573683	54605	+
GAS5	chr1	173863900	4089	-
GAS6	chr13	113820548	43528	-
GAS7	chr17	9910605	288001	-
GASK1A	chr3	42979310	78405	+
GASK1B	chr4	158124473	48552	-
GAST	chr17	41712330	3639	+
GATA1	chrX	48786589	7722	+
GATA2	chr3	128479426	13775	-
GATA3	chr10	8054687	20511	+
GATA4	chr8	11704201	55801	+
GATA5	chr20	62463496	12499	-
GATA6	chr18	22169588	32940	+
GATAD1	chr7	92447481	12594	+
GATAD2A	chr19	19405674	103258	+
GATAD2B	chr1	153804724	118248	-
GATB	chr4	151670503	90504	-
GATC	chr12	120446443	17306	+
GATD1	chr11	767221	10266	-
GATD3	chr21	44133682	12029	+
GATM	chr15	45361123	17421	-
GBA1	chr1	155234451	6798	-
GBA2	chr9	35736865	12363	-
GBE1	chr3	81489702	271943	-
GBF1	chr10	102245531	137365	+
GBGT1	chr9	133152947	10967	-
GBP1	chr1	89052318	12890	-
GBP2	chr1	89106131	19983	-
GBP3	chr1	89006679	16187	-
GBP4	chr1	89181143	17799	-
GBP5	chr1	89256188	16672	-
GBP6	chr1	89364058	24102	+
GBP7	chr1	89131741	44262	-
GBX1	chr7	151148008	19686	-
GBX2	chr2	236165235	3151	-
GC	chr4	71741696	42383	-
GCA	chr2	162344131	18992	+
GCAT	chr22	37807933	8964	+
GCC1	chr7	127580627	4969	-
GCC2	chr2	108449205	60210	+
GCDH	chr19	12891159	8840	+
GCFC2	chr2	75662704	48211	-
GCG	chr2	162142881	9366	-
GCGR	chr17	81804149	9859	+
GCH1	chr14	54842016	60810	-
GCHFR	chr15	40764067	3641	+
GCK	chr7	44144274	45165	-
GCKR	chr2	27496838	26846	+
GCLC	chr6	53497340	47761	-
GCLM	chr1	93885198	24232	-
GCM1	chr6	53126960	21881	-
GCM2	chr6	10873222	8819	-
GCN1	chr12	120127201	67514	-
GCNA	chrX	71578436	35147	+
GCNT1	chr9	76459181	48235	+
GCNT2	chr6	10521350	108018	+
GCNT3	chr15	59611782	10941	+
GCNT4	chr5	75025345	27213	-
GCSAM	chr3	112120838	12410	-
GCSAML	chr1	247549133	28557	+
GCSH	chr16	81081944	14451	-
GDA	chr9	72149439	102785	+
GDAP1	chr8	74350402	16474	+
GDAP1L1	chr20	44247307	33640	+
GDAP2	chr1	117863484	66137	-
GDE1	chr16	19501692	20406	-
GDF1	chr19	18868544	27614	-
GDF10	chr10	47300196	13381	+
GDF11	chr12	55743121	14143	+
GDF15	chr19	18386157	3019	+
GDF2	chr10	47322453	5135	+
GDF3	chr12	7689783	5992	-
GDF5	chr20	35433346	4882	-
GDF6	chr8	96142332	18474	-
GDF7	chr2	20667143	12100	+
GDF9	chr5	132861184	5285	-
GDI1	chrX	154437153	6314	+
GDI2	chr10	5765222	48212	-
GDNF	chr5	37812676	27365	-
GDPD1	chr17	59220510	55460	+
GDPD2	chrX	70423313	10068	+
GDPD3	chr16	30104809	8728	-
GDPD4	chr11	77216557	85129	-
GDPD5	chr11	75434639	91302	-
GDPGP1	chr15	90234208	11603	+
GEM	chr8	94249252	13067	-
GEMIN2	chr14	39114322	22651	+
GEMIN4	chr17	744420	7844	-
GEMIN5	chr5	154887410	50801	-
GEMIN6	chr2	38778209	6793	+
GEMIN7	chr19	45079259	12259	+
GEMIN8	chrX	14006725	23167	-
GEN1	chr2	17754137	34809	+
GET1	chr21	39380325	17564	+
GET3	chr19	12737496	10827	+
GET4	chr7	876553	19883	+
GFAP	chr17	44903158	12342	-
GFER	chr16	1984192	3557	+
GFI1	chr1	92473042	13883	-
GFI1B	chr9	132978693	12994	+
GFM1	chr3	158644526	51055	+
GFM2	chr5	74721205	45912	-
GFOD1	chr6	13357829	129771	-
GFOD2	chr16	67674535	44781	-
GFPT1	chr2	69319779	67448	-
GFPT2	chr5	180300697	52639	-
GFRA1	chr10	116056924	216282	-
GFRA2	chr8	21690397	98478	-
GFRA3	chr5	138252379	22242	-
GFRA4	chr20	3659247	4152	-
GFRAL	chr6	55327468	75025	+
GFUS	chr8	143612617	4932	-
GFY	chr19	49425387	3600	+
GGA1	chr22	37608833	24731	+
GGA2	chr16	23463541	46953	-
GGA3	chr17	75236598	25008	-
GGACT	chr13	100530179	58610	-
GGCT	chr7	30496620	8209	-
GGCX	chr2	85544719	16774	-
GGH	chr8	63015078	23728	-
GGN	chr19	38384266	3768	-
GGNBP2	chr17	36544918	44930	+
GGPS1	chr1	235328569	15963	+
GGT1	chr22	24603192	25804	+
GGT5	chr22	24219659	25423	-
GGT6	chr17	4556926	3651	-
GGT7	chr20	34844719	28137	-
GGTA1	chr9	121455039	44805	-
GGTLC1	chr20	23985052	3727	-
GGTLC2	chr22	22644613	3285	+
GGTLC3	chr22	18516343	1818	-
GH1	chr17	63917202	1637	-
GH2	chr17	63880214	1730	-
GHDC	chr17	42189086	5408	-
GHITM	chr10	84139508	14060	+
GHR	chr5	42423438	298440	+
GHRH	chr20	37251085	10729	-
GHRHR	chr7	30963952	15576	+
GHRL	chr3	10285665	7282	-
GHSR	chr3	172443290	5166	-
GID4	chr17	18039407	28998	+
GID8	chr20	62938146	10329	+
GIGYF1	chr7	100679506	14744	-
GIGYF2	chr2	232697330	163275	+
GIMAP1	chr7	150716612	7672	+
GIMAP2	chr7	150685705	7936	+
GIMAP4	chr7	150567389	6564	+
GIMAP5	chr7	150737417	6229	+
GIMAP6	chr7	150625374	7011	-
GIMAP7	chr7	150514871	6202	+
GIMAP8	chr7	150450629	28764	+
GIMD1	chr4	106357391	11387	-
GIN1	chr5	103085999	34139	-
GINM1	chr6	149566374	25374	+
GINS1	chr20	25407672	40891	+
GINS2	chr16	85676197	12757	-
GINS3	chr16	58392470	13677	+
GINS4	chr8	41529260	15770	+
GIP	chr17	48958553	10043	-
GIPC1	chr19	14477761	18366	-
GIPC2	chr1	78045965	92479	+
GIPC3	chr19	3585477	8064	+
GIPR	chr19	45668220	15502	+
GIT1	chr17	29573474	16174	-
GIT2	chr12	109929803	66565	-
GJA1	chr6	121435645	14082	+
GJA10	chr6	89894468	1652	+
GJA3	chr13	20138254	22798	-
GJA4	chr1	34792998	2749	+
GJA5	chr1	147756198	4404	-
GJA8	chr1	147902794	6475	+
GJA9	chr1	38874068	7519	-
GJB1	chrX	71223223	2293	+
GJB2	chr13	20187469	5469	-
GJB3	chr1	34781213	5151	+
GJB4	chr1	34759739	2588	+
GJB5	chr1	34755046	3466	+
GJB6	chr13	20221961	10358	-
GJB7	chr6	87282979	46299	-
GJC1	chr17	44798447	31840	-
GJC2	chr1	228149929	9897	+
GJC3	chr7	99923265	6355	-
GJD2	chr15	34751031	3967	-
GJD3	chr17	40360651	4086	-
GJD4	chr10	35605340	3595	+
GJE1	chr6	142132924	2434	+
GK	chrX	30653422	78040	+
GK2	chr4	79406360	1868	-
GK3	chr4	165277806	1898	-
GK5	chr3	142157526	68059	-
GKAP1	chr9	83739424	78345	-
GKN1	chr2	68974635	6341	+
GKN2	chr2	68945231	7662	-
GLA	chrX	101397802	10123	-
GLB1	chr3	32996616	100530	-
GLB1L	chr2	219236597	8847	-
GLB1L2	chr11	134331987	44337	+
GLB1L3	chr11	134276378	43186	+
GLCCI1	chr7	7968795	120285	+
GLCE	chr15	69160634	111573	+
GLDC	chr9	6532466	113263	-
GLDN	chr15	51341654	66346	+
GLE1	chr9	128504718	37570	+
GLG1	chr16	74447439	159675	-
GLI1	chr12	57459784	12484	+
GLI2	chr2	120735867	256786	+
GLI3	chr7	41960948	276261	-
GLI4	chr8	143267444	9487	+
GLIPR1	chr12	75480754	23109	+
GLIPR1L1	chr12	75334669	35891	+
GLIPR1L2	chr12	75391088	41600	+
GLIPR2	chr9	36136732	27174	+
GLIS1	chr1	53506238	232926	-
GLIS2	chr16	4316066	23529	+
GLIS3	chr9	3824126	475942	-
GLMN	chr1	92246401	52586	-
GLMP	chr1	156292687	2992	-
GLO1	chr6	38675924	27221	-
GLOD4	chr17	759329	22951	-
GLOD5	chrX	48761746	11902	+
GLP1R	chr6	39048780	42523	+
GLP2R	chr17	9825923	66176	+
GLRA1	chr5	151822512	102339	-
GLRA2	chrX	14529535	202277	+
GLRA3	chr4	174636919	192328	-
GLRB	chr4	157076149	95941	+
GLRX	chr5	95813848	8878	-
GLRX2	chr1	193096469	8945	-
GLRX3	chr10	130136390	43282	+
GLRX5	chr14	95535049	9665	+
GLS	chr2	190880820	84732	+
GLS2	chr12	56470951	17210	-
GLT1D1	chr12	128853477	131491	+
GLT6D1	chr9	135623647	15893	-
GLT8D1	chr3	52694485	11306	-
GLT8D2	chr12	103988986	61201	-
GLTP	chr12	109850944	29597	-
GLTPD2	chr17	4788963	1626	+
GLUD1	chr10	87050201	44642	-
GLUD2	chrX	121047609	2485	+
GLUL	chr1	182378097	13693	-
GLYAT	chr11	58708756	23187	-
GLYATL1	chr11	58939487	16919	+
GLYATL1B	chr11	59086306	8480	+
GLYATL2	chr11	58834064	10640	-
GLYATL3	chr6	49499922	28156	+
GLYCTK	chr3	52287827	7430	+
GLYR1	chr16	4803202	44086	-
GM2A	chr5	151253184	17256	+
GMCL1	chr2	69829659	51725	+
GMCL2	chr5	178184504	2867	-
GMDS	chr6	1623805	621800	-
GMEB1	chr1	28668783	50570	+
GMEB2	chr20	63587604	39497	-
GMFB	chr14	54474484	14496	-
GMFG	chr19	39328358	7685	-
GMIP	chr19	19629475	14182	-
GML	chr8	142834800	12051	+
GMNC	chr3	190852736	9958	-
GMNN	chr6	24774936	11163	+
GMPPA	chr2	219498890	8099	+
GMPPB	chr3	49719915	4036	-
GMPR	chr6	16238586	56963	+
GMPR2	chr14	24232928	6314	+
GMPS	chr3	155870649	73371	+
GNA11	chr19	3094361	29638	+
GNA12	chr7	2728104	116204	-
GNA13	chr17	65009288	47452	-
GNA14	chr9	77423078	225244	-
GNA15	chr19	3136032	27717	+
GNAI1	chr7	80134830	91351	+
GNAI2	chr3	50236203	23159	+
GNAI3	chr1	109548614	51581	+
GNAL	chr18	11689263	196422	+
GNAO1	chr16	56191488	165956	+
GNAQ	chr9	77716096	315715	-
GNAS	chr20	58891420	19772	+
GNAS-AS1	chr20	58818917	31985	-
GNAT1	chr3	50191609	6087	+
GNAT2	chr1	109603090	16526	-
GNAT3	chr7	80458634	53430	-
GNAZ	chr22	23070518	54514	+
GNB1	chr1	1785285	105802	-
GNB1L	chr22	19783222	71652	-
GNB2	chr7	100673739	5430	+
GNB3	chr12	6840924	6469	+
GNB4	chr3	179396087	55383	-
GNB5	chr15	52115099	76293	-
GNE	chr9	36214440	44008	-
GNG10	chr9	111661604	8622	+
GNG11	chr7	93921734	6876	+
GNG12	chr1	67701474	131993	-
GNG13	chr16	798040	2694	-
GNG14	chr19	12687997	425	+
GNG2	chr14	51860611	109184	+
GNG3	chr11	62707675	1526	+
GNG4	chr1	235547684	102100	-
GNG5	chr1	84498324	8257	-
GNG5B	chrX	110346453	520	-
GNG7	chr19	2511218	191476	-
GNG8	chr19	46633952	2250	-
GNGT1	chr7	93906566	4699	+
GNGT2	chr17	49206236	4338	-
GNL1	chr6	30541380	15109	-
GNL2	chr1	37566815	29122	-
GNL3	chr3	52686031	8466	+
GNL3L	chrX	54530218	37071	+
GNLY	chr2	85694357	4495	+
GNMT	chr6	42960753	3127	+
GNPAT	chr1	231241211	36762	+
GNPDA1	chr5	142000670	12357	-
GNPDA2	chr4	44701794	24762	-
GNPNAT1	chr14	52775192	16415	-
GNPTAB	chr12	101745498	85461	-
GNPTG	chr16	1351930	12183	+
GNRH1	chr8	25419257	5004	-
GNRH2	chr20	3043621	2126	+
GNRHR	chr4	67737117	17271	-
GNS	chr12	64713448	45958	-
GOLGA1	chr9	124878274	62809	-
GOLGA2	chr9	128255828	20179	-
GOLGA3	chr12	132768913	59956	-
GOLGA4	chr3	37243270	123609	+
GOLGA5	chr14	92794304	45643	+
GOLGA6A	chr15	74069856	12694	-
GOLGA6B	chr15	72654696	14903	+
GOLGA6C	chr15	75258333	15122	+
GOLGA6D	chr15	75282834	12696	+
GOLGA6L1	chr15	23127065	9757	-
GOLGA6L10	chr15	82339992	9483	-
GOLGA6L2	chr15	23439037	8206	-
GOLGA6L22	chr15	22458902	10324	+
GOLGA6L24	chr15	28347850	10234	-
GOLGA6L25	chr15	28553567	10212	+
GOLGA6L26	chr15	23324534	9662	-
GOLGA6L4	chr15	84235772	9586	+
GOLGA6L6	chr15	20531855	9945	-
GOLGA6L7	chr15	28841831	6813	-
GOLGA6L9	chr15	82429815	9338	+
GOLGA7	chr8	41490581	20399	+
GOLGA7B	chr10	97849842	21736	+
GOLGA8A	chr15	34379067	58741	-
GOLGA8B	chr15	34525094	58557	-
GOLGA8F	chr15	28378663	13358	+
GOLGA8G	chr15	28519610	13361	-
GOLGA8H	chr15	30604027	13725	+
GOLGA8J	chr15	30082954	13736	+
GOLGA8K	chr15	32389598	13694	-
GOLGA8M	chr15	28698582	13839	-
GOLGA8N	chr15	32593455	13782	+
GOLGA8O	chr15	32441913	13721	-
GOLGA8Q	chr15	30552049	13635	+
GOLGA8R	chr15	30400561	13699	-
GOLGA8S	chr15	23354747	13594	+
GOLGA8T	chr15	30135050	13698	+
GOLGB1	chr3	121663200	86541	-
GOLIM4	chr3	168008688	87236	-
GOLM1	chr9	86026145	73413	-
GOLM2	chr15	44288718	127040	+
GOLPH3	chr5	32124715	49604	-
GOLPH3L	chr1	150646229	50925	-
GOLT1A	chr1	204198162	15826	-
GOLT1B	chr12	21501788	16620	+
GON4L	chr1	155749658	107556	-
GON7	chr14	93202893	4172	-
GOPC	chr6	117560268	42243	-
GORAB	chr1	170532165	21669	+
GORASP1	chr3	39096598	11029	-
GORASP2	chr2	170929252	37878	+
GOSR1	chr17	30477407	50185	+
GOSR2	chr17	46923159	18861	+
GOT1	chr10	99396869	33755	-
GOT1L1	chr8	37934280	5844	-
GOT2	chr16	58707130	27186	-
GP1BA	chr17	4932276	2747	+
GP1BB	chr22	19723538	1233	+
GP2	chr16	20309573	17940	-
GP5	chr3	194394820	4446	-
GP6	chr19	55013704	24560	-
GP9	chr3	129060778	1628	+
GPA33	chr1	167052835	37542	-
GPAA1	chr8	144082633	3583	+
GPALPP1	chr13	44989537	40768	+
GPAM	chr10	112149864	33901	-
GPANK1	chr6	31661227	3770	-
GPAT2	chr2	96021945	12971	-
GPAT3	chr4	83536107	69768	+
GPAT4	chr8	41578199	46802	+
GPATCH1	chr19	33081180	49362	+
GPATCH11	chr2	37084517	14727	+
GPATCH2	chr1	217426991	204099	-
GPATCH2L	chr14	76151921	62422	+
GPATCH3	chr1	26890487	9980	-
GPATCH8	chr17	44395280	108126	-
GPBAR1	chr2	218261014	2847	+
GPBP1	chr5	57174058	90615	+
GPBP1L1	chr1	45627303	59230	-
GPC1	chr2	240435662	32414	+
GPC2	chr7	100169605	7776	-
GPC3	chrX	133535744	449850	-
GPC4	chrX	133300102	115387	-
GPC5	chr13	91398620	1468617	+
GPC6	chr13	93226806	1181214	+
GPCPD1	chr20	5544438	66568	-
GPD1	chr12	50104007	7306	+
GPD1L	chr3	32106619	62090	+
GPD2	chr2	156436378	150025	+
GPER1	chr7	1088112	5698	+
GPHA2	chr11	64934470	1423	-
GPHB5	chr14	63312834	6101	-
GPHN	chr14	66508146	673657	+
GPI	chr19	34365195	37218	+
GPIHBP1	chr8	143213217	3953	+
GPKOW	chrX	49113406	10329	-
GPLD1	chr6	24425831	63747	-
GPM6A	chr4	175632936	179328	-
GPM6B	chrX	13770938	46155	-
GPN1	chr2	27629049	22462	+
GPN2	chr1	26876131	14152	-
GPN3	chr12	110452485	15772	-
GPNMB	chr7	23246774	28334	+
GPR101	chrX	137023928	10067	-
GPR107	chr9	130053905	86259	+
GPR108	chr19	6729913	7667	-
GPR119	chrX	130379448	6226	-
GPR12	chr13	26755199	5587	-
GPR132	chr14	105049394	16036	-
GPR135	chr14	59460758	4622	-
GPR137	chr11	64285847	3647	+
GPR137B	chr1	236142538	66369	+
GPR137C	chr14	52552835	84878	+
GPR139	chr16	20028238	45652	-
GPR141	chr7	37683765	60070	+
GPR142	chr17	74367505	5095	+
GPR143	chrX	9725345	40502	-
GPR146	chr7	1044545	14716	+
GPR148	chr2	130729069	1267	+
GPR149	chr3	154334942	95248	-
GPR15	chr3	98531977	2704	+
GPR150	chr5	95620086	2056	+
GPR151	chr5	146513143	3047	-
GPR152	chr11	67451300	1429	-
GPR153	chr1	6247352	13746	-
GPR155	chr2	174431570	55459	-
GPR156	chr3	120165477	119745	-
GPR157	chr1	9100304	28798	-
GPR158	chr10	25175000	427229	+
GPR15LG	chr10	84173800	11494	+
GPR160	chr3	170037994	47398	+
GPR161	chr1	168079541	57389	-
GPR162	chr12	6821820	5601	+
GPR17	chr2	127646152	6487	+
GPR171	chr3	151197831	5385	-
GPR173	chrX	53048788	31827	+
GPR174	chrX	79144687	30631	+
GPR176	chr15	39799007	121259	-
GPR179	chr17	38324570	19386	-
GPR18	chr13	99254738	3641	-
GPR180	chr13	94601856	32805	+
GPR183	chr13	99294538	12861	-
GPR19	chr12	12660889	35294	-
GPR20	chr8	141356469	10817	-
GPR21	chr9	123033666	1999	+
GPR22	chr7	107470056	5628	+
GPR25	chr1	200872980	1198	+
GPR26	chr10	123666354	31045	+
GPR27	chr3	71753854	2642	+
GPR3	chr1	27392621	3193	+
GPR31	chr6	167155246	2734	-
GPR32	chr19	50770463	1269	+
GPR33	chr14	31482874	5165	-
GPR34	chrX	41688972	8303	+
GPR35	chr2	240625479	7680	+
GPR37	chr7	124743884	21908	-
GPR37L1	chr1	202122916	10676	+
GPR39	chr2	132416804	229778	+
GPR4	chr19	45589763	12449	-
GPR42	chr19	35371067	1895	+
GPR45	chr2	105241742	1725	+
GPR50	chrX	151176583	4882	+
GPR52	chr1	174447963	1582	+
GPR55	chr2	230907327	17915	-
GPR6	chr6	109978310	2410	+
GPR61	chr1	109539871	7389	+
GPR62	chr3	51955380	2119	+
GPR63	chr6	96794124	43353	-
GPR65	chr14	88005134	9677	+
GPR68	chr14	91232531	12173	-
GPR75	chr2	53852911	7056	-
GPR78	chr4	8580391	9632	+
GPR82	chrX	41724180	5950	+
GPR83	chr11	94377315	24104	-
GPR84	chr12	54362444	2042	-
GPR85	chr7	113082284	4543	-
GPR87	chr3	151294085	22735	-
GPR88	chr1	100538138	3883	+
GPR89A	chr1	145607987	62663	+
GPR89B	chr1	147928419	65173	+
GPRASP1	chrX	102651482	7601	+
GPRASP2	chrX	102712447	5286	+
GPRASP3	chrX	102720742	32798	+
GPRC5A	chr12	12891561	26376	+
GPRC5B	chr16	19856690	28158	-
GPRC5C	chr17	74432087	15342	+
GPRC5D	chr12	12940574	11596	-
GPRC6A	chr6	116792084	36999	-
GPRIN1	chr5	176595801	14355	-
GPRIN2	chr10	46541735	14923	-
GPRIN3	chr4	89236382	71418	-
GPS1	chr17	82051897	5573	+
GPS2	chr17	7312660	2700	-
GPSM1	chr9	136327538	32063	+
GPSM2	chr1	108876984	57561	+
GPSM3	chr6	32190765	1878	-
GPT	chr8	144504139	3033	+
GPT2	chr16	46884361	46928	+
GPX1	chr3	49357175	1178	-
GPX2	chr14	64939157	3588	-
GPX3	chr5	151020590	8398	+
GPX4	chr19	1103993	2786	+
GPX5	chr6	28525880	9075	+
GPX6	chr6	28503295	12498	-
GPX7	chr1	52602370	6681	+
GPX8	chr5	55160170	7127	+
GRAMD1A	chr19	35000322	26147	+
GRAMD1B	chr11	123430268	197499	+
GRAMD1C	chr3	113838787	108387	+
GRAMD2A	chr15	72159805	37982	-
GRAMD2B	chr5	126423408	70956	+
GRAMD4	chr22	46620385	59400	+
GRAP	chr17	19020655	26302	-
GRAP2	chr22	39901083	72638	+
GRAPL	chr17	19127588	31599	+
GRB10	chr7	50590067	192829	-
GRB14	chr2	164492416	129066	-
GRB2	chr17	75318075	87603	-
GRB7	chr17	39737937	9348	+
GREB1	chr2	11534044	108744	+
GREB1L	chr18	21242231	283881	+
GREM1	chr15	32718003	27103	+
GREM2	chr1	240489572	122583	-
GREP1	chr16	2988261	13750	+
GRHL1	chr2	9951692	50585	+
GRHL2	chr8	101492438	177288	+
GRHL3	chr1	24319356	35962	+
GRHPR	chr9	37422695	14295	+
GRIA1	chr5	153490669	323200	+
GRIA2	chr4	157220727	145348	+
GRIA3	chrX	123184277	306638	+
GRIA4	chr11	105610072	372018	+
GRID1	chr10	85599551	767244	-
GRID2	chr4	92303965	1470601	+
GRID2IP	chr7	6496777	54684	-
GRIFIN	chr7	2474727	1671	-
GRIK1	chr21	29536932	403064	-
GRIK2	chr6	101393707	676376	+
GRIK3	chr1	36795526	238989	-
GRIK4	chr11	120511747	477159	+
GRIK5	chr19	41998323	71883	-
GRIN1	chr9	137139153	29603	+
GRIN2A	chr16	9753407	429021	-
GRIN2B	chr12	13537336	444266	-
GRIN2C	chr17	74842022	17863	-
GRIN2D	chr19	48393667	51264	+
GRIN3A	chr9	101569351	169296	-
GRIN3B	chr19	1000418	9314	+
GRINA	chr8	143990055	3360	+
GRIP1	chr12	66347430	331646	-
GRIP2	chr3	14489106	51236	-
GRIPAP1	chrX	48973722	28542	-
GRK1	chr13	113667218	70518	+
GRK2	chr11	67266472	20084	+
GRK3	chr22	25564674	164620	+
GRK4	chr4	2963570	77190	+
GRK5	chr10	119207570	252175	+
GRK5-IT1	chr10	119208420	4284	+
GRK6	chr5	177426675	16216	+
GRK7	chr3	141763407	55945	+
GRM1	chr6	146029061	408540	+
GRM2	chr3	51707067	11546	+
GRM3	chr7	86643908	220971	+
GRM4	chr6	34018642	127445	-
GRM5	chr11	88504641	561341	-
GRM6	chr5	178978326	16994	-
GRM7	chr3	6861114	880419	+
GRM8	chr7	126438597	814344	-
GRN	chr17	44345301	7805	+
GRP	chr18	59220157	10614	+
GRPEL1	chr4	7058894	9170	-
GRPEL2	chr5	149345498	9085	+
GRPR	chrX	16123564	29954	+
GRSF1	chr4	70815782	24108	-
GRTP1	chr13	113324162	39968	-
GRWD1	chr19	48445982	11040	+
GRXCR1	chr4	42892712	137946	+
GRXCR2	chr5	145858520	14494	-
GSAP	chr7	77310750	105599	-
GSC	chr14	94768222	1891	-
GSC2	chr22	19146992	3300	-
GSDMA	chr17	39963003	14765	+
GSDMB	chr17	39904594	14041	-
GSDMC	chr8	129748195	38429	-
GSDMD	chr8	143558345	4717	+
GSDME	chr7	24698354	59110	-
GSE1	chr16	85613321	62879	+
GSG1	chr12	13083531	20136	-
GSG1L	chr16	27787527	276187	-
GSG1L2	chr17	9800607	21472	-
GSK3A	chr19	42230189	12413	-
GSK3B	chr3	119821320	273127	-
GSKIP	chr14	96363525	23763	+
GSN	chr9	121268161	64681	+
GSPT1	chr16	11868127	47829	-
GSPT2	chrX	51743441	2791	+
GSR	chr8	30678065	49781	-
GSS	chr20	34928431	27375	-
GSTA1	chr6	52791370	12446	-
GSTA2	chr6	52750086	13389	-
GSTA3	chr6	52896645	13053	-
GSTA4	chr6	52977952	17332	-
GSTA5	chr6	52831847	8966	-
GSTCD	chr4	105708783	138942	+
GSTK1	chr7	143263440	5675	+
GSTM1	chr1	109687816	5929	+
GSTM2	chr1	109668056	7230	+
GSTM3	chr1	109733936	7102	-
GSTM4	chr1	109656098	5602	+
GSTM5	chr1	109712250	6018	+
GSTO1	chr10	104254891	12564	+
GSTO2	chr10	104269183	35767	+
GSTP1	chr11	67583811	2842	+
GSTT2B	chr22	23957413	3782	-
GSTT4	chr22	23998400	7053	-
GSTZ1	chr14	77321035	10562	+
GSX1	chr13	27792482	2286	+
GSX2	chr4	54100162	2336	+
GTF2A1	chr14	81175451	45508	-
GTF2A1L	chr2	48617855	61749	+
GTF2A2	chr15	59638061	19454	-
GTF2B	chr1	88852632	38935	-
GTF2E1	chr3	120742743	40326	+
GTF2E2	chr8	30578317	79919	-
GTF2F1	chr19	6379571	13593	-
GTF2F2	chr13	45120509	164384	+
GTF2H1	chr11	18322566	44479	+
GTF2H2	chr5	71035346	32330	-
GTF2H2C	chr5	69560190	35031	+
GTF2H3	chr12	123633828	28776	+
GTF2H4	chr6	30908206	5900	+
GTF2H5	chr6	158168349	30995	+
GTF2I	chr7	74657717	102975	+
GTF2IRD1	chr7	74453905	148700	+
GTF2IRD2	chr7	74796150	55455	-
GTF2IRD2B	chr7	75092589	57228	+
GTF3A	chr13	27424618	11205	+
GTF3C1	chr16	27460612	89301	-
GTF3C2	chr2	27325853	30911	-
GTF3C3	chr2	196763034	36649	-
GTF3C4	chr9	132670463	24490	+
GTF3C5	chr9	133030996	27507	+
GTF3C6	chr6	110958705	9167	+
GTPBP1	chr22	38705943	27644	+
GTPBP10	chr7	90346715	44738	+
GTPBP2	chr6	43620493	8771	-
GTPBP3	chr19	17337552	5179	+
GTPBP4	chr10	988433	31499	+
GTPBP6	chrX	304758	14038	-
GTPBP8	chr3	112990983	10986	+
GTSE1	chr22	46296869	33941	+
GTSF1	chr12	54455956	17646	-
GTSF1L	chr20	43726163	839	-
GUCA1A	chr6	42173363	6693	+
GUCA1B	chr6	42183283	11673	-
GUCA1C	chr3	108907791	46088	-
GUCA2A	chr1	42162689	2056	-
GUCA2B	chr1	42153409	2411	+
GUCD1	chr22	24540437	14701	-
GUCY1A1	chr4	155666847	70212	+
GUCY1A2	chr11	106674018	344458	-
GUCY1B1	chr4	155759020	48791	+
GUCY2C	chr12	14612631	83968	-
GUCY2D	chr17	8002614	17728	+
GUCY2F	chrX	109372905	109181	-
GUF1	chr4	44678419	22509	+
GUK1	chr1	228140278	8673	+
GULP1	chr2	188291873	304053	+
GUSB	chr7	65960683	21530	-
GVQW3	chr11	76381322	26810	+
GXYLT1	chr12	42081844	63030	-
GXYLT2	chr3	72888045	88870	+
GYG1	chr3	148991539	40236	+
GYG2	chrX	2828929	53889	+
GYPA	chr4	144109302	31416	-
GYPB	chr4	143996103	23277	-
GYPC	chr2	126656157	40510	+
GYPE	chr4	143870863	34696	-
GYS1	chr19	48968129	25180	-
GYS2	chr12	21536106	68741	-
GZF1	chr20	23362181	10881	+
GZMA	chr5	55102645	7607	+
GZMB	chr14	24630953	3237	-
GZMH	chr14	24606479	3206	-
GZMK	chr5	55024255	10315	+
GZMM	chr19	544052	5870	+
H1-0	chr22	37805228	2204	+
H1-1	chr6	26017031	756	-
H1-10	chr3	129314770	1516	-
H1-2	chr6	26055739	731	-
H1-3	chr6	26234211	776	-
H1-4	chr6	26156328	787	+
H1-5	chr6	27866791	797	-
H1-6	chr6	26107411	724	-
H1-7	chr12	48328979	1300	+
H1-8	chr3	129543174	8293	+
H19	chr11	1995175	2667	-
H2AB1	chrX	154884971	587	+
H2AB2	chrX	155380708	591	+
H2AB3	chrX	155459414	591	-
H2AC1	chr6	25726062	500	-
H2AC11	chr6	27133042	493	+
H2AC12	chr6	27147105	457	+
H2AC13	chr6	27808172	495	+
H2AC14	chr6	27814301	476	-
H2AC15	chr6	27837879	496	-
H2AC16	chr6	27865316	482	+
H2AC17	chr6	27892698	487	-
H2AC18	chr1	149842217	533	-
H2AC19	chr1	149851060	534	+
H2AC20	chr1	149886917	494	+
H2AC21	chr1	149887468	497	-
H2AC25	chr1	228457363	510	-
H2AC4	chr6	26033091	527	-
H2AC6	chr6	26124171	519	+
H2AC7	chr6	26198783	510	-
H2AC8	chr6	26216920	517	+
H2AJ	chr12	14774404	620	+
H2AL3	chrX	37994271	633	+
H2AP	chrX	37990778	536	+
H2AX	chr11	119093873	1592	-
H2AZ1	chr4	99948087	2188	-
H2AZ2	chr7	44831977	16110	-
H2BC1	chr6	25726776	569	+
H2BC10	chr6	26272930	482	+
H2BC11	chr6	27132315	480	-
H2BC12	chr6	27146360	495	-
H2BC12L	chr21	43565181	467	+
H2BC13	chr6	27807478	451	-
H2BC14	chr6	27815021	468	+
H2BC15	chr6	27838568	542	+
H2BC17	chr6	27893424	467	+
H2BC18	chr1	149811878	492	-
H2BC21	chr1	149884458	2224	-
H2BC26	chr1	228458102	456	+
H2BC3	chr6	26043226	487	-
H2BC4	chr6	26123466	460	-
H2BC5	chr6	26158121	486	+
H2BC6	chr6	26183760	470	+
H2BC7	chr6	26199515	473	+
H2BC8	chr6	26216199	489	-
H2BC9	chr6	26251613	462	+
H2BK1	chr7	151207836	2652	-
H2BN1	chr17	32895432	11154	+
H2BW1	chrX	104011146	2562	-
H2BW2	chrX	104039955	2499	+
H3-3A	chr1	226062715	9304	+
H3-3B	chr17	75776433	3346	-
H3-4	chr1	228424844	516	-
H3-5	chr12	31791184	1114	-
H3-7	chr1	143905509	468	-
H3C1	chr6	26020450	508	+
H3C10	chr6	27810050	486	+
H3C11	chr6	27871844	502	-
H3C12	chr6	27890314	512	-
H3C13	chr1	149813224	469	-
H3C14	chr1	149840686	522	-
H3C15	chr1	149852607	518	+
H3C2	chr6	26031588	511	-
H3C3	chr6	26045383	486	+
H3C4	chr6	26196783	503	-
H3C6	chr6	26225134	482	+
H3C7	chr6	26250141	494	-
H3C8	chr6	26270917	496	-
H3Y1	chr5	17654867	982	-
H3Y2	chr5	17490966	1110	-
H4C1	chr6	26021648	402	+
H4C11	chr6	27824091	389	+
H4C12	chr6	27831173	387	-
H4C13	chr6	27873147	387	-
H4C14	chr1	149832656	396	+
H4C15	chr1	149860763	396	-
H4C16	chr12	14770719	412	-
H4C2	chr6	26026895	388	-
H4C3	chr6	26103932	405	+
H4C4	chr6	26188709	403	-
H4C5	chr6	26204609	412	+
H4C6	chr6	26240392	401	+
H4C7	chr6	26246610	386	-
H4C8	chr6	26285125	409	-
H4C9	chr6	27139281	397	+
H6PD	chr1	9234773	36564	+
HAAO	chr2	42767088	25495	-
HABP2	chr10	113553052	36550	+
HABP4	chr9	96450168	41168	+
HACD1	chr10	17589031	28343	-
HACD2	chr3	123491553	93500	-
HACD3	chr15	65530462	47887	+
HACD4	chr9	20999508	32132	-
HACE1	chr6	104728093	131826	-
HACL1	chr3	15560698	40871	-
HACL2	chr19	15114986	10800	-
HADH	chr4	107989888	45283	+
HADHA	chr2	26190634	53998	-
HADHB	chr2	26244938	45527	+
HAGH	chr16	1807628	19197	-
HAGHL	chr16	727105	2610	+
HAL	chr12	95972661	23683	-
HAMP	chr19	35282527	2616	+
HAND1	chr5	154474971	3256	-
HAND2	chr4	173526090	4139	-
HAO1	chr20	7882984	57474	-
HAO2	chr1	119368784	25346	+
HAP1	chr17	41722639	12004	-
HAPLN1	chr5	83637804	83051	-
HAPLN2	chr1	156619414	6311	+
HAPLN3	chr15	88877293	18251	-
HAPLN4	chr19	19254755	8049	-
HAPSTR1	chr16	9091643	29992	+
HAPSTR2	chrX	140091677	1234	+
HARBI1	chr11	46602860	14367	-
HARS1	chr5	140673904	17466	-
HARS2	chr5	140691454	7851	+
HAS1	chr19	51713111	10880	-
HAS2	chr8	121612115	29325	-
HAS3	chr16	69105652	12008	+
HASPIN	chr17	3723902	2797	+
HAT1	chr2	171922460	61226	+
HAUS1	chr18	46104384	23949	+
HAUS2	chr15	42548837	21157	+
HAUS3	chr4	2228348	13773	-
HAUS4	chr14	22946227	10863	-
HAUS5	chr19	35612734	12621	+
HAUS6	chr9	19053140	49764	-
HAUS7	chrX	153447667	22909	-
HAUS8	chr19	17049728	25724	-
HAVCR1	chr5	157029412	29704	-
HAVCR2	chr5	157085831	23213	-
HAX1	chr1	154272628	3247	+
HBA1	chr16	176679	843	+
HBA2	chr16	172875	835	+
HBB	chr11	5225463	1608	-
HBD	chr11	5232837	1646	-
HBE1	chr11	5268344	1601	-
HBEGF	chr5	140332842	13761	-
HBG1	chr11	5248268	1589	-
HBG2	chr11	5253187	1594	-
HBM	chr16	165977	787	+
HBP1	chr7	107169002	33520	+
HBQ1	chr16	180458	721	+
HBS1L	chr6	134960377	94445	-
HBZ	chr16	152643	1860	+
HCAR1	chr12	122726075	4769	-
HCAR2	chr12	122701292	2065	-
HCAR3	chr12	122714755	2056	-
HCCS	chrX	11111331	11755	+
HCFC1	chrX	153947556	24262	-
HCFC1R1	chr16	3022624	1318	-
HCFC2	chr12	104064530	41994	+
HCK	chr20	32052241	49615	+
HCLS1	chr3	121631398	29505	-
HCN1	chr5	45254947	441433	-
HCN2	chr19	589880	27279	+
HCN3	chr1	155277462	12386	+
HCN4	chr15	73319858	49100	-
HCRT	chr17	42184059	1393	-
HCRTR1	chr1	31617688	9925	+
HCRTR2	chr6	55174514	108103	+
HCST	chr19	35902528	1849	+
HDAC1	chr1	32292082	41544	+
HDAC10	chr22	50245182	6083	-
HDAC11	chr3	13480305	26111	+
HDAC2	chr6	113933027	38121	-
HDAC3	chr5	141620880	15969	-
HDAC4	chr2	239048167	352853	-
HDAC5	chr17	44076752	46889	-
HDAC6	chrX	48802066	22910	+
HDAC7	chr12	47782721	37182	-
HDAC8	chrX	72329515	243328	-
HDAC9	chr7	18495748	506668	+
HDC	chr15	50241946	23780	-
HDDC2	chr6	125275349	26618	-
HDDC3	chr15	90929967	2582	-
HDGF	chr1	156742108	9567	-
HDGFL1	chr6	22569565	2101	+
HDGFL2	chr19	4472296	29911	+
HDGFL3	chr15	83127752	80071	-
HDHD2	chr18	47107409	43091	-
HDHD3	chr9	113373421	3565	-
HDHD5	chr22	17137519	21758	-
HDLBP	chr2	241227290	88382	-
HDX	chrX	84317877	184576	-
HEATR1	chr1	236549004	55512	-
HEATR3	chr16	50065969	41303	+
HEATR4	chr14	73478483	80464	-
HEATR5A	chr14	31291787	128763	-
HEATR5B	chr2	36980894	103478	-
HEATR6	chr17	60041007	37914	-
HEATR9	chr17	35854954	13937	-
HEBP1	chr12	12974869	25396	-
HEBP2	chr6	138404222	17975	+
HECA	chr6	139135079	45723	+
HECTD1	chr14	31100116	107677	-
HECTD2	chr10	91410343	104477	+
HECTD3	chr1	45002547	8777	-
HECTD4	chr12	112160194	222237	-
HECW1	chr7	43112646	453355	+
HECW2	chr2	196194071	399483	-
HEG1	chr3	124965709	90288	-
HELB	chr12	66302492	35707	+
HELLS	chr10	94545787	56312	+
HELQ	chr4	83407345	48478	-
HELT	chr4	185018489	2464	+
HELZ	chr17	67070443	174753	-
HELZ2	chr20	63558085	16154	-
HEMGN	chr9	97926790	11382	-
HEMK1	chr3	50569521	26645	+
HEMK2	chr21	28872190	13177	-
HENMT1	chr1	108648294	12799	-
HEPACAM	chr11	124919204	16843	-
HEPACAM2	chr7	93188533	37936	-
HEPH	chrX	66164246	103143	+
HEPHL1	chr11	94021353	92855	+
HEPN1	chr11	124919249	1428	+
HERC1	chr15	63608617	225331	-
HERC2	chr15	28111039	211140	-
HERC3	chr4	88592479	116060	+
HERC4	chr10	67921904	153379	-
HERC5	chr4	88457118	49045	+
HERC6	chr4	88378851	64246	+
HERPUD1	chr16	56932141	12723	+
HERPUD2	chr7	35632658	62477	-
HES1	chr3	194136147	2585	+
HES2	chr1	6415231	4688	-
HES3	chr1	6244178	1400	+
HES4	chr1	998963	1134	-
HES5	chr1	2528744	1519	-
HES6	chr2	238238266	1772	-
HES7	chr17	8120591	3515	-
HESX1	chr3	57197837	2141	-
HEXA	chr15	72340923	35091	-
HEXB	chr5	74685232	36056	+
HEXD	chr17	82418346	24299	+
HEXIM1	chr17	45148474	3625	+
HEXIM2	chr17	45161874	8161	+
HEY1	chr8	79764009	3758	-
HEY2	chr6	125749631	11638	+
HEYL	chr1	39623434	16209	-
HFE	chr6	26087428	10915	+
HFM1	chr1	91260765	144072	-
HGD	chr3	120628171	54068	-
HGF	chr7	81699009	71038	-
HGFAC	chr4	3441967	7519	+
HGH1	chr8	144137773	3078	+
HGS	chr17	81684010	18111	+
HGSNAT	chr8	43140463	62392	+
HHAT	chr1	210328901	347389	+
HHATL	chr3	42692662	10136	-
HHEX	chr10	92689954	5693	+
HHIP	chr4	144646155	99116	+
HHIPL1	chr14	99645128	35441	+
HHIPL2	chr1	222522263	25841	-
HHLA1	chr8	132061479	49678	-
HHLA2	chr3	108296547	81738	+
HIBADH	chr7	27525441	137442	-
HIBCH	chr2	190203919	115907	-
HIC1	chr17	2055102	8139	+
HIC2	chr22	21417370	34093	+
HID1	chr17	74950741	22018	-
HIF1A	chr14	61695512	52746	+
HIF1AN	chr10	100535942	24056	+
HIF3A	chr19	46297041	46392	+
HIGD1A	chr3	42782907	21583	-
HIGD1B	chr17	44847882	2594	+
HIGD1C	chr12	50952543	18064	+
HIGD2A	chr5	176388750	1011	+
HIGD2B	chr15	72675797	10385	-
HIKESHI	chr11	86302239	43704	+
HILPDA	chr7	128455877	2541	+
HINFP	chr11	119121579	14480	+
HINT1	chr5	131159026	6230	-
HINT2	chr9	35812959	2083	-
HINT3	chr6	125956769	23475	+
HIP1	chr7	75533297	205644	-
HIP1R	chr12	122835456	27505	+
HIPK1	chr1	113929323	48546	+
HIPK2	chr7	139561569	216429	-
HIPK3	chr11	33257380	99643	+
HIPK4	chr19	40379270	10911	-
HIRA	chr22	19330697	101036	-
HIRIP3	chr16	29992329	3288	-
HIVEP1	chr6	12012311	152688	+
HIVEP2	chr6	142751468	193708	-
HIVEP3	chr1	41506364	412558	-
HJURP	chr2	233836701	17834	-
HJV	chr1	146017469	4266	-
HK1	chr10	69318846	83036	+
HK2	chr2	74834126	59233	+
HK3	chr5	176880868	18478	-
HKDC1	chr10	69220331	47221	+
HLA-A	chr6	29942531	3339	+
HLA-B	chr6	31353874	3305	-
HLA-C	chr6	31268748	3344	-
HLA-DMA	chr6	32948617	4480	-
HLA-DMB	chr6	32934635	6393	-
HLA-DOA	chr6	33004181	5410	-
HLA-DOB	chr6	32812762	4240	-
HLA-DPA1	chr6	33064568	9081	-
HLA-DPB1	chr6	33075989	13707	+
HLA-DQA1	chr6	32637405	6279	+
HLA-DQA2	chr6	32741390	5808	+
HLA-DQB1	chr6	32659466	7191	-
HLA-DQB2	chr6	32756097	7435	-
HLA-DRA	chr6	32439886	5160	+
HLA-DRB1	chr6	32578774	11074	-
HLA-DRB5	chr6	32517352	12935	-
HLA-E	chr6	30489508	4686	+
HLA-F	chr6	29723433	3863	+
HLA-G	chr6	29827824	3197	+
HLCS	chr21	36748625	218044	-
HLF	chr17	55264959	60228	+
HLTF	chr3	149030126	56407	-
HLX	chr1	220879442	5617	+
HM13	chr20	31514441	55102	+
HMBOX1	chr8	28890394	162868	+
HMBS	chr11	119084880	8669	+
HMCES	chr3	129278869	27317	+
HMCN1	chr1	185734390	456559	+
HMCN2	chr9	130265759	168364	+
HMG20A	chr15	77420887	64716	+
HMG20B	chr19	3572943	6140	+
HMGA1	chr6	34236872	9359	+
HMGA2	chr12	65824482	141809	+
HMGB1	chr13	30456703	9233	-
HMGB2	chr4	173331375	2983	-
HMGB3	chrX	150983334	7437	+
HMGB4	chr1	33864078	713	+
HMGCL	chr1	23801884	23545	-
HMGCLL1	chr6	55434372	144820	-
HMGCR	chr5	75337219	24882	+
HMGCS1	chr5	43287469	25943	-
HMGCS2	chr1	119748001	20904	-
HMGN1	chr21	39342314	6774	-
HMGN2	chr1	26472439	4203	+
HMGN3	chr6	79201244	33438	-
HMGN4	chr6	26538365	8568	+
HMGN5	chrX	81113698	88215	-
HMGXB3	chr5	150000738	52390	+
HMGXB4	chr22	35257492	38315	+
HMHB1	chr5	143812160	8556	+
HMMR	chr5	163460631	31310	+
HMOX1	chr22	35381095	13112	+
HMOX2	chr16	4476397	33950	+
HMSD	chr18	63949300	12535	+
HMX1	chr4	8867047	4792	-
HMX2	chr10	123148135	2537	+
HMX3	chr10	123135969	3454	+
HNF1A	chr12	120978542	23970	+
HNF1B	chr17	37686430	58629	-
HNF4A	chr20	44355698	77147	+
HNF4G	chr8	75539868	26966	+
HNMT	chr2	137964472	51892	+
HNRNPA0	chr5	137745650	8713	-
HNRNPA1	chr12	54280725	6362	+
HNRNPA1L2	chr13	52642430	1343	+
HNRNPA1L3	chr16	51645756	1323	+
HNRNPA2B1	chr7	26189926	10820	-
HNRNPA3	chr2	177212793	11166	+
HNRNPAB	chr5	178204532	6631	+
HNRNPC	chr14	21209146	60296	-
HNRNPCL1	chr1	12847376	1344	-
HNRNPCL2	chr1	13115487	1367	-
HNRNPCL3	chr1	13060768	2110	+
HNRNPCL4	chr1	13163913	1718	-
HNRNPD	chr4	82352497	21494	-
HNRNPDL	chr4	82422568	7894	-
HNRNPF	chr10	43385617	23569	-
HNRNPH1	chr5	179614177	9494	-
HNRNPH2	chrX	101408221	5912	+
HNRNPH3	chr10	68332063	11130	+
HNRNPK	chr9	83968082	12133	-
HNRNPK-AS1	chr9	83972094	3686	+
HNRNPL	chr19	38836369	13617	-
HNRNPLL	chr2	38561968	40960	-
HNRNPM	chr19	8444974	44140	+
HNRNPR	chr1	23304687	39597	-
HNRNPU	chr1	244850296	14247	-
HNRNPUL1	chr19	41264371	43416	+
HNRNPUL2	chr11	62712629	14828	-
HOATZ	chr11	111514777	22266	+
HOGA1	chr10	97584388	28414	+
HOMER1	chr5	79372635	141499	-
HOMER2	chr15	82848982	103738	-
HOMER3	chr19	18929202	12015	-
HOMEZ	chr14	23272421	13711	-
HOOK1	chr1	59814948	61374	+
HOOK2	chr19	12763002	12550	-
HOOK3	chr8	42896977	133558	+
HOPX	chr4	56647997	33299	-
HORMAD1	chr1	150698059	22836	-
HORMAD2	chr22	30080463	96612	+
HOTAIR	chr12	53962311	12643	-
HOXA1	chr7	27092992	3008	-
HOXA10	chr7	27170604	3716	-
HOXA11	chr7	27181156	4076	-
HOXA13	chr7	27194363	5728	-
HOXA2	chr7	27100353	2330	-
HOXA3	chr7	27107009	45574	-
HOXA4	chr7	27128524	2233	-
HOXA5	chr7	27141051	2630	-
HOXA6	chr7	27145395	2379	-
HOXA7	chr7	27153715	2960	-
HOXA9	chr7	27162437	3100	-
HOXB1	chr17	48528525	2486	-
HOXB13	chr17	48724762	3988	-
HOXB2	chr17	48542654	2455	-
HOXB3	chr17	48548869	41372	-
HOXB4	chr17	48575506	2844	-
HOXB5	chr17	48591256	2523	-
HOXB6	chr17	48595750	9236	-
HOXB7	chr17	48607231	3786	-
HOXB8	chr17	48612345	2947	-
HOXB9	chr17	48621155	5203	-
HOXC10	chr12	53985145	5134	+
HOXC11	chr12	53973125	4518	+
HOXC12	chr12	53954902	4054	+
HOXC13	chr12	53938830	7714	+
HOXC4	chr12	54053834	2196	+
HOXC5	chr12	54033049	2312	+
HOXC6	chr12	54028439	2384	+
HOXC8	chr12	54008984	3785	+
HOXC9	chr12	54000160	3177	+
HOXD1	chr2	176188667	2240	+
HOXD10	chr2	176116777	3160	+
HOXD11	chr2	176107279	2475	+
HOXD12	chr2	176099794	2695	+
HOXD13	chr2	176092720	3224	+
HOXD3	chr2	176157306	15792	+
HOXD4	chr2	176151549	1677	+
HOXD8	chr2	176129704	2991	+
HOXD9	chr2	176122718	2219	+
HP	chr16	72054504	6551	+
HP1BP3	chr1	20740265	47042	-
HPCA	chr1	32886490	8156	+
HPCAL1	chr2	10302903	124701	+
HPCAL4	chr1	39678647	12786	-
HPD	chr12	121839526	19333	-
HPDL	chr1	45326894	1816	+
HPF1	chr4	169729469	28475	-
HPGD	chr4	174490174	32314	-
HPGDS	chr4	94298534	44302	-
HPN	chr19	35041720	24853	+
HPR	chr16	72063225	14021	+
HPRT1	chrX	134460164	40504	+
HPS1	chr10	98416197	30738	-
HPS3	chr3	149129637	44095	+
HPS4	chr22	26450881	32902	-
HPS5	chr11	18278675	43465	-
HPS6	chr10	102065348	2688	+
HPSE	chr4	83292460	42388	-
HPSE2	chr10	98457076	778776	-
HPX	chr11	6431048	9939	-
HR	chr8	22114418	16592	-
HRAS	chr11	532241	3335	-
HRC	chr19	49151197	4199	-
HRCT1	chr9	35906201	935	+
HRG	chr3	186666013	12221	+
HRH1	chr3	11154492	109065	+
HRH2	chr5	175658070	52686	+
HRH3	chr20	62214959	5319	-
HRH4	chr18	24460636	19325	+
HRK	chr12	116856143	25298	-
HRNR	chr1	152212075	12118	-
HROB	chr17	44141929	20547	+
HRURF	chr8	22130457	553	-
HS1BP3	chr2	20617817	33281	-
HS2ST1	chr1	86914634	195348	+
HS3ST1	chr4	11393149	35745	-
HS3ST2	chr16	22814161	102177	+
HS3ST3A1	chr17	13494031	107898	-
HS3ST3B1	chr17	14301080	48324	+
HS3ST4	chr16	25691958	445727	+
HS3ST5	chr6	114055595	287428	-
HS3ST6	chr16	1911474	6941	-
HS6ST1	chr2	128265479	53389	-
HS6ST2	chrX	132626014	332615	-
HS6ST3	chr13	96090106	749456	+
HSBP1	chr16	83807977	11760	+
HSBP1L1	chr18	79964642	6180	+
HSCB	chr22	28742038	15472	+
HSD11B1	chr1	209704845	30084	+
HSD11B1L	chr19	5681026	7496	+
HSD11B2	chr16	67431120	6433	+
HSD17B1	chr17	42552922	2292	+
HSD17B10	chrX	53431260	3110	-
HSD17B11	chr4	87336514	54674	-
HSD17B12	chr11	43680737	175878	+
HSD17B13	chr4	87303793	19089	-
HSD17B14	chr19	48813017	23474	-
HSD17B2	chr16	82035252	63282	+
HSD17B3	chr9	96235305	66871	-
HSD17B4	chr5	119452496	89836	+
HSD17B6	chr12	56763323	24467	+
HSD17B7	chr1	162790701	22122	+
HSD17B8	chr6	33204654	2177	+
HSD3B1	chr1	119507209	7845	+
HSD3B2	chr1	119415149	7885	+
HSD3B7	chr16	30985206	3941	+
HSDL1	chr16	84122140	23037	-
HSDL2	chr9	112380107	92298	+
HSF1	chr8	144291603	23117	+
HSF2	chr6	122399651	33468	+
HSF2BP	chr21	43529185	130303	-
HSF4	chr16	67164744	5197	+
HSF5	chr17	58420166	68242	-
HSFX1	chrX	149774067	2800	+
HSFX2	chrX	149592511	2803	-
HSFX3	chrX	149548209	1715	-
HSFX4	chrX	149929572	1715	+
HSFY1	chrY	18546719	1873	+
HSFY2	chrY	18771813	1922	-
HSH2D	chr19	16143684	14891	+
HSP90AA1	chr14	102080741	6303	-
HSP90AB1	chr6	44247100	6783	+
HSP90B1	chr12	103930409	17517	+
HSPA12A	chr10	116671191	71375	-
HSPA12B	chr20	3732684	20427	+
HSPA13	chr21	14371114	12032	-
HSPA14	chr10	14838305	33436	+
HSPA1A	chr6	31815542	2400	+
HSPA1B	chr6	31827737	2517	+
HSPA1L	chr6	31809618	5665	-
HSPA2	chr14	64540740	2497	+
HSPA4	chr5	133052012	54437	+
HSPA4L	chr4	127782321	58412	+
HSPA5	chr9	125234852	6491	-
HSPA6	chr1	161524539	2355	+
HSPA8	chr11	123057488	4648	-
HSPA9	chr5	138553755	21646	-
HSPB1	chr7	76302672	1620	+
HSPB2	chr11	111912733	1360	+
HSPB3	chr5	54455698	679	+
HSPB6	chr19	35754565	2464	-
HSPB7	chr1	16014028	4015	-
HSPB8	chr12	119178930	15816	+
HSPB9	chr17	42122803	549	+
HSPBAP1	chr3	122739998	53833	-
HSPBP1	chr19	55262222	17888	-
HSPD1	chr2	197486583	13257	-
HSPE1	chr2	197500378	3071	+
HSPG2	chr1	21822243	115067	-
HSPH1	chr13	31134972	26932	-
HTATIP2	chr11	20363713	20069	+
HTATSF1	chrX	136497591	14755	+
HTD2	chr3	58306519	13674	+
HTN1	chr4	70050437	8411	+
HTN3	chr4	70028458	8080	+
HTR1A	chr5	63957873	4572	-
HTR1B	chr6	77460923	2568	-
HTR1D	chr1	23191894	25608	-
HTR1E	chr6	86937527	79152	+
HTR1F	chr3	87792705	201134	+
HTR2A	chr13	46831545	65508	-
HTR2B	chr2	231108229	16813	-
HTR2C	chrX	114584085	325976	+
HTR3A	chr11	113975107	15206	+
HTR3B	chr11	113904795	44284	+
HTR3C	chr3	184053046	7627	+
HTR3D	chr3	184031741	7628	+
HTR3E	chr3	184097063	9932	+
HTR4	chr5	148481546	172981	-
HTR5A	chr7	155070323	17069	+
HTR6	chr1	19664874	16092	+
HTR7	chr10	90740822	117217	-
HTRA1	chr10	122461552	53355	+
HTRA2	chr2	74529932	3387	+
HTRA3	chr4	8269753	37345	+
HTRA4	chr8	38974227	14436	+
HTT	chr4	3074680	169277	+
HTT-AS	chr4	3046138	28400	-
HULC	chr6	8652268	1588	+
HUNK	chr21	31873019	131045	+
HUS1	chr7	47963287	16328	-
HUS1B	chr6	655938	1162	-
HUWE1	chrX	53532095	154624	-
HVCN1	chr12	110648685	40430	-
HYAL1	chr3	50299892	3682	-
HYAL2	chr3	50317807	4938	-
HYAL3	chr3	50292831	6574	-
HYAL4	chr7	123845168	32313	+
HYCC1	chr7	22934210	79920	-
HYCC2	chr2	200973717	97954	-
HYDIN	chr16	70802083	428639	-
HYI	chr1	43450988	2943	-
HYKK	chr15	78507576	29069	+
HYLS1	chr11	125887667	12979	+
HYOU1	chr11	119044187	13018	-
HYPK	chr15	43800598	3829	+
IAH1	chr2	9474550	15192	+
IAPP	chr12	21372901	7079	+
IARS1	chr9	92210206	83491	-
IARS2	chr1	220094131	53910	+
IBA57	chr1	228165803	16454	+
IBSP	chr4	87799553	12882	+
IBTK	chr6	82169986	77758	-
ICA1	chr7	8113183	148984	-
ICA1L	chr2	202773175	98591	-
ICAM1	chr19	10271119	15496	+
ICAM2	chr17	64002594	18039	-
ICAM3	chr19	10333775	5849	-
ICAM4	chr19	10286954	1566	+
ICAM5	chr19	10289951	6827	+
ICE1	chr5	5422676	67544	+
ICE2	chr15	60419608	59534	-
ICMT	chr1	6221192	14772	-
ICOS	chr2	203936762	24815	+
ICOSLG	chr21	44222990	17953	-
ID1	chr20	31605288	1222	+
ID2	chr2	8682055	2406	+
ID3	chr1	23557925	1576	-
ID4	chr6	19837369	4828	+
IDE	chr10	92451683	122410	-
IDH1	chr2	208236228	18843	-
IDH2	chr15	90083044	19424	-
IDH3A	chr15	78149361	22584	+
IDH3B	chr20	2658394	5822	-
IDH3G	chrX	153785767	8608	-
IDI1	chr10	1039418	9701	-
IDI2	chr10	1018909	6950	-
IDNK	chr9	83623142	20981	+
IDO1	chr8	39913890	14900	+
IDO2	chr8	39934650	81742	+
IDS	chrX	149476987	28319	-
IDUA	chr4	987043	17521	+
IER2	chr19	13150410	4501	+
IER3	chr6	30743198	1349	-
IER3IP1	chr18	47152833	23531	-
IER5	chr1	181088699	4201	+
IER5L	chr9	129175551	2710	-
IFFO1	chr12	6539538	16504	-
IFFO2	chr1	18904279	52397	-
IFI16	chr1	159009906	45245	+
IFI27	chr14	94110735	5955	+
IFI27L1	chr14	94081309	21400	+
IFI27L2	chr14	94127780	1824	-
IFI30	chr19	18173812	4305	+
IFI35	chr17	43006783	7673	+
IFI44	chr1	78649830	14243	+
IFI44L	chr1	78620447	25698	+
IFI6	chr1	27666063	6129	-
IFIH1	chr2	162267073	51611	-
IFIT1	chr10	89392622	13865	+
IFIT1B	chr10	89378055	7150	+
IFIT2	chr10	89302045	7226	+
IFIT3	chr10	89327996	12972	+
IFIT5	chr10	89414567	6430	+
IFITM1	chr11	314039	1233	+
IFITM10	chr11	1732405	18190	-
IFITM2	chr11	307815	1580	+
IFITM3	chr11	319675	1185	-
IFITM5	chr11	298199	1327	-
IFNA1	chr9	21440438	878	+
IFNA10	chr9	21206180	963	-
IFNA13	chr9	21367371	686	-
IFNA14	chr9	21239001	1004	-
IFNA16	chr9	21216372	939	-
IFNA17	chr9	21227242	980	-
IFNA2	chr9	21384254	1144	-
IFNA21	chr9	21165636	1024	-
IFNA4	chr9	21186617	970	-
IFNA5	chr9	21304325	988	-
IFNA6	chr9	21350317	570	-
IFNA7	chr9	21201468	737	-
IFNA8	chr9	21409116	1069	+
IFNAR1	chr21	33324969	34895	+
IFNAR2	chr21	33229937	35727	+
IFNB1	chr9	21077103	839	-
IFNE	chr9	21480838	1475	-
IFNG	chr12	68154767	4973	-
IFNG-AS1	chr12	67989446	31867	+
IFNGR1	chr6	137197484	21901	-
IFNGR2	chr21	33403412	34104	+
IFNK	chr9	27524289	2209	+
IFNL1	chr19	39296406	2267	+
IFNL2	chr19	39268395	1793	+
IFNL3	chr19	39243552	1454	-
IFNLR1	chr1	24154167	33122	-
IFNW1	chr9	21140631	1201	-
IFRD1	chr7	112450459	26744	+
IFRD2	chr3	50287731	4698	-
IFT122	chr3	129440223	80284	+
IFT140	chr16	1510426	101646	-
IFT172	chr2	27444376	45367	-
IFT20	chr17	28328325	7147	-
IFT22	chr7	101310913	10899	-
IFT25	chr1	53921560	24139	-
IFT27	chr22	36758210	17909	-
IFT43	chr14	75985762	97980	+
IFT46	chr11	118544542	21389	-
IFT52	chr20	43590936	56363	+
IFT56	chr7	139133777	58209	+
IFT57	chr3	108160811	61613	-
IFT70A	chr2	177612998	5744	-
IFT70B	chr2	177548997	3799	-
IFT74	chr9	26956411	109723	+
IFT80	chr3	160256985	142240	-
IFT81	chr12	110124356	94437	+
IFT88	chr13	20567156	124288	+
IFTAP	chr11	36594501	64771	+
IGBP1	chrX	70133446	32878	+
IGBP1C	chr17	58660423	31622	-
IGDCC3	chr15	65327126	50876	-
IGDCC4	chr15	65381483	41464	-
IGF1	chr12	102395873	84690	-
IGF1R	chr15	98648538	315992	+
IGF2	chr11	2129116	10273	-
IGF2BP1	chr17	48997384	58761	+
IGF2BP2	chr3	185643129	181913	-
IGF2BP3	chr7	23310208	160283	-
IGF2R	chr6	159969081	142423	+
IGFALS	chr16	1790412	3293	-
IGFBP1	chr7	45888487	5173	+
IGFBP2	chr2	216633419	31017	+
IGFBP3	chr7	45912244	9028	-
IGFBP4	chr17	40443449	14276	+
IGFBP5	chr2	216672104	23445	-
IGFBP6	chr12	53097666	4674	+
IGFBP7	chr4	57030772	79613	-
IGFBPL1	chr9	38406527	17927	-
IGFL1	chr19	46229741	1502	+
IGFL2	chr19	46148237	13052	+
IGFL3	chr19	46120066	4622	-
IGFL4	chr19	46039181	1821	-
IGFLR1	chr19	35738800	3652	-
IGFN1	chr1	201190823	38129	+
IGHMBP2	chr11	68903890	36711	+
IGIP	chr5	140125936	3456	+
IGLL1	chr22	23573124	7166	-
IGLL5	chr22	22887815	8296	+
IGLON5	chr19	51311643	19248	+
IGSF1	chrX	131273505	15801	-
IGSF10	chr3	151436202	24859	-
IGSF11	chr3	118900556	134290	-
IGSF21	chr1	18107797	270686	+
IGSF22	chr11	18704311	21877	-
IGSF23	chr19	44613562	23219	+
IGSF3	chr1	116574407	93326	-
IGSF5	chr21	39745182	56899	+
IGSF6	chr16	21639549	13059	-
IGSF8	chr1	160091342	7277	-
IGSF9	chr1	159927040	18573	-
IGSF9B	chr11	133896437	60531	-
IHH	chr2	219054423	6498	-
IHO1	chr3	49199497	58609	+
IK	chr5	140647828	14652	+
IKBIP	chr12	98624248	20540	-
IKBKB	chr8	42271301	61159	+
IKBKB-DT	chr8	42255319	15931	-
IKBKE	chr1	206470475	26414	+
IKBKG	chrX	154547619	17414	+
IKZF1	chr7	50304715	100386	+
IKZF2	chr2	212999697	151915	-
IKZF3	chr17	39757717	106595	-
IKZF4	chr12	56021042	17393	+
IKZF5	chr10	122990806	17989	-
IL10	chr1	206767601	4893	-
IL10RA	chr11	117986393	15090	+
IL10RB	chr21	33266366	30855	+
IL11	chr19	55364381	6082	-
IL11RA	chr9	34652184	9718	+
IL12A	chr3	159988834	7185	+
IL12B	chr5	159314779	15708	-
IL12RB1	chr19	18058994	27940	-
IL12RB2	chr1	67307872	90852	+
IL13	chr5	132658172	2938	+
IL13RA1	chrX	118727605	66928	+
IL13RA2	chrX	115003981	13635	-
IL15	chr4	141636582	97405	+
IL15RA	chr10	5952383	25160	-
IL16	chr15	81196878	117180	+
IL17A	chr6	52186374	4264	+
IL17B	chr5	149374266	5026	-
IL17C	chr16	88638571	1897	+
IL17D	chr13	20703698	19400	+
IL17F	chr6	52236680	7820	-
IL17RA	chr22	17084999	30694	+
IL17RB	chr3	53846567	19227	+
IL17RC	chr3	9917097	16524	+
IL17RD	chr3	57089981	75372	-
IL17RE	chr3	9902847	13550	+
IL17REL	chr22	49991810	20955	-
IL18	chr11	112143259	20835	-
IL18BP	chr11	71998908	3896	+
IL18R1	chr2	102355795	42981	+
IL18RAP	chr2	102423159	29406	+
IL19	chr1	206770772	72209	+
IL1A	chr2	112773924	10569	-
IL1B	chr2	112829750	7029	-
IL1F10	chr2	113067969	7874	+
IL1R1	chr2	102142745	37129	+
IL1R2	chr2	101991959	36585	+
IL1RAP	chr3	190514084	137430	+
IL1RAPL1	chrX	28587445	1369273	+
IL1RAPL2	chrX	104566198	1201631	+
IL1RL1	chr2	102311562	40475	+
IL1RL2	chr2	102187022	52980	+
IL1RN	chr2	113127597	6417	+
IL2	chr4	122451469	5256	-
IL20	chr1	206865622	3601	+
IL20RA	chr6	136999970	44995	-
IL20RB	chr3	136957982	53103	+
IL21	chr4	122610107	10959	-
IL21R	chr16	27402173	49869	+
IL22	chr12	68248241	5363	-
IL22RA1	chr1	24119770	23370	-
IL22RA2	chr6	137143819	29825	-
IL23A	chr12	56338883	1527	+
IL23R	chr1	67166453	93526	+
IL24	chr1	206897442	6697	+
IL25	chr14	23372808	3595	+
IL26	chr12	68201348	24462	-
IL27	chr16	28499361	7473	-
IL27RA	chr19	14031761	21457	+
IL2RA	chr10	6010688	51679	-
IL2RB	chr22	37125842	24074	-
IL2RG	chrX	71107403	4174	-
IL3	chr5	132060654	2550	+
IL31	chr12	122172028	2193	-
IL31RA	chr5	55851356	71494	+
IL32	chr16	3065639	3891	+
IL33	chr9	6215806	42177	+
IL34	chr16	70646558	14124	+
IL36A	chr2	113005458	2586	+
IL36B	chr2	113027432	25435	-
IL36G	chr2	112978005	7653	+
IL36RN	chr2	113059197	5547	+
IL37	chr2	112911164	7718	+
IL3RA	chrX	1336784	45905	+
IL4	chr5	132673988	8690	+
IL4I1	chr19	49889653	7234	-
IL4R	chr16	27313973	50805	+
IL5	chr5	132541444	2078	-
IL5RA	chr3	3066323	44051	-
IL6	chr7	22727199	4799	+
IL6R	chr1	154405342	64108	+
IL6ST	chr5	55935094	59869	-
IL7	chr8	78732771	72692	-
IL7R	chr5	35856890	22713	+
IL9	chr5	135892245	3596	-
IL9R	chrX	155997695	13122	+
ILDR1	chr3	121987322	34925	-
ILDR2	chr1	166908186	67354	-
ILF2	chr1	153661787	9206	-
ILF3	chr19	10654345	38055	+
ILK	chr11	6603773	7097	+
ILKAP	chr2	238170401	33294	-
ILRUN	chr6	34587287	109480	-
IMMP1L	chr11	31432400	77222	-
IMMP2L	chr7	110662643	899849	-
IMMT	chr2	86143935	51527	-
IMP3	chr15	75639092	1132	-
IMP4	chr2	130342896	5071	+
IMPA1	chr8	81656913	29412	-
IMPA2	chr18	11981506	49371	+
IMPACT	chr18	24426669	26862	+
IMPDH1	chr7	128392276	17706	-
IMPDH2	chr3	49024324	5074	-
IMPG1	chr6	75921113	151549	-
IMPG2	chr3	101222545	98030	-
INA	chr10	103277137	13209	+
INAFM1	chr19	47274884	839	+
INAFM2	chr15	40323691	3024	+
INAVA	chr1	200894899	20843	+
INCA1	chr17	4988129	9393	-
INCENP	chr11	62124010	29159	+
INF2	chr14	104689617	32918	+
ING1	chr13	110713699	9640	+
ING2	chr4	183505057	7372	+
ING3	chr7	120950776	26440	+
ING4	chr12	6650300	12819	-
ING5	chr2	241702038	27440	+
INHA	chr2	219572309	3402	+
INHBA	chr7	41685113	17977	-
INHBB	chr2	120346135	5668	+
INHBC	chr12	57434783	17279	+
INHBE	chr12	57455306	2719	+
INIP	chr9	112683925	34192	-
INKA1	chr3	49803260	1770	+
INKA2	chr1	111722063	17332	-
INMT	chr7	30752134	5468	+
INO80	chr15	40978879	137401	-
INO80B	chr2	74455086	2858	+
INO80C	chr18	35468332	29628	-
INO80D	chr2	205993720	92454	-
INO80E	chr16	29996240	9551	+
INPP1	chr2	190343588	28077	+
INPP4A	chr2	98444857	149535	+
INPP4B	chr4	142023159	823142	-
INPP5A	chr10	132537786	245694	+
INPP5B	chr1	37860696	86357	-
INPP5D	chr2	233060341	147562	+
INPP5E	chr9	136428618	11227	-
INPP5F	chr10	119726049	103098	+
INPP5J	chr22	31122965	11732	+
INPP5K	chr17	1494576	22036	-
INPPL1	chr11	72224766	14381	+
INS	chr11	2159778	1431	-
INSC	chr11	15114922	132286	+
INSIG1	chr7	155297877	12358	+
INSIG2	chr2	118088470	22527	+
INSL3	chr19	17816511	5008	-
INSL4	chr9	5231418	3886	+
INSL5	chr1	66797739	3537	-
INSL6	chr9	5163867	21772	-
INSM1	chr20	20368103	2846	+
INSM2	chr14	35534163	2891	+
INSR	chr19	7112264	182150	-
INSRR	chr1	156840062	19055	-
INSYN1	chr15	73735457	17894	-
INSYN2A	chr10	127135429	61162	-
INSYN2B	chr5	169861302	119193	-
INTS1	chr7	1470276	34113	-
INTS10	chr8	19817415	34652	+
INTS11	chr1	1311599	13061	-
INTS12	chr4	105682626	26063	-
INTS13	chr12	26905180	32801	-
INTS14	chr15	65578756	32375	-
INTS15	chr7	6590020	18706	+
INTS2	chr17	61865366	62616	-
INTS3	chr1	153728049	46759	+
INTS4	chr11	77878719	115949	-
INTS5	chr11	62646847	6455	-
INTS6	chr13	51361576	91460	-
INTS6L	chrX	135520659	61851	+
INTS7	chr1	211940402	95155	-
INTS8	chr8	94823286	58460	+
INTS9	chr8	28767660	122309	-
INTU	chr4	127632956	93781	+
INVS	chr9	100099242	202933	+
IP6K1	chr3	49724293	62249	-
IP6K2	chr3	48688002	29219	-
IP6K3	chr6	33721661	25244	-
IPCEF1	chr6	154154495	202308	-
IPMK	chr10	58191516	76378	-
IPO11	chr5	62412762	215820	+
IPO13	chr1	43946949	21073	+
IPO4	chr14	24180218	8598	-
IPO5	chr13	97953674	70622	+
IPO7	chr11	9384651	63476	+
IPO8	chr12	30628987	66882	-
IPO9	chr1	201829156	55135	+
IPP	chr1	45698710	51943	-
IPPK	chr9	92613182	56949	-
IQANK1	chr8	143734138	56507	+
IQCB1	chr3	121769760	65300	-
IQCC	chr1	32205670	3012	+
IQCE	chr7	2558978	55750	+
IQCF1	chr3	51894875	8478	-
IQCF2	chr3	51861614	1810	+
IQCF3	chr3	51829425	1431	+
IQCF5	chr3	51873720	1881	-
IQCF6	chr3	51778562	675	-
IQCH	chr15	67254785	247019	+
IQCJ	chr3	159069318	194429	+
IQCK	chr16	19718270	140197	+
IQCM	chr4	149351708	464135	-
IQCN	chr19	18257097	17355	-
IQGAP1	chr15	90388241	113998	+
IQGAP2	chr5	76403284	304848	+
IQGAP3	chr1	156525404	47161	-
IQSEC1	chr3	12897042	176387	-
IQSEC2	chrX	53232875	88475	-
IQSEC3	chr12	66766	111689	+
IQUB	chr7	123452192	82403	-
IRAG1	chr11	10573094	120661	-
IRAG2	chr12	25052705	55630	+
IRAK1	chrX	154010506	9396	-
IRAK1BP1	chr6	78867550	35552	+
IRAK2	chr3	10164918	78827	+
IRAK3	chr12	66189213	65409	+
IRAK4	chr12	43758950	30591	+
IREB2	chr15	78438215	63238	+
IRF1	chr5	132481608	9165	-
IRF2	chr4	184387728	86822	-
IRF2BP1	chr19	45883607	2534	-
IRF2BP2	chr1	234604268	5910	-
IRF2BPL	chr14	77024542	4166	-
IRF3	chr19	49659571	6286	-
IRF4	chr6	391751	19692	+
IRF5	chr7	128937926	12112	+
IRF6	chr1	209785616	20526	-
IRF7	chr11	612554	3396	-
IRF8	chr16	85899161	23445	+
IRF9	chr14	24161264	5301	+
IRGC	chr19	43716075	3946	+
IRGM	chr5	150846520	2182	+
IRGQ	chr19	43584366	11768	-
IRS1	chr2	226731311	68509	-
IRS2	chr13	109752694	33889	-
IRS4	chrX	108719945	16618	-
IRX1	chr5	3595831	5572	+
IRX2	chr5	2746164	5513	-
IRX3	chr16	54283303	3484	-
IRX4	chr5	1877412	5513	-
IRX5	chr16	54930864	3621	+
IRX6	chr16	55324202	6554	+
ISCA1	chr9	86264545	17993	-
ISCA2	chr14	74493764	3342	+
ISCU	chr12	108562595	6773	+
ISG15	chr1	1013496	1044	+
ISG20	chr15	88639015	17468	+
ISG20L2	chr1	156721894	6872	-
ISL1	chr5	51383447	11283	+
ISL2	chr15	76336772	5703	+
ISLR	chr15	74173709	3162	+
ISLR2	chr15	74130585	6217	+
ISM1	chr20	13221273	79378	+
ISM2	chr14	77474393	24423	-
ISOC1	chr5	129094748	19280	+
ISOC2	chr19	55452984	8658	-
IST1	chr16	71895530	35669	+
ISX	chr22	35066157	21230	+
ISY1	chr3	129127414	33649	-
ISYNA1	chr19	18434387	3746	-
ITCH	chr20	34363272	148501	+
ITFG1	chr16	47154390	306673	-
ITFG2	chr12	2812667	12409	+
ITGA1	chr5	52787915	171294	+
ITGA10	chr1	145891207	18843	-
ITGA11	chr15	68296531	135632	-
ITGA2	chr5	52989351	105428	+
ITGA2B	chr17	44372180	17469	-
ITGA3	chr17	50056109	34372	+
ITGA4	chr2	181457385	81555	+
ITGA5	chr12	54395260	24006	-
ITGA6	chr2	172427585	78874	+
ITGA7	chr12	55684567	23337	-
ITGA8	chr10	15513953	205969	-
ITGA9	chr3	37452140	371367	+
ITGAD	chr16	31393334	33171	+
ITGAE	chr17	3714627	86561	-
ITGAL	chr16	30472741	50444	+
ITGAM	chr16	31259974	72903	+
ITGAV	chr2	186590055	90846	+
ITGAX	chr16	31355175	27824	+
ITGB1	chr10	32900317	57913	-
ITGB1BP1	chr2	9403474	20054	-
ITGB1BP2	chrX	71301749	3622	+
ITGB2	chr21	44885952	34947	-
ITGB3	chr17	47253826	59917	+
ITGB3BP	chr1	63440769	82456	-
ITGB4	chr17	75721458	36360	+
ITGB5	chr3	124761947	125418	-
ITGB6	chr2	160099670	100602	-
ITGB7	chr12	53191322	15929	-
ITGB8	chr7	20330899	84855	+
ITGBL1	chr13	101452674	263772	+
ITIH1	chr3	52777598	14464	+
ITIH2	chr10	7703315	46205	+
ITIH3	chr3	52794795	14002	+
ITIH4	chr3	52812961	17711	-
ITIH5	chr10	7559269	107697	-
ITIH6	chrX	54748917	49338	-
ITK	chr5	157180839	74346	+
ITLN1	chr1	160876539	8641	-
ITLN2	chr1	160945024	9785	-
ITM2A	chrX	79360383	6951	-
ITM2B	chr13	48233205	37152	+
ITM2C	chr2	230864941	14307	+
ITPA	chr20	3209497	14363	+
ITPK1	chr14	92936913	179012	-
ITPKA	chr15	41493873	9678	+
ITPKB	chr1	226631689	107593	-
ITPKC	chr19	40717111	23749	+
ITPR1	chr3	4493347	354159	+
ITPR2	chr12	26335351	497843	-
ITPR3	chr6	33621321	75241	+
ITPRID1	chr7	31514089	142415	+
ITPRID2	chr2	181891729	39009	+
ITPRIP	chr10	104309699	28766	-
ITPRIPL1	chr2	96325316	3037	+
ITPRIPL2	chr16	19113963	7666	+
ITSN1	chr21	33642500	257361	+
ITSN2	chr2	24202863	157673	-
IVD	chr15	40405794	15514	+
IVL	chr1	152908545	3341	+
IVNS1ABP	chr1	185296387	20856	-
IWS1	chr2	127480811	45678	-
IYD	chr6	150369011	36958	+
IZUMO1	chr19	48740851	6058	-
IZUMO1R	chr11	94304579	3567	+
IZUMO2	chr19	50152547	10734	-
IZUMO3	chr9	24542951	2946	-
IZUMO4	chr19	2096914	2676	+
JADE1	chr4	128809699	65525	+
JADE2	chr5	134525669	57558	+
JADE3	chrX	46912420	148822	+
JAG1	chr20	10637683	36316	-
JAG2	chr14	105140994	27782	-
JAGN1	chr3	9890609	3740	+
JAK1	chr1	64833228	133321	-
JAK2	chr9	4985271	144677	+
JAK3	chr19	17824781	23201	-
JAKMIP1	chr4	6026198	174351	-
JAKMIP2	chr5	147585437	197291	-
JAKMIP3	chr10	132065945	118913	+
JAM2	chr21	25639257	78305	+
JAM3	chr11	134069071	82930	+
JAML	chr11	118193724	31287	-
JARID2	chr6	15246068	275974	+
JAZF1	chr7	27830576	350219	-
JCAD	chr10	30012802	46784	-
JCHAIN	chr4	70655540	10968	-
JDP2	chr14	75428021	46086	+
JHY	chr11	122882758	81104	+
JKAMP	chr14	59484516	20894	+
JMJD1C	chr10	63167224	298753	-
JMJD4	chr1	227731190	4112	-
JMJD6	chr17	76718450	8156	-
JMJD7	chr15	41828091	9490	+
JMJD8	chr16	681669	2665	-
JMY	chr5	79236130	91081	+
JOSD1	chr22	38685542	15401	-
JOSD2	chr19	50505997	5194	-
JPH1	chr8	74234699	86841	-
JPH2	chr20	44106589	80599	-
JPH3	chr16	87602507	95649	+
JPH4	chr14	23568037	10753	-
JPT1	chr17	75135247	19265	-
JPT2	chr16	1678278	23808	+
JRK	chr8	142657459	12508	-
JRKL	chr11	96390012	3549	+
JSRP1	chr19	2252251	4166	-
JTB	chr1	153974268	3406	-
JUN	chr1	58780790	3257	-
JUNB	chr19	12791485	1830	+
JUND	chr19	18279693	1929	-
JUP	chr17	41754608	32103	-
KALRN	chr3	124033368	692957	+
KANK1	chr9	504694	241409	+
KANK2	chr19	11164269	33276	-
KANK3	chr19	8322583	20679	-
KANK4	chr1	62236164	83270	-
KANSL1	chr17	46029915	163514	-
KANSL1L	chr2	210021420	149989	-
KANSL2	chr12	48653210	29028	-
KANSL3	chr2	96593171	45141	-
KANTR	chrX	53094141	33297	+
KARS1	chr16	75627723	19942	-
KASH5	chr19	49388248	29742	+
KAT14	chr20	18137862	50173	+
KAT2A	chr17	42113110	8257	-
KAT2B	chr3	20040445	113959	+
KAT5	chr11	65712251	7353	+
KAT6A	chr8	41929478	122509	-
KAT6B	chr10	74826599	206025	+
KAT7	chr17	49788680	46346	+
KAT8	chr16	31117663	13696	+
KATNA1	chr6	149594872	53842	-
KATNAL1	chr13	30202629	104922	-
KATNAL2	chr18	46917601	184642	+
KATNB1	chr16	57735769	21475	+
KATNBL1	chr15	34140673	69423	-
KATNIP	chr16	27550143	230201	+
KAZALD1	chr10	101061988	5071	+
KAZN	chr1	14598684	519359	+
KBTBD11	chr8	1973676	33260	+
KBTBD12	chr3	127915231	72435	+
KBTBD13	chr15	65076745	3203	+
KBTBD2	chr7	32868171	23589	-
KBTBD3	chr11	106051097	26250	-
KBTBD4	chr11	47572196	6774	-
KBTBD6	chr13	41127568	5234	-
KBTBD7	chr13	41189833	4736	-
KBTBD8	chr3	66998306	12904	+
KCMF1	chr2	84971160	88312	+
KCNA1	chr12	4909904	8352	+
KCNA10	chr1	110517216	1959	-
KCNA2	chr1	110593579	12779	-
KCNA3	chr1	110672464	2476	-
KCNA4	chr11	30009729	7301	-
KCNA5	chr12	5043878	2910	+
KCNA6	chr12	4809333	3985	+
KCNA7	chr19	49067396	5303	-
KCNAB1	chr3	156120577	418028	+
KCNAB2	chr1	6045887	55293	+
KCNAB3	chr17	7921858	7998	-
KCNB1	chr20	49363876	118792	-
KCNB2	chr8	72537224	401125	+
KCNC1	chr11	17734780	48277	+
KCNC2	chr12	75040077	169762	-
KCNC3	chr19	50311936	17441	-
KCNC4	chr1	110210313	23731	+
KCND1	chrX	48961379	10465	-
KCND2	chr7	120273174	477163	+
KCND3	chr1	111770661	219007	-
KCNE1	chr21	34446689	65521	-
KCNE2	chr21	34364005	7376	+
KCNE3	chr11	74454840	12709	-
KCNE4	chr2	223052189	3448	+
KCNE5	chrX	109623699	1473	-
KCNF1	chr2	10911933	2292	+
KCNG1	chr20	51003655	19452	-
KCNG2	chr18	79797937	102163	+
KCNG3	chr2	42442016	51966	-
KCNG4	chr16	84218656	21356	-
KCNH1	chr1	210678313	455835	-
KCNH2	chr7	150944960	33361	-
KCNH3	chr12	49539029	19308	+
KCNH4	chr17	42156890	24252	-
KCNH5	chr14	62699463	345995	-
KCNH6	chr17	63523357	23370	+
KCNH7	chr2	162371406	467361	-
KCNH8	chr3	19148509	387133	+
KCNIP1	chr5	170504019	232613	+
KCNIP2	chr10	101825973	17827	-
KCNIP3	chr2	95297346	88731	+
KCNIP4	chr4	20728605	1220167	-
KCNJ1	chr11	128838019	29277	-
KCNJ10	chr1	160037466	32694	-
KCNJ11	chr11	17385247	3412	-
KCNJ12	chr17	21376356	43514	+
KCNJ13	chr2	232765801	10764	-
KCNJ14	chr19	48455573	11407	+
KCNJ15	chr21	38256990	50367	+
KCNJ16	chr17	70075224	60384	+
KCNJ18	chr17	21692522	12090	+
KCNJ2	chr17	70169531	10513	+
KCNJ3	chr2	154698694	159660	+
KCNJ4	chr22	38426326	28873	-
KCNJ5	chr11	128891355	29808	+
KCNJ6	chr21	37607372	309085	-
KCNJ8	chr12	21764954	9752	-
KCNJ9	chr1	160081537	9026	+
KCNK1	chr1	233614105	58409	+
KCNK10	chr14	88180107	143162	-
KCNK12	chr2	47509289	61696	-
KCNK13	chr14	90061993	123860	+
KCNK15	chr20	44745864	6449	+
KCNK16	chr6	39316170	6532	-
KCNK17	chr6	39299000	15419	-
KCNK18	chr10	117197488	12811	+
KCNK2	chr1	215082736	154354	+
KCNK3	chr2	26692721	40699	+
KCNK4	chr11	64291301	8730	+
KCNK5	chr6	39188970	40505	-
KCNK6	chr19	38319844	12232	+
KCNK7	chr11	65592835	2965	-
KCNK9	chr8	139617120	86003	-
KCNMA1	chr10	76884881	752927	-
KCNMB1	chr5	170374670	14697	-
KCNMB2	chr3	178536435	307994	+
KCNMB3	chr3	179242770	8344	-
KCNMB4	chr12	70366289	68003	+
KCNN1	chr19	17967106	32979	+
KCNN2	chr5	114362069	134427	+
KCNN3	chr1	154697454	172827	-
KCNN4	chr19	43766532	14441	-
KCNQ1	chr11	2445007	404098	+
KCNQ1OT1	chr11	2608327	91667	-
KCNQ2	chr20	63400207	72448	-
KCNQ3	chr8	132120860	360235	-
KCNQ4	chr1	40783786	56666	+
KCNQ5	chr6	72622063	576790	+
KCNRG	chr13	50015443	5479	+
KCNS1	chr20	45091213	9914	-
KCNS2	chr8	98426957	5896	+
KCNS3	chr2	17878666	54292	+
KCNT1	chr9	135702184	93318	+
KCNT2	chr1	196225778	382662	-
KCNU1	chr8	36784373	151752	+
KCNV1	chr8	109963635	12136	-
KCNV2	chr9	2717509	12528	+
KCP	chr7	128876864	33845	-
KCTD1	chr18	26454909	93644	-
KCTD10	chr12	109448654	28646	-
KCTD11	chr17	7352161	2783	+
KCTD12	chr13	76880174	6231	-
KCTD13	chr16	29906338	19888	-
KCTD14	chr11	78015714	7562	-
KCTD15	chr19	33796869	18892	+
KCTD16	chr5	144170872	314814	+
KCTD17	chr22	37051741	11649	+
KCTD18	chr2	200488957	21111	-
KCTD19	chr16	67289431	37310	-
KCTD2	chr17	75047224	18662	+
KCTD20	chr6	36442999	48142	+
KCTD21	chr11	78171248	17378	-
KCTD3	chr1	215567303	54504	+
KCTD4	chr13	45192852	8193	-
KCTD5	chr16	2682522	26508	+
KCTD6	chr3	58492095	10261	+
KCTD7	chr7	66628880	14167	+
KCTD8	chr4	44173902	274907	-
KCTD9	chr8	25427846	30587	-
KDELR1	chr19	48382574	8977	-
KDELR2	chr7	6461088	23064	-
KDELR3	chr22	38468095	15352	+
KDF1	chr1	26949561	10907	-
KDM1A	chr1	23019467	64222	+
KDM1B	chr6	18155421	68433	+
KDM2A	chr11	67119262	138820	+
KDM2B	chr12	121429095	151928	-
KDM3A	chr2	86441370	51346	+
KDM3B	chr5	138352684	84343	+
KDM4A	chr1	43650148	55370	+
KDM4B	chr19	4969112	184486	+
KDM4C	chr9	6757972	417676	+
KDM4D	chr11	94973708	25811	+
KDM4E	chr11	95025257	2339	+
KDM4F	chr11	95049421	1917	+
KDM5A	chr12	280056	109264	-
KDM5B	chr1	202724494	83927	-
KDM5C	chrX	53192157	33050	-
KDM5D	chrY	19703864	40862	-
KDM6A	chrX	44873187	239592	+
KDM6B	chr17	7834216	20580	+
KDM7A	chr7	140084745	92238	-
KDM8	chr16	27203525	18243	+
KDR	chr4	55078480	47115	-
KDSR	chr18	63327725	39481	-
KEAP1	chr19	10486124	17232	-
KEL	chr7	142941113	21250	-
KERA	chr12	91050490	7534	-
KGD4	chr5	69217759	12399	+
KHDC1	chr6	73241313	21883	-
KHDC1L	chr6	73223543	1953	-
KHDC3L	chr6	73362657	1514	+
KHDC4	chr1	155913044	21369	-
KHDRBS1	chr1	32013867	30010	+
KHDRBS2	chr6	61679960	606265	-
KHDRBS3	chr8	135457455	190155	+
KHK	chr2	27086771	13991	+
KHNYN	chr14	24429953	11890	+
KHSRP	chr19	6413101	11710	-
KIAA0040	chr1	175156985	35791	-
KIAA0232	chr4	6782726	101438	+
KIAA0319	chr6	24544106	102085	-
KIAA0319L	chr1	35433491	123912	-
KIAA0408	chr6	127438405	20984	-
KIAA0513	chr16	85027794	66424	+
KIAA0586	chr14	58427718	123579	+
KIAA0753	chr17	6578146	62565	-
KIAA0825	chr5	94150850	467754	-
KIAA0930	chr22	45192243	48651	-
KIAA1143	chr3	44748743	12876	-
KIAA1191	chr5	176346061	15703	-
KIAA1210	chrX	119078634	49178	-
KIAA1217	chr10	24209137	338706	+
KIAA1328	chr18	36829126	396208	+
KIAA1549	chr7	138831380	150009	-
KIAA1549L	chr11	33376107	297995	+
KIAA1586	chr6	57046692	8533	+
KIAA1614	chr1	180912896	38718	+
KIAA1671	chr22	24952715	244733	+
KIAA1755	chr20	38210502	50233	-
KIAA1958	chr9	112486826	182571	+
KIAA2012	chr2	202073254	131934	+
KIAA2013	chr1	11919590	6837	-
KICS2	chr12	64191079	31217	-
KIDINS220	chr2	8728857	108756	-
KIF11	chr10	92593129	62266	+
KIF12	chr9	114091637	7655	-
KIF13A	chr6	17763692	223943	-
KIF13B	chr8	29067277	195793	-
KIF14	chr1	200551499	69252	-
KIF15	chr3	44761793	91463	+
KIF16B	chr20	16272103	301345	-
KIF17	chr1	20664013	53994	-
KIF18A	chr11	28020618	87538	-
KIF18B	chr17	44924710	23063	-
KIF19	chr17	74326225	29595	+
KIF1A	chr2	240713766	106453	-
KIF1B	chr1	10210569	171034	+
KIF1C	chr17	4997949	30452	+
KIF20A	chr5	138179111	8612	+
KIF20B	chr10	89701589	73345	+
KIF21A	chr12	39293227	149893	-
KIF21B	chr1	200969389	54325	-
KIF22	chr16	29790750	14634	+
KIF23	chr15	69414348	34077	+
KIF24	chr9	34252379	76889	-
KIF25	chr6	167997670	47421	+
KIF26A	chr14	104138586	42308	+
KIF26B	chr1	245154984	554448	+
KIF27	chr9	83834098	87334	-
KIF2A	chr5	62306205	84820	+
KIF2B	chr17	53822926	2267	+
KIF2C	chr1	44739836	27931	+
KIF3A	chr5	132692630	44916	-
KIF3B	chr20	32277650	57361	+
KIF3C	chr2	25926597	55900	-
KIF4A	chrX	70290103	130783	+
KIF4B	chr5	155013754	4387	+
KIF5A	chr12	57550043	36590	+
KIF5B	chr10	32009014	47411	-
KIF5C	chr2	148875226	151533	+
KIF6	chr6	39329989	395419	-
KIF7	chr15	89627976	27491	-
KIF9	chr3	47227997	54802	-
KIFAP3	chr1	169921328	153367	-
KIFBP	chr10	68988802	28180	+
KIFC1	chr6	33391822	18074	+
KIFC2	chr8	144466336	7866	+
KIFC3	chr16	57758216	44275	-
KIN	chr10	7750961	37032	-
KIR2DL1	chr19	54769792	14530	+
KIR2DL3	chr19	54738512	14540	+
KIR2DL4	chr19	54803609	10908	+
KIR3DL1	chr19	54816467	14311	+
KIR3DL2	chr19	54850442	16765	+
KIR3DL3	chr19	54724441	12191	+
KIRREL1	chr1	157993644	106618	+
KIRREL2	chr19	35856910	10226	+
KIRREL3	chr11	126423357	577413	-
KISS1	chr1	204190340	6151	-
KISS1R	chr19	917332	3673	+
KIT	chr4	54657956	82759	+
KITLG	chr12	88492792	87679	-
KIZ	chr20	21126081	120541	+
KL	chr13	33016422	49721	+
KLB	chr4	39406929	44604	+
KLC1	chr14	103629210	72334	+
KLC2	chr11	66257702	10158	+
KLC3	chr19	45340749	10770	+
KLC4	chr6	43059630	15463	+
KLF1	chr19	12884421	2780	-
KLF10	chr8	102648783	6942	-
KLF11	chr2	10043549	11287	+
KLF12	chr13	73686088	448316	-
KLF13	chr15	31326834	51065	+
KLF14	chr7	130730696	3511	-
KLF15	chr3	126342634	14774	-
KLF16	chr19	1852398	11181	-
KLF17	chr1	44118820	16320	+
KLF18	chr1	44137820	3811	-
KLF2	chr19	16324825	3860	+
KLF3	chr4	38664198	37319	+
KLF4	chr9	107484851	4918	-
KLF5	chr13	73059004	18534	+
KLF6	chr10	3775995	9214	-
KLF7	chr2	207074136	91812	-
KLF8	chrX	56232355	59176	+
KLF9	chr9	70384603	30054	-
KLHDC1	chr14	49693119	60031	+
KLHDC10	chr7	130070533	65172	+
KLHDC2	chr14	49768152	18233	+
KLHDC3	chr6	43014248	7046	+
KLHDC4	chr16	87707811	58175	-
KLHDC7A	chr1	18480929	5045	+
KLHDC7B	chr22	50545898	5125	+
KLHDC8A	chr1	205336060	20862	-
KLHDC8B	chr3	49171597	4889	+
KLHDC9	chr1	161098360	1986	+
KLHL1	chr13	69700596	407856	-
KLHL10	chr17	41837824	10560	+
KLHL11	chr17	41848517	16906	-
KLHL12	chr1	202891119	36115	-
KLHL13	chrX	117897812	218998	-
KLHL14	chr18	32672672	100351	-
KLHL15	chrX	23983719	43467	-
KLHL17	chr1	960583	5136	+
KLHL18	chr3	47282943	63873	+
KLHL2	chr4	165207560	115587	+
KLHL20	chr1	173714980	71712	+
KLHL21	chr1	6590723	12146	-
KLHL22	chr22	20441518	54277	-
KLHL23	chr2	169733831	18047	+
KLHL24	chr3	183635622	48897	+
KLHL25	chr15	85759325	35600	-
KLHL26	chr19	18637027	34694	+
KLHL28	chr14	44924323	37624	-
KLHL29	chr2	23385178	323428	+
KLHL3	chr5	137617499	118590	-
KLHL30	chr2	238138667	14280	+
KLHL31	chr6	53647915	17841	-
KLHL32	chr6	96924727	216026	+
KLHL33	chr14	20425851	10315	-
KLHL34	chrX	21654689	3641	-
KLHL35	chr11	75422393	10810	-
KLHL36	chr16	84648510	19176	+
KLHL38	chr8	123644441	9360	-
KLHL4	chrX	87517801	152249	+
KLHL40	chr3	42685536	7008	+
KLHL41	chr2	169509701	16557	+
KLHL42	chr12	27780232	22808	+
KLHL5	chr4	39062231	64002	+
KLHL6	chr3	183487550	68156	-
KLHL7	chr7	23105784	72130	+
KLHL8	chr4	87160102	60516	-
KLHL9	chr9	21329664	5740	-
KLK1	chr19	50819145	4642	-
KLK10	chr19	51012738	6971	-
KLK11	chr19	51022235	4381	-
KLK12	chr19	51029093	5909	-
KLK13	chr19	51055625	9467	-
KLK14	chr19	51077896	4991	-
KLK15	chr19	50825288	8286	-
KLK2	chr19	50873438	7129	+
KLK3	chr19	50854914	5850	+
KLK4	chr19	50906350	5045	-
KLK5	chr19	50943302	9736	-
KLK6	chr19	50958630	10961	-
KLK7	chr19	50976467	7450	-
KLK8	chr19	50996007	5597	-
KLK9	chr19	51002507	7085	-
KLKB1	chr4	186227506	30965	+
KLLN	chr10	87859157	4376	-
KLRB1	chr12	9594550	13366	-
KLRC1	chr12	10446027	7350	-
KLRC2	chr12	10430598	5412	-
KLRC3	chr12	10412314	8281	-
KLRC4	chr12	10407383	2374	-
KLRD1	chr12	10307869	21739	+
KLRF1	chr12	9827480	17525	+
KLRF2	chr12	9881488	14345	+
KLRG1	chr12	8989545	21206	+
KLRG2	chr7	139452689	30984	-
KLRK1	chr12	10372352	17689	-
KMO	chr1	241532377	63265	+
KMT2A	chr11	118436491	90341	+
KMT2B	chr19	35718002	20876	+
KMT2C	chr7	152134924	301079	-
KMT2D	chr12	49018977	41817	-
KMT2E	chr7	105014204	100815	+
KMT5A	chr12	123384131	25222	+
KMT5B	chr11	68154862	58434	-
KMT5C	chr19	55339875	8246	+
KNCN	chr1	46545640	6007	-
KNDC1	chr10	133160218	66194	+
KNG1	chr3	186717358	27052	+
KNL1	chr15	40594248	70094	+
KNOP1	chr16	19701936	16291	-
KNSTRN	chr15	40382720	11568	+
KNTC1	chr12	122527248	99148	+
KPLCE	chr1	152719521	949	+
KPNA1	chr3	122421901	93038	-
KPNA2	chr17	68035734	11120	+
KPNA3	chr13	49699319	93363	-
KPNA4	chr3	160495006	70565	-
KPNA5	chr6	116681210	60657	+
KPNA6	chr1	32108055	68508	+
KPNA7	chr7	99173571	34544	-
KPNB1	chr17	47649918	35587	+
KPRP	chr1	152758024	4032	+
KPTN	chr19	47475149	9070	-
KRABD1	chr3	42936385	6407	+
KRABD2	chr17	8358821	17883	-
KRABD3	chr7	149714950	19625	+
KRABD4	chrX	46447296	27343	+
KRABD5	chr16	31713243	48322	+
KRAS	chr12	25205245	45684	-
KRCC1	chr2	88027204	28579	-
KREMEN1	chr22	29073034	73786	+
KREMEN2	chr16	2964274	4106	+
KRI1	chr19	10553084	12926	-
KRIT1	chr7	92199412	46502	-
KRR1	chr12	75490862	20747	-
KRT1	chr12	52674735	5672	-
KRT10	chr17	40818116	4498	-
KRT12	chr17	40861302	5921	-
KRT13	chr17	41500980	4632	-
KRT14	chr17	41582278	4617	-
KRT15	chr17	41513744	5146	-
KRT16	chr17	41609777	2990	-
KRT17	chr17	41619441	5134	-
KRT18	chr12	52949117	3789	+
KRT19	chr17	41523616	4692	-
KRT2	chr12	52644557	7654	-
KRT20	chr17	40875888	9354	-
KRT222	chr17	40654664	10513	-
KRT23	chr17	40922699	14947	-
KRT24	chr17	40697990	5762	-
KRT25	chr17	40748020	7311	-
KRT26	chr17	40766237	5964	-
KRT27	chr17	40776807	5743	-
KRT28	chr17	40792195	7764	-
KRT3	chr12	52789684	6433	-
KRT31	chr17	41393720	3888	-
KRT32	chr17	41459512	7874	-
KRT33A	chr17	41346091	4737	-
KRT33B	chr17	41363497	6316	-
KRT34	chr17	41377668	4638	-
KRT35	chr17	41476709	4442	-
KRT36	chr17	41486135	3775	-
KRT37	chr17	41420546	4039	-
KRT38	chr17	41436153	4830	-
KRT39	chr17	40958416	8532	-
KRT4	chr12	52806548	7568	-
KRT40	chr17	40977714	6612	-
KRT5	chr12	52514574	5820	-
KRT6A	chr12	52487175	6082	-
KRT6B	chr12	52446650	5496	-
KRT6C	chr12	52468515	5290	-
KRT7	chr12	52233242	15679	+
KRT71	chr12	52543908	9237	-
KRT72	chr12	52585588	15875	-
KRT73	chr12	52607569	10990	-
KRT74	chr12	52565781	8062	-
KRT75	chr12	52424069	10302	-
KRT76	chr12	52768154	9191	-
KRT77	chr12	52689625	13899	-
KRT78	chr12	52837806	11188	-
KRT79	chr12	52821407	12904	-
KRT8	chr12	52897190	7886	-
KRT80	chr12	52168995	23019	-
KRT81	chr12	52285912	5622	-
KRT82	chr12	52393930	12405	-
KRT83	chr12	52314300	7098	-
KRT84	chr12	52377811	7841	-
KRT85	chr12	52360005	7476	-
KRT86	chr12	52274644	34519	+
KRT9	chr17	41565835	6224	-
KRTAP1-1	chr17	41040540	910	-
KRTAP1-3	chr17	41033883	991	-
KRTAP1-4	chr17	41029350	845	-
KRTAP1-5	chr17	41026025	1183	-
KRTAP10-1	chr21	44538980	1215	-
KRTAP10-10	chr21	44637355	1100	+
KRTAP10-11	chr21	44646413	1237	+
KRTAP10-12	chr21	44697171	873	+
KRTAP10-2	chr21	44550356	1149	-
KRTAP10-3	chr21	44557789	1006	-
KRTAP10-4	chr21	44573728	1643	+
KRTAP10-5	chr21	44579454	1150	-
KRTAP10-6	chr21	44591267	1238	-
KRTAP10-7	chr21	44600596	1578	+
KRTAP10-8	chr21	44612078	876	+
KRTAP10-9	chr21	44627092	1286	+
KRTAP11-1	chr21	30880643	937	-
KRTAP12-1	chr21	44681575	588	-
KRTAP12-2	chr21	44666188	739	-
KRTAP12-3	chr21	44657931	410	+
KRTAP12-4	chr21	44654212	447	-
KRTAP13-1	chr21	30396030	792	+
KRTAP13-2	chr21	30371389	882	-
KRTAP13-3	chr21	30425379	547	-
KRTAP13-4	chr21	30430219	807	+
KRTAP15-1	chr21	30440274	595	+
KRTAP16-1	chr17	41307699	1610	-
KRTAP17-1	chr17	41314911	799	-
KRTAP19-1	chr21	30479705	662	-
KRTAP19-2	chr21	30487042	394	-
KRTAP19-3	chr21	30491461	552	-
KRTAP19-4	chr21	30496823	342	-
KRTAP19-5	chr21	30501656	485	-
KRTAP19-6	chr21	30541534	330	-
KRTAP19-7	chr21	30560874	440	-
KRTAP19-8	chr21	31038158	318	-
KRTAP2-1	chr17	41046540	776	-
KRTAP2-2	chr17	41054497	733	-
KRTAP2-3	chr17	41059239	875	-
KRTAP2-4	chr17	41065115	764	-
KRTAP20-1	chr21	30616424	275	+
KRTAP20-2	chr21	30635205	414	+
KRTAP20-3	chr21	30642863	273	+
KRTAP20-4	chr21	30620626	224	+
KRTAP21-1	chr21	30755014	414	-
KRTAP21-2	chr21	30746793	466	-
KRTAP21-3	chr21	30718524	253	-
KRTAP22-1	chr21	30601086	296	+
KRTAP22-2	chr21	30590104	293	-
KRTAP23-1	chr21	30348398	208	-
KRTAP24-1	chr21	30281308	1642	-
KRTAP25-1	chr21	30289144	370	-
KRTAP26-1	chr21	30319123	1192	-
KRTAP27-1	chr21	30337012	682	-
KRTAP29-1	chr17	41301825	1026	-
KRTAP3-1	chr17	41008520	608	-
KRTAP3-2	chr17	40999192	714	-
KRTAP3-3	chr17	40993429	735	-
KRTAP4-1	chr17	41184099	812	-
KRTAP4-11	chr17	41117180	1193	-
KRTAP4-12	chr17	41123090	1092	-
KRTAP4-16	chr17	41101501	708	-
KRTAP4-2	chr17	41177445	776	-
KRTAP4-3	chr17	41167230	991	-
KRTAP4-4	chr17	41159648	1100	-
KRTAP4-5	chr17	41148923	902	-
KRTAP4-6	chr17	41139432	1112	-
KRTAP4-7	chr17	41084149	995	+
KRTAP4-8	chr17	41096980	1162	-
KRTAP4-9	chr17	41105388	1100	+
KRTAP5-1	chr11	1584341	942	-
KRTAP5-10	chr11	71565562	1173	+
KRTAP5-11	chr11	71581854	1021	-
KRTAP5-2	chr11	1597176	1118	-
KRTAP5-3	chr11	1607564	899	-
KRTAP5-4	chr11	1620957	1181	-
KRTAP5-5	chr11	1629774	1156	+
KRTAP5-6	chr11	1697194	561	+
KRTAP5-7	chr11	71527266	1403	+
KRTAP5-8	chr11	71538024	1185	+
KRTAP5-9	chr11	71548419	1189	+
KRTAP6-1	chr21	30613430	500	-
KRTAP6-2	chr21	30598589	313	-
KRTAP6-3	chr21	30592439	616	+
KRTAP7-1	chr21	30829038	721	-
KRTAP8-1	chr21	30812696	578	-
KRTAP9-1	chr17	41189886	753	+
KRTAP9-2	chr17	41226647	1005	+
KRTAP9-3	chr17	41232448	1006	+
KRTAP9-4	chr17	41249686	967	+
KRTAP9-6	chr17	41265377	483	+
KRTAP9-7	chr17	41275697	510	+
KRTAP9-8	chr17	41237998	1006	+
KRTAP9-9	chr17	41255383	981	+
KRTCAP2	chr1	155169407	3897	-
KRTCAP3	chr2	27442380	1917	+
KRTDAP	chr19	35487323	3141	-
KSR1	chr17	27456447	169988	+
KSR2	chr12	117453011	515979	-
KTI12	chr1	52032102	1708	-
KTN1	chr14	55580206	104373	+
KXD1	chr19	18557869	11509	+
KY	chr3	134599922	51100	-
KYAT1	chr9	128832941	49009	-
KYAT3	chr1	88935778	56851	-
KYNU	chr2	142877663	178170	+
L1CAM	chrX	153861515	24658	-
L1TD1	chr1	62194848	17480	+
L2HGDH	chr14	50242433	69796	-
L3HYPDH	chr14	59472605	11803	-
L3MBTL1	chr20	43507696	34199	+
L3MBTL2	chr22	41205311	25960	+
L3MBTL3	chr6	130018580	122858	+
L3MBTL4	chr18	5954716	460195	-
LACC1	chr13	43879903	14029	+
LACRT	chr12	54630810	4085	-
LACTB	chr15	63121860	20201	+
LACTB2	chr8	70637265	31920	-
LACTBL1	chr1	22953042	19824	-
LAD1	chr1	201380832	18492	-
LAG3	chr12	6772519	5936	+
LAGE3	chrX	154477774	1507	-
LAIR1	chr19	54351383	13548	-
LAIR2	chr19	54502830	7857	+
LALBA	chr12	48567683	2363	-
LAMA1	chr18	6941741	176056	-
LAMA2	chr6	128883137	633429	+
LAMA3	chr18	23689452	265614	+
LAMA4	chr6	112107930	146637	-
LAMA5	chr20	62309064	58248	-
LAMB1	chr7	107923798	79363	-
LAMB2	chr3	49121113	11937	-
LAMB3	chr1	209614869	37556	-
LAMB4	chr7	108023552	106809	-
LAMC1	chr1	183023419	122173	+
LAMC2	chr1	183186263	58864	+
LAMC3	chr9	131009173	85300	+
LAMP1	chr13	113297238	26434	+
LAMP2	chrX	120426147	43149	-
LAMP3	chr3	183122214	40520	-
LAMP5	chr20	9514589	15935	+
LAMTOR1	chr11	72097291	6006	-
LAMTOR2	chr1	156054781	3725	+
LAMTOR3	chr4	99878335	16092	-
LAMTOR4	chr7	100148917	5286	+
LAMTOR5	chr1	110401252	6442	-
LANCL1	chr2	210431250	45509	-
LANCL2	chr7	55365336	68401	+
LANCL3	chrX	37571660	112803	+
LAP3	chr4	17577197	30773	+
LAPTM4A	chr2	20032649	18979	-
LAPTM4B	chr8	97775787	77226	+
LAPTM5	chr1	30732468	25306	-
LARGE1	chr22	33272508	647968	-
LARGE2	chr11	45922655	6441	+
LARP1	chr5	154755376	62229	+
LARP1B	chr4	128061311	150677	+
LARP4	chr12	50400884	79120	+
LARP4B	chr10	809496	122209	-
LARP6	chr15	70829129	25028	-
LARP7	chr4	112637142	20444	+
LARS1	chr5	146113033	69617	-
LARS2	chr3	45388575	160832	+
LAS1L	chrX	65512581	22206	-
LASP1	chr17	38870057	51713	+
LASP1NB	chr17	38925613	3768	+
LAT	chr16	28985051	5733	+
LAT2	chr7	74210005	19829	+
LATS1	chr6	149658152	59949	-
LATS2	chr13	20973035	88551	-
LAX1	chr1	203765182	11190	+
LAYN	chr11	111540719	21026	+
LBH	chr2	30231533	28495	+
LBHD1	chr11	62662816	9451	-
LBHD2	chr14	103084209	5818	+
LBP	chr20	38346481	30532	+
LBR	chr1	225401501	26537	-
LBX1	chr10	101226993	2470	-
LBX2	chr2	74497516	2087	-
LCA5	chr6	79484990	52440	-
LCA5L	chr21	39405727	40051	-
LCAT	chr16	67939749	4371	-
LCE1A	chr1	152827472	625	+
LCE1B	chr1	152811970	1138	+
LCE1C	chr1	152804831	1820	-
LCE1D	chr1	152796720	1461	+
LCE1E	chr1	152786256	2170	+
LCE1F	chr1	152775139	1885	+
LCE2A	chr1	152698344	1098	+
LCE2B	chr1	152686122	1275	+
LCE2C	chr1	152675278	1291	+
LCE2D	chr1	152663379	1280	+
LCE3A	chr1	152622833	270	-
LCE3B	chr1	152613810	288	+
LCE3C	chr1	152600233	853	+
LCE3D	chr1	152579380	1136	-
LCE3E	chr1	152565653	1127	-
LCE4A	chr1	152708159	1275	+
LCE5A	chr1	152510802	1375	+
LCE6A	chr1	152842855	1128	+
LCE7A	chr1	152859995	1257	+
LCK	chr1	32251264	34901	+
LCLAT1	chr2	30447245	196980	+
LCMT1	chr16	25111741	66487	+
LCMT2	chr15	43323648	6925	-
LCN1	chr9	135521439	5101	+
LCN10	chr9	136738169	4771	-
LCN12	chr9	136952272	3225	+
LCN15	chr9	136759633	4885	-
LCN2	chr9	128149452	4001	+
LCN6	chr9	136744016	4509	-
LCN8	chr9	136754385	3858	-
LCN9	chr9	135663308	3653	+
LCNL1	chr9	136982992	2766	+
LCOR	chr10	96832297	163659	+
LCORL	chr4	17841186	180569	-
LCP1	chr13	46125922	56255	-
LCP2	chr5	170246232	51545	-
LCT	chr2	135787849	49335	-
LCTL	chr15	66547531	18467	-
LDAF1	chr16	21158673	21943	+
LDAH	chr2	20684030	139071	-
LDB1	chr10	102106488	13880	-
LDB2	chr4	16501540	397105	-
LDB3	chr10	86668510	67562	+
LDHA	chr11	18394562	13863	+
LDHAL6A	chr11	18455855	23746	+
LDHAL6B	chr15	59206842	1746	+
LDHB	chr12	21635341	22501	-
LDHC	chr11	18412317	39746	+
LDHD	chr16	75111863	4917	-
LDLR	chr19	11089462	44358	+
LDLRAD1	chr1	54007297	10889	-
LDLRAD2	chr1	21812264	12961	+
LDLRAD3	chr11	35944061	288075	+
LDLRAD4	chr18	13218759	433992	+
LDLRAP1	chr1	25543605	25281	+
LDOC1	chrX	141173234	3895	-
LEAP2	chr5	132873667	1379	+
LECT2	chr5	135946903	8080	-
LEF1	chr4	108047547	121385	-
LEFTY1	chr1	225886281	2865	-
LEFTY2	chr1	225936602	4618	-
LEKR1	chr3	156826352	219777	+
LELP1	chr1	153203429	1691	+
LEMD1	chr1	205381377	40679	-
LEMD2	chr6	33771212	17918	-
LEMD3	chr12	65169582	78773	+
LENEP	chr1	154993585	730	+
LENG1	chr19	54155160	4561	-
LENG8	chr19	54449198	12818	+
LENG9	chr19	54461731	2047	-
LEO1	chr15	51938024	33754	-
LEP	chr7	128241277	16352	+
LEPR	chr1	65420667	220892	+
LEPROT	chr1	65420667	15340	+
LEPROTL1	chr8	30095407	13117	+
LETM1	chr4	1811478	44678	-
LETM2	chr8	38386475	23052	+
LETMD1	chr12	51048326	12098	+
LEUTX	chr19	39778853	7438	+
LFNG	chr7	2519773	8656	+
LGALS1	chr22	37675635	4167	+
LGALS12	chr11	63506083	10689	+
LGALS13	chr19	39602523	4951	+
LGALS14	chr19	39704480	4964	+
LGALS16	chr19	39655912	4735	+
LGALS2	chr22	37570247	9840	-
LGALS3	chr14	55129251	16172	+
LGALS3BP	chr17	78971254	8669	-
LGALS4	chr19	38801673	11272	-
LGALS7	chr19	38770967	2550	-
LGALS7B	chr19	38789199	2555	+
LGALS8	chr1	236523981	29000	+
LGALS9	chr17	27631187	18373	+
LGALS9B	chr17	20449394	18145	-
LGALS9C	chr17	18476788	18157	+
LGALSL	chr2	64454161	7220	+
LGI1	chr10	93757935	40224	+
LGI2	chr4	24998846	32100	-
LGI3	chr8	22146829	9977	-
LGI4	chr19	35124512	10547	-
LGMN	chr14	92703808	44819	-
LGR4	chr11	27365960	106830	-
LGR5	chr12	71439797	146513	+
LGR6	chr1	202193798	125963	+
LGSN	chr6	63275950	44033	-
LHB	chr19	49015979	1112	-
LHCGR	chr2	48686773	68951	-
LHFPL1	chrX	112630647	49291	-
LHFPL2	chr5	78485229	163543	-
LHFPL3	chr7	104328602	579959	+
LHFPL4	chr3	9498360	55462	-
LHFPL5	chr6	35805351	18719	+
LHFPL6	chr13	39342891	260302	-
LHFPL7	chr22	24935097	11597	-
LHPP	chr10	124461822	152319	+
LHX1	chr17	36937474	7138	+
LHX2	chr9	124011767	21534	+
LHX3	chr9	136196249	8879	-
LHX4	chr1	180230263	48721	+
LHX5	chr12	113462032	9839	-
LHX6	chr9	122202581	26376	-
LHX8	chr1	75134387	27146	+
LHX9	chr1	197917371	18107	+
LIAS	chr4	39459055	20451	+
LIAT1	chr17	410324	4342	+
LIF	chr22	30240452	6307	-
LIFR	chr5	38474667	81979	-
LIG1	chr19	48115444	54900	-
LIG3	chr17	34980511	29232	+
LIG4	chr13	108207441	8095	-
LILRA1	chr19	54593631	8750	+
LILRA2	chr19	54573789	16498	+
LILRA4	chr19	54333184	5978	-
LILRA5	chr19	54307069	6097	-
LILRA6	chr19	54236589	6201	-
LILRB1	chr19	54630483	7539	+
LILRB2	chr19	54273811	7299	-
LILRB3	chr19	54216277	6730	-
LILRB4	chr19	54662984	5734	+
LILRB5	chr19	54249420	7853	-
LIM2	chr19	51379908	8066	-
LIMA1	chr12	50175787	107733	-
LIMCH1	chr4	41538156	161888	+
LIMD1	chr3	45594750	91591	+
LIMD2	chr17	63695887	4238	-
LIME1	chr20	63736663	2440	+
LIMK1	chr7	74083803	38722	+
LIMK2	chr22	31212297	67783	+
LIMS1	chr2	108534469	152777	+
LIMS2	chr2	127638425	37105	-
LIMS3	chr2	109898687	26938	+
LIMS4	chr2	110445882	26934	-
LIN28A	chr1	26410816	18912	+
LIN28B	chr6	104957106	126226	+
LIN37	chr19	35748575	5944	+
LIN52	chr14	74084955	116538	+
LIN54	chr4	82924602	86221	-
LIN7A	chr12	80792519	145415	-
LIN7B	chr19	49114369	4091	+
LIN7C	chr11	27494417	12352	-
LIN9	chr1	226231156	78008	-
LINC00237	chr20	21092808	13550	-
LINC00305	chr18	64079994	69094	-
LINC00632	chrX	140709758	77596	+
LINC01488	chr11	69481662	11548	+
LINC02672	chr10	52972263	57847	-
LINC02747	chr11	69475603	4354	-
LINC02863	chr5	132422663	4047	-
LINC02916	chr10	43420618	2784	+
LINC03036	chr10	118784543	245028	-
LINC03046	chr10	101701976	28166	-
LINGO1	chr15	77613026	19886	-
LINGO2	chr9	27937616	1275985	-
LINGO3	chr19	2287163	20991	-
LINGO4	chr1	151800263	5156	-
LINS1	chr15	100566923	35261	-
LIPA	chr10	89213571	38204	-
LIPC	chr15	58431990	137854	+
LIPE	chr19	42401513	25875	-
LIPF	chr10	88664441	14373	+
LIPG	chr18	49562056	37129	+
LIPH	chr3	185506261	46327	-
LIPI	chr21	14108812	102143	-
LIPJ	chr10	88586761	20215	+
LIPK	chr10	88706248	46528	+
LIPM	chr10	88802729	17817	+
LIPN	chr10	88760019	19607	+
LIPT1	chr2	99154966	8171	+
LIPT2	chr11	74490518	3206	-
LITAF	chr16	11547721	39198	-
LITAFD	chr16	8882350	3000	+
LIX1	chr5	97091866	50745	-
LIX1L	chr1	145933422	24595	-
LKAAEAR1	chr20	64083375	1023	-
LLCFC1	chr7	142939483	1385	+
LLGL1	chr17	18225634	19241	+
LLGL2	chr17	75525696	49513	+
LLPH	chr12	66116554	14196	-
LMAN1	chr18	59327822	31443	-
LMAN1L	chr15	74812834	12920	+
LMAN2	chr5	177331566	20102	-
LMAN2L	chr2	96705928	34136	-
LMBR1	chr7	156677790	215393	-
LMBR1L	chr12	49097138	13709	-
LMBRD1	chr6	69674009	123001	-
LMBRD2	chr5	36098406	53481	-
LMCD1	chr3	8501822	72846	+
LMF1	chr16	853633	117351	-
LMF2	chr22	50502948	4754	-
LMLN	chr3	197960216	83504	+
LMNA	chr1	156114710	25371	+
LMNB1	chr5	126777135	59885	+
LMNB2	chr19	2428165	28794	-
LMNTD1	chr12	25476081	77202	-
LMNTD2	chr11	554849	5889	-
LMO1	chr11	8224308	39570	-
LMO2	chr11	33858575	33501	-
LMO3	chr12	16548371	57791	-
LMO4	chr1	87328879	20044	+
LMO7	chr13	75636329	223537	+
LMOD1	chr1	201896455	50093	-
LMOD2	chr7	123655865	8425	+
LMOD3	chr3	69106064	16531	-
LMTK2	chr7	98106861	102777	+
LMTK3	chr19	48485270	26565	-
LMX1A	chr1	165201866	154849	-
LMX1B	chr9	126613927	87105	+
LNP1	chr3	100401538	54781	+
LNPEP	chr5	96936079	101434	+
LNPK	chr2	175923881	78386	-
LNX1	chr4	53459300	132186	-
LNX2	chr13	27545912	74617	-
LOC101059915	chrX	71667545	3982	+
LOC102723451	chr21	7769587	961	-
LOC102723475	chr21	7816676	12956	-
LOC102723553	chr21	7744950	13680	+
LOC102723971	chr9	135614182	5711	+
LOC102723996	chr21	5022530	14241	+
LOC102724023	chr21	5116340	12029	-
LOC102724159	chr21	5130870	23788	-
LOC102724428	chr21	6111130	12648	+
LOC102724560	chr21	6444868	22645	-
LOC102724594	chr21	6484622	14626	-
LOC102724652	chr21	6499202	65287	+
LOC107983987	chr21	7788702	5237	-
LOC112267897	chr13	63746740	1436	+
LOC112694756	chr16	30053150	17264	+
LOC114841035	chr11	64241094	3038	+
LOC122319696	chrX	149414876	630	-
LOC122394732	chr9	87956213	670	+
LOC122455340	chr12	53241899	823	+
LOC122455342	chr17	76568796	852	-
LOC122513141	chr9	137217493	1868	+
LOC122526780	chr17	6636779	3537	-
LOC122539214	chr19	52650446	40050	-
LOC127898562	chr13	77326904	84	-
LOC127898563	chr6	68635889	78	+
LOC127903862	chr6	16328341	90	-
LOC127933115	chrX	23783277	90	+
LOC128031832	chr1	31919562	66	-
LOC128031833	chrX	63754484	180	-
LOC128031834	chr3	88058138	78	-
LOC128031835	chr6	53065601	72	+
LOC128031836	chr1	203802093	99	+
LOC128031837	chr7	112450486	159	+
LOC128071544	chr1	147611589	207	+
LOC128071545	chr15	81002141	138	+
LOC128071547	chr12	120534696	261	+
LOC128092246	chr6	53041265	120	-
LOC128092247	chr7	151061927	51	+
LOC128092248	chr9	130713625	99	+
LOC128092249	chr21	46326287	204	+
LOC128092250	chr8	32647201	189	+
LOC128092251	chr1	89579591	63	+
LOC128092252	chr15	50648801	37916	-
LOC128092253	chr6	133953303	26785	+
LOC128125814	chr12	57517711	2769	-
LOC128125816	chr12	122226429	135	-
LOC128125817	chr1	41585305	43511	-
LOC128125818	chr4	6064976	5186	-
LOC128125822	chr6	63572479	11109	+
LOC128462377	chr16	89317045	101247	-
LOC128706665	chr20	10413707	20515	-
LOC128706666	chr20	10413707	20515	-
LOC128966594	chr8	7564349	3011	-
LOC128966744	chr2	95789664	10527	+
LOC131768270	chr5	140564827	4273	+
LOC400499	chr16	11372014	155233	-
LOC647264	chr13	63832360	693	-
LOC728392	chr17	5499426	1580	-
LOC728743	chr7	150405675	6795	+
LOC730098	chr9	34664162	1883	-
LONP1	chr19	5691833	28313	-
LONP2	chr16	48244299	113050	+
LONRF1	chr8	12721905	33621	-
LONRF2	chr2	100271874	50627	-
LONRF3	chrX	118974617	43738	+
LORICRIN	chr1	153259686	2438	+
LOX	chr5	122063194	15065	-
LOXHD1	chr18	46477272	179948	-
LOXL1	chr15	73926461	25675	+
LOXL2	chr8	23296896	107224	-
LOXL3	chr2	74532257	21685	-
LOXL4	chr10	98247689	20505	-
LPA	chr6	160531481	132794	-
LPAR1	chr9	110873262	165208	-
LPAR2	chr19	19623654	4566	-
LPAR3	chr1	84811601	81605	-
LPAR4	chrX	78747719	10995	+
LPAR5	chr12	6618834	17125	-
LPAR6	chr13	48411137	1976	-
LPCAT1	chr5	1461426	62534	-
LPCAT2	chr16	55509071	77595	+
LPCAT3	chr12	6976184	42292	-
LPCAT4	chr15	34358632	8564	-
LPGAT1	chr1	211743456	87307	-
LPIN1	chr2	11746631	80778	+
LPIN2	chr18	2916998	96146	-
LPIN3	chr20	41340820	19762	+
LPL	chr8	19939252	28007	+
LPO	chr17	58238583	29935	+
LPP	chr3	188154156	736515	+
LPXN	chr11	58526870	48986	-
LRAT	chr4	154743999	9121	+
LRATD1	chr2	14632716	7325	+
LRATD2	chr8	126552442	6036	-
LRBA	chr4	150264434	750850	-
LRCH1	chr13	46553169	191729	+
LRCH2	chrX	115110615	123481	-
LRCH3	chr3	197791253	97183	+
LRCH4	chr7	100574010	12119	-
LRCOL1	chr12	132603150	7432	-
LRFN1	chr19	39306565	14298	-
LRFN2	chr6	40391590	195774	-
LRFN3	chr19	35936373	10251	+
LRFN4	chr11	66857063	3412	+
LRFN5	chr14	41606875	297674	+
LRG1	chr19	4536401	3635	-
LRGUK	chr7	134127339	137256	+
LRIF1	chr1	110947189	16733	-
LRIG1	chr3	66378796	122226	-
LRIG2	chr1	113073197	59063	+
LRIG3	chr12	58872154	48350	-
LRIT1	chr10	84231519	10027	-
LRIT2	chr10	84220570	4974	-
LRIT3	chr4	109848106	24209	+
LRMDA	chr10	75431623	1128545	+
LRP1	chr12	57128482	84879	+
LRP1-AS	chr12	57144619	3000	-
LRP10	chr14	22871739	9974	+
LRP11	chr6	149818756	45603	-
LRP12	chr8	104489235	100023	-
LRP1B	chr2	140231422	1899594	-
LRP2	chr2	169127108	235426	-
LRP2BP	chr4	185363871	32053	-
LRP3	chr19	33194329	14535	+
LRP4	chr11	46856716	61834	-
LRP5	chr11	68312590	136685	+
LRP6	chr12	12116024	151020	-
LRP8	chr1	53242363	85707	-
LRPAP1	chr4	3503611	28811	-
LRPPRC	chr2	43886223	109766	-
LRR1	chr14	49598939	15733	+
LRRC1	chr6	53795004	129121	+
LRRC10	chr12	69608563	2344	-
LRRC10B	chr11	61508748	2270	+
LRRC14	chr8	144517991	7181	+
LRRC14B	chr5	191494	4840	+
LRRC15	chr3	194355248	14495	-
LRRC17	chr7	102912999	32112	+
LRRC18	chr10	48909479	30361	-
LRRC19	chr9	26993135	12537	-
LRRC2	chr3	46515384	50918	-
LRRC20	chr10	70298974	83651	-
LRRC23	chr12	6904821	9408	+
LRRC24	chr8	144522387	4646	-
LRRC25	chr19	18391136	6486	-
LRRC26	chr9	137168757	1294	-
LRRC27	chr10	132332192	49316	+
LRRC28	chr15	99251480	139249	+
LRRC3	chr21	44455509	6687	+
LRRC30	chr18	7231088	956	+
LRRC31	chr3	169839171	30764	-
LRRC32	chr11	76657523	13224	-
LRRC34	chr3	169793002	19902	-
LRRC36	chr16	67326814	58390	+
LRRC37A	chr17	46295130	42664	+
LRRC37A2	chr17	46512467	43179	+
LRRC37A3	chr17	64854129	65349	-
LRRC37B	chr17	32007382	46105	+
LRRC38	chr1	13474972	39031	-
LRRC39	chr1	100148447	29809	-
LRRC3B	chr3	26622771	88005	+
LRRC3C	chr17	39927731	17268	+
LRRC4	chr7	128027070	4367	-
LRRC40	chr1	70144804	60775	-
LRRC41	chr1	46277461	26155	-
LRRC42	chr1	53946349	21819	+
LRRC43	chr12	122183122	20349	+
LRRC45	chr17	82023304	7847	+
LRRC46	chr17	47831669	6050	+
LRRC47	chr1	3778558	17940	-
LRRC49	chr15	70892825	160833	+
LRRC4B	chr19	50516891	51544	-
LRRC4C	chr11	40114208	1345444	-
LRRC51	chr11	72080849	16046	+
LRRC52	chr1	165543999	19958	+
LRRC53	chr1	74469375	43236	-
LRRC55	chr11	57181952	9765	+
LRRC56	chr11	537526	17386	+
LRRC57	chr15	42537828	10965	-
LRRC58	chr3	120324508	24846	-
LRRC59	chr17	50381237	16286	-
LRRC61	chr7	150323354	14802	+
LRRC63	chr13	46211927	65188	+
LRRC66	chr4	51993651	26712	-
LRRC69	chr8	91102618	116639	+
LRRC7	chr1	69567921	576443	+
LRRC70	chr5	62578818	2628	+
LRRC71	chr1	156920631	12463	+
LRRC72	chr7	16526824	54744	+
LRRC73	chr6	43506967	3379	-
LRRC74A	chr14	76826407	43897	+
LRRC74B	chr22	21045945	18223	+
LRRC75A	chr17	16441576	50617	-
LRRC75B	chr22	24585634	7439	-
LRRC8A	chr9	128882132	35907	+
LRRC8B	chr1	89524828	73033	+
LRRC8C	chr1	89633119	86414	+
LRRC8D	chr1	89821031	115580	+
LRRC8E	chr19	7888509	13507	+
LRRC9	chr14	59920143	146674	+
LRRCC1	chr8	85107237	38843	+
LRRD1	chr7	92144841	34301	-
LRRFIP1	chr2	237627586	154057	+
LRRFIP2	chr3	37052625	121957	-
LRRIQ1	chr12	85036350	208755	+
LRRIQ3	chr1	74026014	172162	-
LRRIQ4	chr3	169812869	24904	+
LRRK1	chr15	100919356	158901	+
LRRK2	chr12	40224996	144289	+
LRRN1	chr3	3799430	50404	+
LRRN2	chr1	204617169	68569	-
LRRN3	chr7	111091126	34328	+
LRRN4	chr20	6040545	13515	-
LRRN4CL	chr11	62686405	3125	-
LRRTM1	chr2	80301877	2875	-
LRRTM2	chr5	138868920	6415	-
LRRTM3	chr10	66926035	175516	+
LRRTM4	chr2	76747684	774692	-
LRSAM1	chr9	127451509	51990	+
LRTM1	chr3	54918230	9829	-
LRTM2	chr12	1820564	16189	+
LRTM3	chr13	102729366	29706	-
LRWD1	chr7	102464983	8185	+
LSAMP	chr3	115802373	643114	-
LSG1	chr3	194640790	31401	-
LSM1	chr8	38163338	13155	-
LSM10	chr1	36393435	4473	-
LSM11	chr5	157743711	16998	+
LSM12	chr17	44034327	32344	-
LSM14A	chr19	34172503	56785	+
LSM14B	chr20	62122474	12900	+
LSM2	chr6	31797395	9571	-
LSM3	chr3	14178816	22306	+
LSM4	chr19	18306235	16841	-
LSM5	chr7	32485337	5043	-
LSM6	chr4	146175717	15818	+
LSM7	chr19	2321520	7066	-
LSM8	chr7	118184163	19872	+
LSMEM1	chr7	112480990	10072	+
LSMEM2	chr3	50279086	9028	+
LSP1	chr11	1853083	39180	+
LSR	chr19	35249001	18963	+
LSS	chr21	46188445	40329	-
LST1	chr6	31586276	2633	+
LTA	chr6	31572288	2036	+
LTA4H	chr12	96000752	34835	-
LTAP1	chr1	154206719	13871	-
LTB	chr6	31580557	1867	-
LTB4R	chr14	24311501	6535	+
LTB4R2	chr14	24310139	1899	+
LTBP1	chr2	32946952	452557	+
LTBP2	chr14	74498182	114055	-
LTBP3	chr11	65538558	19801	-
LTBP4	chr19	40601368	28450	+
LTBR	chr12	6384161	7405	+
LTC4S	chr5	179793985	2662	+
LTF	chr3	46435644	29261	-
LTK	chr15	41503636	10191	-
LTN1	chr21	28928143	64734	-
LTO1	chr11	69665562	9791	-
LTV1	chr6	143843337	20475	+
LUC7L	chr16	188989	40460	-
LUC7L2	chr7	139359893	63561	+
LUC7L3	chr17	50719602	36617	+
LUM	chr12	91102628	8866	-
LURAP1	chr1	46203333	17923	+
LURAP1L	chr9	12775019	48041	+
LUZP1	chr1	23084029	84827	-
LUZP2	chr11	24497052	585586	+
LUZP4	chrX	115289714	17849	+
LVRN	chr5	115962474	65132	+
LXN	chr3	158666413	6235	-
LY6D	chr8	142784881	1658	-
LY6E	chr8	143018528	3881	+
LY6G5B	chr6	31669975	3571	+
LY6G5C	chr6	31676683	4384	-
LY6G6C	chr6	31718647	3099	-
LY6G6D	chr6	31715347	2572	+
LY6G6F	chr6	31706865	3814	+
LY6H	chr8	143157915	2406	-
LY6K	chr8	142700110	5017	+
LY6L	chr8	143080629	2857	+
LY6S	chr8	143040838	4872	-
LY75	chr2	159803354	101402	-
LY86	chr6	6588719	66263	+
LY9	chr1	160796173	32082	+
LY96	chr8	73991391	37688	+
LYAR	chr4	4267700	22454	-
LYG1	chr2	99284237	16960	-
LYG2	chr2	99242245	13421	-
LYL1	chr19	13099032	3826	-
LYN	chr8	55879834	134335	+
LYNX1	chr8	142771201	6001	-
LYPD1	chr2	132643285	26920	-
LYPD2	chr8	142750149	2383	-
LYPD3	chr19	43460786	4822	-
LYPD4	chr19	41837073	7610	-
LYPD5	chr19	43795926	6521	-
LYPD6	chr2	149330586	143552	+
LYPD6B	chr2	149038698	176564	+
LYPD8	chr1	248739414	16345	-
LYPLA1	chr8	54046366	55581	-
LYPLA2	chr1	23791144	4395	+
LYPLAL1	chr1	219173877	38981	+
LYRM1	chr16	20900770	24236	+
LYRM2	chr6	89632223	6524	-
LYRM4	chr6	5108418	152532	-
LYRM7	chr5	131170943	34485	+
LYRM9	chr17	27878357	15008	-
LYSET	chr14	93185316	3147	+
LYSMD1	chr1	151159747	6155	-
LYSMD2	chr15	51723010	14645	-
LYSMD3	chr5	90515625	13959	-
LYSMD4	chr15	99727404	6033	-
LYST	chr1	235661040	205866	-
LYVE1	chr11	10556965	11700	-
LYZ	chr12	69348380	5854	+
LYZL1	chr10	29289069	22163	+
LYZL2	chr10	30611778	17975	-
LYZL4	chr3	42397082	13528	-
LYZL6	chr17	35934517	9196	-
LZIC	chr1	9926292	17099	-
LZTFL1	chr3	45823315	18804	-
LZTR1	chr22	20982296	16736	+
LZTS1	chr8	20246164	57799	-
LZTS2	chr10	100999807	8026	+
LZTS3	chr20	3162616	10933	-
M1AP	chr2	74557882	90448	-
M6PR	chr12	8940360	9285	-
MAB21L1	chr13	35473788	2901	-
MAB21L2	chr4	150582150	2543	+
MAB21L3	chr1	116111398	26751	+
MAB21L4	chr2	240886047	10109	-
MACC1	chr7	20134654	82730	-
MACF1	chr1	39204694	282444	+
MACIR	chr5	103258762	19898	+
MACO1	chr1	25430896	69313	+
MACROD1	chr11	63998557	167556	-
MACROD2	chr20	13995515	2057682	+
MACROH2A1	chr5	135334380	64851	-
MACROH2A2	chr10	70052845	59437	+
MAD1L1	chr7	1815794	417151	-
MAD2L1	chr4	120055622	11226	-
MAD2L1BP	chr6	43635839	5102	+
MAD2L2	chr1	11674479	6669	-
MADCAM1	chr19	496485	8858	+
MADD	chr11	47270132	59899	+
MAEA	chr4	1289890	50247	+
MAEL	chr1	166989279	32935	+
MAF	chr16	79593837	6900	-
MAF1	chr8	144104460	3151	+
MAFA	chr8	143428063	2669	-
MAFB	chr20	40685847	3389	-
MAFF	chr22	38201993	14514	+
MAFG	chr17	81918269	9466	-
MAFK	chr7	1530701	12342	+
MAG	chr19	35292160	21647	+
MAGEA1	chrX	153179283	4597	+
MAGEA10	chrX	152133309	5268	-
MAGEA11	chrX	149712059	5209	+
MAGEA12	chrX	152733756	3913	+
MAGEA2	chrX	152749862	3980	-
MAGEA2B	chrX	152714627	3980	+
MAGEA3	chrX	152698793	3554	+
MAGEA4	chrX	151912888	12282	+
MAGEA6	chrX	152766135	3554	-
MAGEA8	chrX	149881182	4643	+
MAGEA9	chrX	149781929	5808	+
MAGEA9B	chrX	149581652	5807	-
MAGEB1	chrX	30247145	4895	+
MAGEB10	chrX	27807989	15025	+
MAGEB16	chrX	35798341	5431	+
MAGEB17	chrX	16167480	3984	+
MAGEB18	chrX	26138342	2394	+
MAGEB2	chrX	30215562	4527	+
MAGEB3	chrX	30230656	6839	+
MAGEB4	chrX	30241999	2188	+
MAGEB5	chrX	26216168	2102	+
MAGEB6	chrX	26192439	3207	+
MAGEB6B	chrX	26160600	1810	+
MAGEC1	chrX	141903893	5481	+
MAGEC2	chrX	142202341	2949	-
MAGEC3	chrX	141838315	59517	+
MAGED1	chrX	51893622	8732	+
MAGED2	chrX	54807744	8271	+
MAGED4	chrX	52184887	7381	+
MAGED4B	chrX	52061826	7357	-
MAGEE1	chrX	76427709	3633	+
MAGEE2	chrX	75782986	2268	-
MAGEF1	chr3	184710363	1701	-
MAGEH1	chrX	55452126	1440	+
MAGEL2	chr15	23643548	4319	-
MAGI1	chr3	65353525	685393	-
MAGI2	chr7	78017054	1436613	-
MAGI3	chr1	113390514	295409	+
MAGIX	chrX	49162757	6017	+
MAGOH	chr1	53226899	11619	-
MAGOHB	chr12	10604192	9417	-
MAGT1	chrX	77825746	69689	-
MAIP1	chr2	199955581	8536	+
MAJIN	chr11	64938229	33879	-
MAK	chr6	10762722	75817	-
MAK16	chr8	33485181	16081	+
MAL	chr2	95025707	28285	+
MAL2	chr8	119208362	37311	+
MALAT1	chr11	65499044	7472	+
MALL	chr2	110083869	31953	-
MALRD1	chr10	19048800	685678	+
MALSU1	chr7	23299338	12391	+
MALT1	chr18	58671464	83013	+
MAMDC2	chr9	70043847	183125	+
MAMDC4	chr9	136852345	8454	+
MAML1	chr5	179732821	44462	+
MAML2	chr11	95976597	366598	-
MAML3	chr4	139716752	437432	-
MAMLD1	chrX	150363316	150857	+
MAMSTR	chr19	48712724	7001	-
MAN1A1	chr6	119177204	172557	-
MAN1A2	chr1	117367448	161424	+
MAN1B1	chr9	137086984	22199	+
MAN1C1	chr1	25616790	167660	+
MAN2A1	chr5	109689926	179699	+
MAN2A2	chr15	90903301	19278	+
MAN2B1	chr19	12646511	20231	-
MAN2B2	chr4	6575188	48174	+
MAN2C1	chr15	75355791	12816	-
MANBA	chr4	102630769	130199	-
MANBAL	chr20	37289654	27606	+
MANEA	chr6	95577534	31918	+
MANEAL	chr1	37793846	7287	+
MANF	chr3	51385290	4107	+
MANSC1	chr12	12326055	24187	-
MANSC4	chr12	27762426	17810	-
MAOA	chrX	43656298	90519	+
MAOB	chrX	43766609	115841	-
MAP10	chr1	232805415	4514	+
MAP1A	chr15	43517607	14004	+
MAP1B	chr5	72107474	102091	+
MAP1LC3A	chr20	34558717	1628	+
MAP1LC3B	chr16	87392335	12439	+
MAP1LC3B2	chr12	116559380	17226	+
MAP1LC3C	chr1	241995489	3609	-
MAP1S	chr19	17719479	15034	+
MAP2	chr2	209424046	310066	+
MAP2K1	chr15	66386911	104633	+
MAP2K2	chr19	4090320	33802	-
MAP2K3	chr17	21284710	30522	+
MAP2K4	chr17	12020876	122952	+
MAP2K5	chr15	67542702	264412	+
MAP2K6	chr17	69414696	139169	+
MAP2K7	chr19	7903876	10602	+
MAP3K1	chr5	56815548	80604	+
MAP3K10	chr19	40191425	24150	+
MAP3K11	chr11	65597756	16465	-
MAP3K12	chr12	53479668	19790	-
MAP3K13	chr3	185363135	125959	+
MAP3K14	chr17	45263118	53902	-
MAP3K15	chrX	19360058	155450	-
MAP3K19	chr2	134964490	82957	-
MAP3K2	chr2	127298667	89308	-
MAP3K20	chr2	173075845	192170	+
MAP3K21	chr1	233327723	57425	+
MAP3K3	chr17	63622416	73889	+
MAP3K4	chr6	160991768	125612	+
MAP3K5	chr6	136557045	235432	-
MAP3K6	chr1	27355183	11778	-
MAP3K7	chr6	90513578	73494	-
MAP3K7CL	chr21	29130643	45244	+
MAP3K8	chr10	30434183	27650	+
MAP3K9	chr14	70722525	86988	-
MAP4	chr3	47850694	165722	-
MAP4K1	chr19	38587640	30313	-
MAP4K2	chr11	64784917	18297	-
MAP4K3	chr2	39249265	188020	-
MAP4K4	chr2	101697706	196984	+
MAP4K5	chr14	50418520	114049	-
MAP6	chr11	75586917	82121	-
MAP6D1	chr3	183815921	9656	-
MAP7	chr6	136342733	207689	-
MAP7D1	chr1	36156159	24690	+
MAP7D2	chrX	20006712	110195	-
MAP7D3	chrX	136216813	34587	-
MAP9	chr4	155342657	34308	-
MAPDA	chr15	43330671	23898	+
MAPK1	chr22	21759656	107989	-
MAPK10	chr4	86010404	349649	-
MAPK11	chr22	50263712	6668	-
MAPK12	chr22	50252900	8783	-
MAPK13	chr6	36130512	14009	+
MAPK14	chr6	36027807	83429	+
MAPK15	chr8	143716348	6110	+
MAPK1IP1L	chr14	55051646	18548	+
MAPK3	chr16	30114104	9116	-
MAPK4	chr18	50560086	171740	+
MAPK6	chr15	52019218	48157	+
MAPK7	chr17	19378497	5047	+
MAPK8	chr10	48306676	132684	+
MAPK8IP1	chr11	45885650	20815	+
MAPK8IP2	chr22	50600792	13186	+
MAPK8IP3	chr16	1706194	64157	+
MAPK9	chr5	180233142	58941	-
MAPKAP1	chr9	125437393	269815	-
MAPKAPK2	chr1	206684904	49377	+
MAPKAPK3	chr3	50617150	32141	+
MAPKAPK5	chr12	111842227	59995	+
MAPKBP1	chr15	41774483	53372	+
MAPRE1	chr20	32819953	30452	+
MAPRE2	chr18	35041412	102058	+
MAPRE3	chr2	26970636	56583	+
MAPT	chr17	45894553	133781	+
MARCHF1	chr4	163524717	859302	-
MARCHF10	chr17	62701313	107001	-
MARCHF11	chr5	16067138	112653	-
MARCHF2	chr19	8413304	25713	+
MARCHF3	chr5	126867713	162845	-
MARCHF4	chr2	216257864	114619	-
MARCHF5	chr10	92291166	62798	+
MARCHF6	chr5	10353694	86694	+
MARCHF7	chr2	159712505	58522	+
MARCHF8	chr10	45454584	80787	-
MARCHF9	chr12	57755102	5309	+
MARCKS	chr6	113857344	6131	+
MARCKSL1	chr1	32333838	2395	-
MARCO	chr2	118942193	52467	+
MARCOL	chr5	148238524	5056	+
MARF1	chr16	15594386	48768	-
MARK1	chr1	220528135	136326	+
MARK2	chr11	63839109	71911	+
MARK3	chr14	103385414	118417	+
MARK4	chr19	45251270	54014	+
MARS1	chr12	57488067	28585	+
MARS2	chr2	197705368	3027	+
MARVELD1	chr10	97713729	4421	+
MARVELD2	chr5	69415115	29215	+
MARVELD3	chr16	71626183	10282	+
MAS1	chr6	159890987	26460	+
MAS1L	chr6	29486696	1260	-
MASP1	chr3	187234081	57656	-
MASP2	chr1	11026522	20717	-
MAST1	chr19	12838514	36438	+
MAST2	chr1	45803611	232511	+
MAST3	chr19	18097777	53910	+
MAST4	chr5	66596392	573201	+
MASTL	chr10	27155351	32602	+
MAT1A	chr10	80271819	17839	-
MAT2A	chr2	85539167	6114	+
MAT2B	chr5	163505618	13736	+
MATCAP1	chr16	67175598	8365	-
MATCAP2	chr7	36324151	43089	-
MATK	chr19	3777972	8409	-
MATN1	chr1	30711276	12309	-
MATN2	chr8	97869063	167661	+
MATN3	chr2	19992051	20617	-
MATN4	chr20	45293449	14850	-
MATR3	chr5	139293739	37938	+
MAU2	chr19	19320828	37926	+
MAVS	chr20	3846833	29285	+
MAX	chr14	65075126	27391	-
MAZ	chr16	29806528	4636	+
MB	chr22	35606763	10566	-
MB21D2	chr3	192796814	121042	-
MBD1	chr18	50268845	12678	-
MBD2	chr18	54151605	73064	-
MBD3	chr19	1573595	19270	-
MBD3L1	chr19	8832376	10943	+
MBD3L2	chr19	7049320	2415	+
MBD3L2B	chr19	7018968	2463	-
MBD3L3	chr19	7056206	2470	-
MBD3L4	chr19	7037748	2431	-
MBD3L5	chr19	7030577	2434	+
MBD4	chr3	129430946	9002	-
MBD5	chr2	148021090	495881	+
MBD6	chr12	57522823	7325	+
MBIP	chr14	36298563	22074	-
MBL2	chr10	52765379	7405	-
MBLAC1	chr7	100126966	1529	+
MBLAC2	chr5	90458208	16563	-
MBNL1	chr3	152268928	196852	+
MBNL2	chr13	97222332	171788	+
MBNL3	chrX	132369319	119719	-
MBOAT1	chr6	20099683	112786	-
MBOAT2	chr2	8852689	150995	-
MBOAT4	chr8	30131670	12995	-
MBOAT7	chr19	54173414	16166	-
MBP	chr18	76978832	153951	-
MBTD1	chr17	51177424	82625	-
MBTPS1	chr16	84053762	63180	-
MBTPS2	chrX	21839616	45807	+
MC1R	chr16	89918861	2111	+
MC2R	chr18	13882043	33493	-
MC3R	chr20	56248731	1084	+
MC4R	chr18	60371061	1714	-
MC5R	chr18	13824148	3175	+
MCAM	chr11	119308528	8602	-
MCAT	chr22	43132208	11190	-
MCC	chr5	113022105	466348	-
MCCC1	chr3	183015217	84279	-
MCCC2	chr5	71587339	71367	+
MCCD1	chr6	31528961	1271	+
MCEE	chr2	71109686	20543	-
MCEMP1	chr19	7677089	2740	+
MCF2	chrX	139581769	126398	-
MCF2L	chr13	112969213	130529	+
MCF2L2	chr3	183178040	250579	-
MCFD2	chr2	46901873	13933	-
MCHR1	chr22	40679483	3329	+
MCHR2	chr6	99918518	75705	-
MCIDAS	chr5	55219563	7752	-
MCL1	chr1	150574557	5053	-
MCM10	chr10	13161557	49553	+
MCM2	chr3	127598410	24026	+
MCM3	chr6	52264014	20728	-
MCM3AP	chr21	46235132	50479	-
MCM4	chr8	47960940	17220	+
MCM5	chr22	35400139	25292	+
MCM6	chr2	135839625	36818	-
MCM7	chr7	100092727	8670	-
MCM8	chr20	5950651	48326	+
MCM9	chr6	118813454	121705	-
MCMBP	chr10	119829439	43404	-
MCMDC2	chr8	66870770	51278	+
MCOLN1	chr19	7522623	11386	+
MCOLN2	chr1	84925582	71531	-
MCOLN3	chr1	85018081	30419	-
MCPH1	chr8	6406626	241882	+
MCRIP1	chr17	81822360	10931	-
MCRIP2	chr16	641827	6647	+
MCRS1	chr12	49558298	9844	-
MCTP1	chr5	94703689	581405	-
MCTP2	chr15	94231560	252392	+
MCTS1	chrX	120604100	17059	+
MCTS2	chr20	31547378	703	+
MCU	chr10	72692142	195552	+
MCUB	chr4	109560245	128474	+
MCUR1	chr6	13786556	28001	-
MDC1	chr6	30699806	17475	-
MDFI	chr6	41638467	15777	+
MDFIC	chr7	114922093	97824	+
MDFIC2	chr3	70194478	118160	-
MDGA1	chr6	37630678	67205	-
MDGA2	chr14	46840091	835514	-
MDH1	chr2	63588962	18235	+
MDH1B	chr2	206737762	27566	-
MDH2	chr7	76048105	19403	+
MDK	chr11	46381668	2133	+
MDM1	chr12	68294565	37797	-
MDM2	chr12	68808176	37368	+
MDM4	chr1	204516405	41715	+
MDN1	chr6	89642497	177297	-
MDP1	chr14	24213942	2124	-
ME1	chr6	83210401	220650	-
ME2	chr18	50879117	75140	+
ME3	chr11	86441107	231509	-
MEA1	chr6	43011142	2804	-
MEAF6	chr1	37489992	24774	-
MEAK7	chr16	84476354	28305	-
MECOM	chr3	169083506	580206	-
MECP2	chrX	154021572	76145	-
MECR	chr1	29192656	38278	-
MED1	chr17	39404284	46979	-
MED10	chr5	6371873	6674	-
MED11	chr17	4731427	2180	+
MED12	chrX	71118595	23855	+
MED12L	chr3	151085663	350990	+
MED13	chr17	61942604	122674	-
MED13L	chr12	115958575	319118	-
MED14	chrX	40648304	87238	-
MED15	chr22	20507609	80010	+
MED16	chr19	867962	25225	-
MED17	chr11	93784281	30682	+
MED18	chr1	28329039	6926	+
MED19	chr11	57703709	8506	-
MED20	chr6	41905353	15786	-
MED21	chr12	27022557	8116	+
MED22	chr9	133338311	9820	-
MED23	chr6	131586731	41511	-
MED24	chr17	40019103	35305	-
MED25	chr19	49818288	18691	+
MED26	chr19	16574918	53286	-
MED27	chr9	131860111	219756	-
MED28	chr4	17614640	19465	+
MED29	chr19	39391377	9264	+
MED30	chr8	117520712	19550	+
MED31	chr17	6643310	8295	-
MED4	chr13	48075723	19381	-
MED6	chr14	70583220	17435	-
MED7	chr5	157137423	5442	-
MED8	chr1	43383916	5884	-
MED9	chr17	17476999	16222	+
MEDAG	chr13	30906270	19302	+
MEF2A	chr15	99565983	150505	+
MEF2B	chr19	19145566	24697	-
MEF2C	chr5	88717116	166068	-
MEF2D	chr1	156463726	37049	-
MEFV	chr16	3242026	14607	-
MEG3	chr14	100826117	34909	+
MEGF10	chr5	127290795	170427	+
MEGF11	chr15	65895298	358452	-
MEGF6	chr1	3487950	123558	-
MEGF8	chr19	42325634	53131	+
MEGF9	chr9	120600810	113660	-
MEI1	chr22	41699502	99952	+
MEI4	chr6	77653038	274007	+
MEIG1	chr10	14959387	13470	+
MEIKIN	chr5	131806989	138674	-
MEIOB	chr16	1833985	38179	-
MEIOC	chr17	44656467	19334	+
MEIOSIN	chr19	45733438	31103	+
MEIS1	chr2	66435124	138745	+
MEIS2	chr15	36889203	211346	-
MEIS3	chr19	47403123	16404	-
MELK	chr9	36572894	104788	+
MELTF	chr3	197001739	28078	-
MEMO1	chr2	31867822	143186	-
MEN1	chr11	64803515	7036	-
MEOX1	chr17	43640388	21534	-
MEOX2	chr7	15611211	75472	-
MEP1A	chr6	46793388	46390	+
MEP1B	chr18	32190038	30366	+
MEPCE	chr7	100429830	4288	+
MEPE	chr4	87832968	13824	+
MERTK	chr2	111898606	130955	+
MESD	chr15	80975751	14068	-
MESP1	chr15	89749874	1375	-
MESP2	chr15	89776331	2423	+
MEST	chr7	130492084	14381	+
MET	chr7	116672195	126182	+
METAP1	chr4	98995720	67089	+
METAP1D	chr2	171999952	82478	+
METAP2	chr12	95474151	41688	+
METRN	chr16	715117	4538	+
METRNL	chr17	83079608	15514	+
METTL1	chr12	57768470	3635	-
METTL13	chr1	171781659	16057	+
METTL14	chr4	118685391	30039	+
METTL15	chr11	28108387	225120	+
METTL16	chr17	2416048	95840	-
METTL17	chr14	20989979	7056	+
METTL18	chr1	169792528	2379	-
METTL21A	chr2	207612738	12656	-
METTL21C	chr13	102685746	9298	-
METTL22	chr16	8621697	27957	+
METTL23	chr17	76726838	7042	+
METTL24	chr6	110243939	114410	-
METTL25	chr12	82358528	120711	+
METTL25B	chr1	156728468	8492	+
METTL26	chr16	634429	1876	-
METTL27	chr7	73834589	7927	-
METTL2A	chr17	62423896	29489	+
METTL2B	chr7	128476747	29855	+
METTL3	chr14	21498137	13203	-
METTL4	chr18	2537529	33976	-
METTL5	chr2	169811756	13149	-
METTL6	chr3	15409759	17785	-
METTL8	chr2	171315745	118245	-
METTL9	chr16	21599576	57895	+
MEX3A	chr1	156072012	10453	-
MEX3B	chr15	82041777	4241	-
MEX3C	chr18	51174549	23132	-
MEX3D	chr19	1554671	13654	-
MFAP1	chr15	43804491	20199	-
MFAP2	chr1	16974501	6119	-
MFAP3	chr5	154038966	18484	+
MFAP3L	chr4	169986601	39794	-
MFAP4	chr17	19383444	3746	-
MFAP5	chr12	8645942	16884	-
MFF	chr2	227325250	32583	+
MFGE8	chr15	88898682	14697	-
MFHAS1	chr8	8783353	110277	-
MFN1	chr3	179347708	47228	+
MFN2	chr1	11980443	33065	+
MFNG	chr22	37469062	17322	-
MFRP	chr11	119338941	7764	-
MFSD1	chr3	158802053	27663	+
MFSD11	chr17	76738118	41223	+
MFSD12	chr19	3544198	13388	-
MFSD2A	chr1	39955144	14812	+
MFSD2B	chr2	24010084	16691	+
MFSD6	chr2	190408354	93960	+
MFSD6L	chr17	8797109	2256	-
MFSD8	chr4	127917804	47369	-
MGA	chr15	41660404	109536	+
MGAM	chr7	141995878	110869	+
MGAM2	chr7	142111717	110607	+
MGARP	chr4	139266164	14061	-
MGAT1	chr5	180784779	18027	-
MGAT2	chr14	49620798	2683	+
MGAT3	chr22	39457011	35183	+
MGAT4A	chr2	98619105	112027	-
MGAT4B	chr5	179797609	9257	-
MGAT4C	chr12	85955666	300725	-
MGAT4D	chr4	140442261	56032	-
MGAT5	chr2	134254071	200550	+
MGAT5B	chr17	76868403	81990	+
MGLL	chr3	127689065	133450	-
MGME1	chr20	17969017	22105	+
MGMT	chr10	129467240	303743	+
MGP	chr12	14880863	4991	-
MGRN1	chr16	4624825	66147	+
MGST1	chr12	16347644	16766	+
MGST2	chr4	139665818	38425	+
MGST3	chr1	165631233	24903	+
MIA	chr19	40775520	1970	+
MIA2	chr14	39233914	116780	+
MIA3	chr1	222618096	49911	+
MIAT	chr22	26657587	18891	+
MIB1	chr18	21740791	130162	+
MIB2	chr1	1615499	15106	+
MICA	chr6	31403594	11721	+
MICAL1	chr6	109444061	11711	-
MICAL2	chr11	12110589	153196	+
MICAL3	chr22	17787648	236913	-
MICALL1	chr22	37906296	36526	+
MICALL2	chr7	1434358	25112	-
MICB	chr6	31498144	12980	+
MICOS10	chr1	19596978	32842	+
MICOS13	chr19	5678421	2095	-
MICU1	chr10	72367339	258740	-
MICU2	chr13	21492690	111480	-
MICU3	chr8	17027237	95405	+
MID1	chrX	10445555	175030	-
MID1IP1	chrX	38801458	5074	+
MID2	chrX	107825865	105772	+
MIDEAS	chr14	73715121	45182	-
MIDN	chr19	1248582	10561	+
MIEF1	chr22	39502289	15843	+
MIEF2	chr17	18260661	5891	+
MIEN1	chr17	39728509	2023	-
MIER1	chr1	66924989	63630	+
MIER2	chr19	305572	39224	-
MIER3	chr5	56919602	32521	-
MIF	chr22	23894382	841	+
MIF4GD	chr17	75266227	5004	-
MIGA1	chr1	77779648	99892	+
MIGA2	chr9	129036625	35457	+
MIIP	chr1	12019497	12548	+
MILR1	chr17	64449114	19529	+
MINAR1	chr15	79432335	39969	+
MINAR2	chr5	129748093	18639	+
MINDY1	chr1	150996834	10068	-
MINDY2	chr15	58771301	90599	+
MINDY3	chr10	15778173	82334	-
MINDY4	chr7	30771416	120971	+
MINDY4B	chr3	150870375	35064	-
MINK1	chr17	4833339	64722	+
MINPP1	chr10	87504892	48569	+
MIOS	chr7	7566883	42049	+
MIOX	chr22	50486858	3790	+
MIP	chr12	56449501	5156	-
MIPEP	chr13	23730188	159212	-
MIPOL1	chr14	37197936	353323	+
MIR17HG	chr13	91347686	6891	+
MIR2052HG	chr8	74599756	158594	+
MIS12	chr17	5486565	4246	+
MIS18A	chr21	32268227	10822	-
MIS18BP1	chr14	45203189	50013	-
MISFA	chr11	18599788	4095	+
MISP	chr19	751111	13207	+
MISP3	chr19	14072785	2277	+
MITD1	chr2	99169262	11796	-
MITF	chr3	69739463	228869	+
MIURF	chr22	39504230	213	+
MIX23	chr3	122359590	23641	-
MIXL1	chr1	226223663	3397	+
MKI67	chr10	128096658	29765	-
MKKS	chr20	10401008	33214	-
MKLN1	chr7	131327875	168757	+
MKNK1	chr1	46557406	46862	-
MKNK2	chr19	2037470	13774	-
MKRN1	chr7	140453032	26473	-
MKRN2	chr3	12557086	26627	+
MKRN2OS	chr3	12539775	5724	-
MKRN3	chr15	23565673	2371	+
MKS1	chr17	58205440	13815	-
MKX	chr10	27672873	72946	-
MLANA	chr9	5890888	19718	+
MLC1	chr22	50059390	26036	-
MLEC	chr12	120687148	14711	+
MLF1	chr3	158571193	35263	+
MLF2	chr12	6747995	5146	-
MLH1	chr3	36993517	57329	+
MLH3	chr14	75013774	37693	-
MLIP	chr6	54111442	154838	+
MLKL	chr16	74671854	29008	-
MLLT1	chr19	6210380	69595	-
MLLT10	chr10	21534231	209399	+
MLLT11	chr1	151060396	9148	+
MLLT3	chr9	20341668	280831	-
MLLT6	chr17	38705272	24523	+
MLN	chr6	33794672	9331	-
MLNR	chr13	49220337	2040	+
MLPH	chr2	237487250	68072	+
MLST8	chr16	2205453	4000	+
MLX	chr17	42567099	6104	+
MLXIP	chr12	122078755	68589	+
MLXIPL	chr7	73593201	31321	-
MLYCD	chr16	83899114	27917	+
MMAA	chr4	145619384	40649	+
MMAB	chr12	109553714	19790	-
MMACHC	chr1	45500299	13083	+
MMADHC	chr2	149569636	18139	-
MMD	chr17	55392621	29214	-
MMD2	chr7	4905997	53190	-
MME	chr3	155080318	103386	+
MMEL1	chr1	2590638	42378	-
MMGT1	chrX	135960587	13401	-
MMP1	chr11	102789918	8242	-
MMP10	chr11	102770501	10127	-
MMP11	chr22	23772848	11468	+
MMP12	chr11	102862735	12247	-
MMP13	chr11	102942994	12738	-
MMP14	chr14	22836584	11174	+
MMP15	chr16	58025753	21148	+
MMP16	chr8	88032010	295473	-
MMP17	chr12	131828392	23379	+
MMP19	chr12	55835432	7504	-
MMP2	chr16	55479197	27494	+
MMP20	chr11	102576831	48501	-
MMP21	chr10	125766452	9369	-
MMP23B	chr1	1632172	2482	+
MMP24	chr20	35226689	50309	+
MMP24OS	chr20	35276351	1771	-
MMP25	chr16	3046560	14166	+
MMP26	chr11	4704783	287646	+
MMP27	chr11	102691486	14283	-
MMP28	chr17	35765864	29777	-
MMP3	chr11	102835800	7809	-
MMP7	chr11	102520507	10240	-
MMP8	chr11	102711795	13159	-
MMP9	chr20	46008907	7654	+
MMRN1	chr4	89894853	59761	+
MMRN2	chr10	86935539	22076	-
MMS19	chr10	97458323	40099	-
MMS22L	chr6	97142160	141056	-
MMUT	chr6	49430359	32894	-
MN1	chr22	27748276	53480	-
MNAT1	chr14	60734760	235205	+
MND1	chr4	153344687	70431	+
MNDA	chr1	158831350	18152	+
MNS1	chr15	56428723	36414	-
MNT	chr17	2384072	16988	-
MNX1	chr7	157004853	5810	-
MOAP1	chr14	93182198	2699	-
MOB1A	chr2	74152527	26352	-
MOB1B	chr4	70902368	85800	+
MOB2	chr11	1469456	17323	-
MOB3A	chr19	2071035	25291	-
MOB3B	chr9	27325208	204606	-
MOB3C	chr1	46607718	9093	-
MOB4	chr2	197516065	37634	+
MOBP	chr3	39467679	35348	+
MOCOS	chr18	36187496	84661	+
MOCS1	chr6	39904169	30293	-
MOCS2	chr5	53095678	14079	-
MOCS3	chr20	50958817	5112	+
MOG	chr6	29657091	15274	+
MOGAT1	chr2	222671657	38273	+
MOGAT2	chr11	75717837	15116	+
MOGAT3	chr7	101195006	6030	-
MOGS	chr2	74461056	4326	-
MOK	chr14	102228835	76329	-
MON1A	chr3	49908872	20939	-
MON1B	chr16	77191189	11209	+
MON2	chr12	62466825	133651	+
MORC1	chr3	108958247	159887	-
MORC2	chr22	30925129	43645	-
MORC3	chr21	36320196	56436	+
MORC4	chrX	106940737	59475	-
MORF4L1	chr15	78872889	25250	+
MORF4L2	chrX	103675497	11202	-
MORN1	chr1	2321252	70302	-
MORN2	chr2	38875975	6734	+
MORN3	chr12	121648741	20913	-
MORN4	chr10	97614554	18946	-
MORN5	chr9	122159907	40176	+
MOS	chr8	56112941	1041	-
MOSMO	chr16	22008110	76544	+
MOSPD1	chrX	134887631	27626	-
MOSPD2	chrX	14873420	48907	+
MOSPD3	chr7	100612539	2838	+
MOV10	chr1	112674658	26081	+
MOV10L1	chr22	50090005	71682	+
MOXD1	chr6	132296054	105421	-
MPC1	chr6	166364918	18022	-
MPC1L	chrX	40623427	709	+
MPC2	chr1	167916674	20398	-
MPDU1	chr17	7583851	4361	+
MPDZ	chr9	13105706	173986	-
MPEG1	chr11	59208509	4418	-
MPG	chr16	78224	7622	+
MPHOSPH10	chr2	71130633	19468	+
MPHOSPH6	chr16	82148161	22063	-
MPHOSPH8	chr13	19633658	39783	+
MPHOSPH9	chr12	123154214	78927	-
MPI	chr15	74890041	12178	+
MPIG6B	chr6	31723372	3342	+
MPL	chr1	43337817	16649	+
MPLKIP	chr7	40126026	8596	-
MPND	chr19	4343561	16517	+
MPO	chr17	58269854	11081	-
MPP1	chrX	154778683	26802	-
MPP2	chr17	43875359	32177	-
MPP3	chr17	43800810	32336	-
MPP4	chr2	201644873	53771	-
MPP7	chr10	28050992	252072	-
MPPE1	chr18	11882621	25696	-
MPPED1	chr22	43412013	95835	+
MPPED2	chr11	30410223	176130	-
MPRIP	chr17	17042456	150187	+
MPST	chr22	37019741	10074	+
MPV17	chr2	27309491	13606	-
MPV17L	chr16	15395753	17518	+
MPV17L2	chr19	18193217	3731	+
MPZ	chr1	161304734	5234	-
MPZL1	chr1	167721981	69938	+
MPZL2	chr11	118253415	10882	-
MPZL3	chr11	118226689	25676	-
MR1	chr1	181033982	27956	+
MRAP	chr21	32298854	13436	+
MRAP2	chr6	84033771	57110	+
MRAS	chr3	138348578	56955	+
MRC1	chr10	17809347	101817	+
MRC2	chr17	62627669	65928	+
MRE11	chr11	94415569	78275	-
MREG	chr2	215942583	70968	-
MRFAP1	chr4	6640684	2045	+
MRFAP1L1	chr4	6707700	2165	-
MRFAP1L2	chr4	6674074	1973	+
MRGBP	chr20	62796472	5257	+
MRGPRD	chr11	68980020	966	-
MRGPRE	chr11	3225029	7388	-
MRGPRF	chr11	69004397	8849	-
MRGPRG	chr11	3217943	870	-
MRGPRX1	chr11	18933498	5916	-
MRGPRX2	chr11	19054454	6263	-
MRGPRX3	chr11	18132570	5918	+
MRGPRX4	chr11	18172836	1444	+
MRI1	chr19	13764521	9761	+
MRLN	chr10	59736691	16764	-
MRM1	chr17	36601582	7382	+
MRM2	chr7	2234194	8011	-
MRM3	chr17	782352	10157	+
MRNIP	chr5	179837275	21542	-
MRO	chr18	50795129	24887	-
MROH1	chr8	144148015	113911	+
MROH2A	chr2	233778329	55089	+
MROH2B	chr5	40998019	73323	-
MROH6	chr8	143566191	6581	-
MROH7	chr1	54641785	68481	+
MROH8	chr20	37101166	78382	-
MROH9	chr1	170935533	129232	+
MRPL1	chr4	77862829	89956	+
MRPL10	chr17	47823271	8270	-
MRPL11	chr11	66435074	3774	-
MRPL12	chr17	81703366	4151	+
MRPL13	chr8	120395436	49714	-
MRPL14	chr6	44113450	14002	-
MRPL15	chr8	54135240	13274	+
MRPL16	chr11	59806139	4639	-
MRPL17	chr11	6680384	2956	-
MRPL18	chr6	159790466	7963	+
MRPL19	chr2	75646782	15424	+
MRPL2	chr6	43054028	5406	-
MRPL20	chr1	1401908	5385	-
MRPL21	chr11	68891277	12555	-
MRPL22	chr5	154941072	28339	+
MRPL23	chr11	1947331	9269	+
MRPL24	chr1	156737302	3786	-
MRPL27	chr17	50367866	5318	-
MRPL28	chr16	366968	3570	-
MRPL3	chr3	131462211	40760	-
MRPL30	chr2	99181183	18378	+
MRPL32	chr7	42932375	5482	+
MRPL33	chr2	27771718	8015	+
MRPL34	chr19	17305871	972	+
MRPL35	chr2	86199456	14334	+
MRPL36	chr5	1798384	1453	-
MRPL37	chr1	54200166	18217	+
MRPL38	chr17	75898643	6241	-
MRPL39	chr21	25585655	21826	-
MRPL4	chr19	10252213	7842	+
MRPL40	chr22	19432544	3531	+
MRPL41	chr9	137551878	677	+
MRPL42	chr12	93467513	48701	+
MRPL43	chr10	100986268	1229	-
MRPL44	chr2	223957462	10252	+
MRPL45	chr17	38297167	26044	+
MRPL46	chr15	88459477	7911	-
MRPL47	chr3	179588284	16354	-
MRPL48	chr11	73787873	77260	+
MRPL49	chr11	65122320	5051	+
MRPL50	chr9	101387632	10986	-
MRPL51	chr12	6491885	1377	-
MRPL52	chr14	22829886	5151	+
MRPL53	chr2	74471981	699	-
MRPL54	chr19	3762681	4884	+
MRPL55	chr1	228106684	2615	-
MRPL57	chr13	21176657	2427	+
MRPL58	chr17	75012669	8592	+
MRPL9	chr1	151759646	3850	-
MRPS10	chr6	42206806	11055	-
MRPS11	chr15	88467707	13069	+
MRPS12	chr19	38930943	2225	+
MRPS14	chr1	175012957	10468	-
MRPS15	chr1	36455717	8667	-
MRPS16	chr10	73248848	3796	-
MRPS17	chr7	55951876	4624	+
MRPS18A	chr6	43671201	16590	-
MRPS18B	chr6	30617839	8553	+
MRPS18C	chr4	83456057	6241	+
MRPS2	chr9	135500681	3990	+
MRPS21	chr1	150293860	15119	+
MRPS22	chr3	139344019	13110	+
MRPS23	chr17	57834780	15264	-
MRPS24	chr7	43866557	2960	-
MRPS25	chr3	15048511	16804	-
MRPS26	chr20	3046051	2199	+
MRPS27	chr5	72219402	100838	-
MRPS28	chr8	79918716	111543	-
MRPS30	chr5	44808946	6568	+
MRPS31	chr13	40729127	42063	-
MRPS33	chr7	141002609	12343	-
MRPS34	chr16	1771894	1240	-
MRPS35	chr12	27710831	45464	+
MRPS5	chr2	95085368	36440	-
MRPS6	chr21	34073577	69453	+
MRPS7	chr17	75261878	4498	+
MRPS9	chr2	105038068	61892	+
MRRF	chr9	122264881	66456	+
MRS2	chr6	24402935	23255	+
MRTFA	chr22	40410288	226431	-
MRTFB	chr16	14071318	195455	+
MRTO4	chr1	19251804	8324	+
MS4A1	chr11	60455846	14906	+
MS4A10	chr11	60785332	15973	+
MS4A12	chr11	60492777	14653	+
MS4A13	chr11	60515391	27330	+
MS4A14	chr11	60396458	21298	+
MS4A15	chr11	60756866	19867	+
MS4A18	chr11	60724719	20309	+
MS4A2	chr11	60088663	9804	+
MS4A3	chr11	60056664	14451	+
MS4A4A	chr11	60280665	28305	+
MS4A4E	chr11	60200269	42868	-
MS4A5	chr11	60429571	18221	+
MS4A6A	chr11	60172496	10587	-
MS4A6E	chr11	60327254	14087	+
MS4A7	chr11	60378531	17417	+
MS4A8	chr11	60699611	16196	+
MSANTD1	chr4	3249158	7455	+
MSANTD2	chr11	124766497	33909	-
MSANTD3	chr9	100427142	24592	+
MSANTD4	chr11	106007898	14342	-
MSANTD5	chr5	178694571	3190	-
MSANTD7	chr10	14838305	8694	+
MSC	chr8	71841559	2853	-
MSGN1	chr2	17816459	1339	+
MSH2	chr2	47403155	80068	+
MSH3	chr5	80654651	222164	+
MSH4	chr1	75796881	116361	+
MSH5	chr6	31740004	22672	+
MSH6	chr2	47783144	23809	+
MSI1	chr12	120341329	27835	-
MSI2	chr17	57256522	428167	+
MSL1	chr17	40121970	14947	+
MSL2	chr3	136148916	47419	-
MSL3	chrX	11758236	17536	+
MSL3B	chr2	233864662	3724	-
MSLN	chr16	760733	8129	+
MSMB	chr10	46033312	12957	-
MSMO1	chr4	165327668	15496	+
MSMP	chr9	35752989	1287	-
MSN	chrX	65667653	74278	+
MSR1	chr8	16107880	84771	-
MSRA	chr8	10054291	374600	+
MSRB1	chr16	1938228	4971	-
MSRB2	chr10	23095578	26435	+
MSRB3	chr12	65278682	188225	+
MSS51	chr10	73423578	9983	-
MST1	chr3	49683946	5528	-
MST1R	chr3	49887001	16872	-
MSTN	chr2	190055699	7030	-
MSTO1	chr1	155610217	4734	+
MSX1	chr4	4859664	4272	+
MSX2	chr5	174724581	6315	+
MT1A	chr16	56638665	1422	+
MT1B	chr16	56651885	1319	+
MT1E	chr16	56625780	1332	+
MT1F	chr16	56657958	1345	+
MT1G	chr16	56666729	1336	-
MT1H	chr16	56669813	1316	+
MT1HL1	chr1	237004102	339	-
MT1M	chr16	56632658	1323	+
MT1X	chr16	56682469	1727	+
MT2A	chr16	56608583	914	+
MT3	chr16	56589527	1558	+
MT4	chr16	56565072	3885	+
MTA1	chr14	105419826	50903	+
MTA2	chr11	62593213	8652	-
MTA3	chr2	42568631	188315	+
MTAP	chr9	21802635	64446	+
MTARC1	chr1	220786912	32747	+
MTARC2	chr1	220748321	36494	+
MTBP	chr8	120445418	78218	+
MTCH1	chr6	36968140	18056	-
MTCH2	chr11	47617316	25243	-
MTCL1	chr18	8705555	127223	+
MTCL2	chr20	36777446	86092	-
MTCL3	chr6	127472973	46362	-
MTCP1	chrX	155064033	7103	-
MTDH	chr8	97644183	86077	+
MTERF1	chr7	91870928	9774	-
MTERF2	chr12	106977276	9870	-
MTERF3	chr8	96239401	22209	-
MTERF4	chr2	241095570	6717	-
MTF1	chr1	37809573	50019	-
MTF2	chr1	93079282	59794	+
MTFMT	chr15	65001511	28128	-
MTFP1	chr22	30425767	3287	+
MTFR1	chr8	65644733	65829	+
MTFR1L	chr1	25819953	12985	+
MTFR2	chr6	136231033	19278	-
MTG1	chr10	133394156	28364	+
MTG2	chr20	62183027	20541	+
MTHFD1	chr14	64388352	71673	+
MTHFD1L	chr6	150865701	236186	+
MTHFD2	chr2	74198614	18951	+
MTHFD2L	chr4	74158117	144982	+
MTHFR	chr1	11785722	20242	-
MTHFS	chr15	79843546	53468	-
MTHFSD	chr16	86530185	25050	-
MTIF2	chr2	55236594	32637	-
MTIF3	chr13	27435642	14922	-
MTLN	chr2	110211528	1019	-
MTM1	chrX	150568620	104523	+
MTMR1	chrX	150693395	71713	+
MTMR10	chr15	30938940	52688	-
MTMR11	chr1	149928650	8229	-
MTMR12	chr5	32227006	85933	-
MTMR14	chr3	9649504	52889	+
MTMR2	chr11	95832879	91228	-
MTMR3	chr22	29883173	147695	+
MTMR4	chr17	58489536	25102	-
MTMR6	chr13	25246221	41267	-
MTMR7	chr8	17296793	116558	-
MTMR8	chrX	64268080	127372	-
MTMR9	chr8	11284815	43331	+
MTNAP1	chr17	73232432	16527	+
MTNR1A	chr4	186533654	21913	-
MTNR1B	chr11	92969650	13132	+
MTO1	chr6	73461736	47500	+
MTOR	chr1	11106534	156017	-
MTPAP	chr10	30309800	39478	-
MTPN	chr7	135926759	50600	-
MTR	chr1	236795291	108690	+
MTRES1	chr6	107028198	23388	+
MTREX	chr5	55307988	117591	+
MTRF1	chr13	41216368	47208	-
MTRF1L	chr6	152987361	15348	-
MTRFR	chr12	123233435	24525	+
MTRR	chr5	7869147	31966	+
MTSS1	chr8	124550783	177690	-
MTSS2	chr16	70661203	24850	-
MTTP	chr4	99574823	49174	+
MTURN	chr7	30134985	27777	+
MTUS1	chr8	17643801	157293	-
MTUS2	chr13	28820338	685609	+
MTX1	chr1	155208694	5129	+
MTX2	chr2	176269441	68584	+
MTX3	chr5	79976715	14547	-
MUC1	chr1	155185823	7086	-
MUC12	chr7	100969564	49372	+
MUC13	chr3	124905441	29310	-
MUC15	chr11	26559031	13232	-
MUC16	chr19	8848843	161566	-
MUC17	chr7	101020080	38779	+
MUC19	chr12	40393393	177364	+
MUC2	chr11	1074873	35635	+
MUC20	chr3	195720977	12574	+
MUC21	chr6	30983717	6186	+
MUC22	chr6	31010473	24929	+
MUC3A	chr7	100949533	18814	+
MUC4	chr3	195746770	65159	-
MUC5AC	chr11	1157952	43186	+
MUC5B	chr11	1223065	39107	+
MUC6	chr11	1012822	23896	-
MUC7	chr4	70472196	10801	+
MUCL1	chr12	54854515	3872	+
MUCL3	chr6	30940972	13249	+
MUL1	chr1	20499447	8704	-
MUS81	chr11	65860432	6007	+
MUSK	chr9	110668790	137768	+
MUSTN1	chr3	52833120	1899	-
MUTYH	chr1	45329241	10729	-
MVB12A	chr19	17420046	5286	+
MVB12B	chr9	126326828	180212	+
MVD	chr16	88651939	11152	-
MVK	chr12	109573793	24332	+
MVP	chr16	29820461	27560	+
MX1	chr21	41426238	32974	+
MX2	chr21	41362026	47367	+
MXD1	chr2	69915108	27837	+
MXD3	chr5	177307209	4689	-
MXD4	chr4	2247431	14678	-
MXI1	chr10	110207604	79761	+
MXRA5	chrX	3308564	38088	-
MXRA7	chr17	76679565	31400	-
MXRA8	chr1	1352690	5865	-
MYADM	chr19	53867882	8553	+
MYADML2	chr17	81939644	7589	-
MYB	chr6	135181307	37865	+
MYBBP1A	chr17	4538903	16481	-
MYBL1	chr8	66562174	51044	-
MYBL2	chr20	43667113	49369	+
MYBPC1	chr12	101594970	91058	+
MYBPC2	chr19	50432891	33430	+
MYBPC3	chr11	47331405	21297	-
MYBPH	chr1	203167810	8016	-
MYBPHL	chr1	109292364	14647	-
MYC	chr8	127736230	6721	+
MYCBP	chr1	38862492	10856	-
MYCBP2	chr13	77044656	282438	-
MYCBPAP	chr17	50508438	23063	+
MYCL	chr1	39895427	6490	-
MYCN	chr2	15940549	6455	+
MYCT1	chr6	152697896	26673	+
MYD88	chr3	38138660	4362	+
MYDGF	chr19	4657544	12798	-
MYEF2	chr15	48134631	43664	-
MYEOV	chr11	69294154	3133	+
MYF5	chr12	80716911	2760	+
MYF6	chr12	80707633	1841	+
MYG1	chr12	53299694	7483	+
MYH1	chr17	10492306	26236	-
MYH10	chr17	8474223	156502	-
MYH11	chr16	15703134	153894	-
MYH13	chr17	10300864	72142	-
MYH14	chr19	50203621	106919	+
MYH15	chr3	108380367	130229	-
MYH16	chr7	99272838	38286	+
MYH2	chr17	10521147	28511	-
MYH3	chr17	10628531	28778	-
MYH4	chr17	10443289	26270	-
MYH6	chr14	23381986	26287	-
MYH7	chr14	23412739	22921	-
MYH7B	chr20	34955867	46570	+
MYH8	chr17	10390321	31629	-
MYH9	chr22	36281279	106688	-
MYL1	chr2	210290149	25025	-
MYL10	chr7	101613329	15967	-
MYL11	chr16	30374801	3190	+
MYL12A	chr18	3247800	8436	+
MYL12B	chr18	3262132	16329	+
MYL2	chr12	110910844	9735	-
MYL3	chr3	46857871	5573	-
MYL4	chr17	47209347	14332	+
MYL5	chr4	674541	7487	+
MYL6	chr12	56158358	3221	+
MYL6B	chr12	56152586	5396	+
MYL7	chr7	44138863	2469	-
MYL9	chr20	36541518	9929	+
MYLIP	chr6	16129085	19163	+
MYLK	chr3	123610048	274284	-
MYLK2	chr20	31819355	15329	+
MYLK3	chr16	46702281	46063	-
MYLK4	chr6	2663636	87286	-
MYMK	chr9	133514585	10374	-
MYMX	chr6	44216925	1309	+
MYNN	chr3	169773395	16321	+
MYO10	chr5	16661906	274382	-
MYO15A	chr17	18108755	71045	+
MYO15B	chr17	75587799	39050	+
MYO16	chr13	108629610	578395	+
MYO18A	chr17	29071121	109277	-
MYO18B	chr22	25742187	288858	+
MYO19	chr17	36495635	39233	-
MYO1A	chr12	57028516	21613	-
MYO1B	chr2	191245403	179983	+
MYO1C	chr17	1464185	28501	-
MYO1D	chr17	32492521	384603	-
MYO1E	chr15	59132433	240438	-
MYO1F	chr19	8520777	56665	-
MYO1G	chr7	44962661	16354	-
MYO1H	chr12	109347899	100480	+
MYO3A	chr10	25934228	278304	+
MYO3B	chr2	170178146	477021	+
MYO5A	chr15	52307282	221598	-
MYO5B	chr18	49822788	372359	-
MYO5C	chr15	52192321	103483	-
MYO6	chr6	75749238	170299	+
MYO7A	chr11	77128245	86996	+
MYO7B	chr2	127535682	102044	+
MYO9A	chr15	71822290	295860	-
MYO9B	chr19	17075776	137510	+
MYOC	chr1	171635416	17272	-
MYOCD	chr17	12665889	103060	+
MYOCOS	chr1	171622242	4646	+
MYOD1	chr11	17719570	2566	+
MYOF	chr10	93306428	175906	-
MYOG	chr1	203083128	2884	-
MYOM1	chr18	3066806	153162	-
MYOM2	chr8	2045045	100411	+
MYOM3	chr1	24056040	56095	-
MYORG	chr9	34366665	10233	-
MYOT	chr5	137867859	19992	+
MYOZ1	chr10	73631611	9863	-
MYOZ2	chr4	119135831	51958	+
MYOZ3	chr5	150661250	18118	+
MYPN	chr10	68109487	102530	+
MYPOP	chr19	45890022	12591	-
MYRF	chr11	61752635	35883	+
MYRFL	chr12	69825226	133871	+
MYRIP	chr3	39809608	450713	+
MYSM1	chr1	58654742	45320	-
MYT1	chr20	64164451	77802	+
MYT1L	chr2	1789112	542163	-
MYZAP	chr15	57591903	93461	+
MZB1	chr5	139387466	2447	-
MZF1	chr19	58561931	11404	-
MZT1	chr13	72708366	19263	-
MZT2A	chr2	131483959	8438	-
MZT2B	chr2	130182261	8466	+
N4BP1	chr16	48538725	71455	-
N4BP2	chr4	40056849	101403	+
N4BP2L1	chr13	32400722	27408	-
N4BP2L2	chr13	32510291	28504	-
N4BP3	chr5	178113531	12550	+
NAA10	chrX	153929224	5813	-
NAA11	chr4	79316646	9415	-
NAA15	chr4	139301504	89880	+
NAA16	chr13	41311266	65764	+
NAA20	chr20	20017361	16294	+
NAA25	chr12	112026688	82095	-
NAA30	chr14	57390585	25321	+
NAA35	chr9	85941145	84317	+
NAA38	chr17	7856684	875	-
NAA40	chr11	63939001	18318	+
NAA50	chr3	113716457	29792	-
NAA60	chr16	3443679	43274	+
NAA80	chr3	50296401	3004	-
NAAA	chr4	75913659	27354	-
NAALAD2	chr11	90134662	58232	+
NAALADL1	chr11	65044817	13736	-
NAALADL2	chr3	174859333	951215	+
NAB1	chr2	190649082	43684	+
NAB2	chr12	57089113	6363	+
NABP1	chr2	191678135	8808	+
NABP2	chr12	56224341	5513	+
NACA	chr12	56712426	12873	-
NACA2	chr17	61590420	799	-
NACAD	chr7	45080436	8533	-
NACC1	chr19	13118263	22884	+
NACC2	chr9	136006536	88753	-
NADK	chr1	1751231	27239	-
NADK2	chr5	36192588	49337	-
NADSYN1	chr11	71453202	48614	+
NAE1	chr16	66802877	28099	-
NAF1	chr4	163128668	38222	-
NAGA	chr22	42058333	12479	-
NAGK	chr2	71068647	11161	+
NAGLU	chr17	42536240	8209	+
NAGPA	chr16	5024843	9092	-
NAGS	chr17	44004621	4447	+
NAIF1	chr9	128061232	6088	-
NAIP	chr5	70968165	57174	-
NALCN	chr13	101053775	362733	-
NALF1	chr13	107163509	703987	-
NALF2	chrX	69504325	28183	+
NAMPT	chr7	106248297	36686	-
NANOG	chr12	7789401	9745	+
NANOGNB	chr12	7765215	8906	+
NANOGP8	chr15	35083409	1886	-
NANOS1	chr10	119029713	4017	+
NANOS2	chr19	45913213	1565	-
NANOS3	chr19	13877133	3624	+
NANP	chr20	25612934	11080	-
NANS	chr9	98056731	26346	+
NAP1L1	chr12	76036584	48101	-
NAP1L2	chrX	73212298	2553	-
NAP1L3	chrX	93670929	2649	-
NAP1L4	chr11	2944436	47893	-
NAP1L5	chr4	88695912	1917	-
NAPA	chr19	47487636	27427	-
NAPB	chr20	23374521	46967	-
NAPEPLD	chr7	103099775	49324	-
NAPG	chr18	10526026	26738	+
NAPRT	chr8	143574784	3546	-
NAPSA	chr19	50358476	7163	-
NARF	chr17	82458740	31797	+
NARS1	chr18	57600655	21181	-
NARS2	chr11	78435967	138897	-
NASP	chr1	45584040	34853	+
NAT1	chr8	18210108	13581	+
NAT10	chr11	34105628	41280	+
NAT14	chr19	55485187	2379	+
NAT16	chr7	101170495	9798	-
NAT2	chr8	18391281	9937	+
NAT8	chr2	73640722	1700	-
NAT8L	chr4	2059326	9763	+
NAT9	chr17	74770528	5817	-
NATD1	chr17	21238869	14541	-
NAV1	chr1	201539126	287843	+
NAV2	chr11	19712836	408765	+
NAV3	chr12	77830893	382117	+
NAXD	chr13	110615544	24452	+
NAXE	chr1	156591775	2524	+
NBAS	chr2	15166915	394419	-
NBDY	chrX	56729242	89937	+
NBEA	chr13	34942269	730467	+
NBEAL1	chr2	203014874	210320	+
NBEAL2	chr3	46979665	30036	+
NBL1	chr1	19644310	14142	+
NBN	chr8	89933330	51337	-
NBPF1	chr1	16562426	51138	-
NBPF10	chr1	146064710	80094	-
NBPF11	chr1	148102150	50131	-
NBPF12	chr1	146938323	57875	+
NBPF14	chr1	148531384	64627	-
NBPF15	chr1	144421389	40280	-
NBPF19	chr1	149475044	81317	+
NBPF20	chr1	145290004	135599	-
NBPF26	chr1	120723944	118285	+
NBPF3	chr1	21440136	44764	+
NBPF4	chr1	108222463	21613	-
NBPF6	chr1	108450342	21578	+
NBPF8	chr1	120415034	54642	+
NBPF9	chr1	149052185	51366	-
NBR1	chr17	43171213	40475	+
NCALD	chr8	101686541	104428	-
NCAM1	chr11	112961419	317017	+
NCAM2	chr21	20998408	544921	+
NCAN	chr19	19211957	40276	+
NCAPD2	chr12	6494101	37854	+
NCAPD3	chr11	134150112	73855	-
NCAPG	chr4	17810978	33887	+
NCAPG2	chr7	158631168	73636	-
NCAPH	chr2	96335765	41326	+
NCAPH2	chr22	50508223	16557	+
NCBP1	chr9	97633820	39928	+
NCBP2	chr3	196935405	7123	-
NCBP2AS2	chr3	196942673	870	+
NCBP2L	chrX	107777732	18097	+
NCBP3	chr17	3802157	44089	-
NCCRP1	chr19	39196963	4921	+
NCDN	chr1	35557798	8981	+
NCEH1	chr3	172630248	80819	-
NCF1	chr7	74774010	15305	+
NCF2	chr1	183555561	34898	-
NCF4	chr22	36861005	17010	+
NCK1	chr3	136862207	89399	+
NCK2	chr2	105744911	149361	+
NCKAP1	chr2	182909114	129343	-
NCKAP1L	chr12	54497751	50492	+
NCKAP5	chr2	132671787	896676	-
NCKAP5L	chr12	49791151	37262	-
NCKIPSD	chr3	48673843	12072	-
NCL	chr2	231453530	10954	-
NCLN	chr19	3185929	23646	+
NCMAP	chr1	24556086	53242	+
NCOA1	chr2	24491253	279449	+
NCOA2	chr8	70109781	294027	-
NCOA3	chr20	47501886	154986	+
NCOA4	chr10	46005087	25536	-
NCOA5	chr20	46060990	28972	-
NCOA6	chr20	34714773	110878	-
NCOA7	chr6	125790959	141075	+
NCOR1	chr17	16029156	186378	-
NCOR2	chr12	124324414	243198	-
NCR1	chr19	54906147	6926	+
NCR2	chr6	41335607	15282	+
NCR3	chr6	31588894	4112	-
NCR3LG1	chr11	17351799	25542	+
NCS1	chr9	130172403	64900	+
NCSTN	chr1	160343382	15567	+
NDC1	chr1	53765477	72819	-
NDC80	chr18	2571556	45079	+
NDE1	chr16	15650244	76109	+
NDEL1	chr17	8435883	32280	+
NDFIP1	chr5	142108778	45662	+
NDFIP2	chr13	79481154	74923	+
NDN	chr15	23685399	1906	-
NDNF	chr4	121035612	36923	-
NDOR1	chr9	137205699	13662	+
NDP	chrX	43948775	24615	-
NDRG1	chr8	133237174	60078	-
NDRG2	chr14	21016771	8290	-
NDRG3	chr20	36651770	94320	-
NDRG4	chr16	58500142	13477	+
NDST1	chr5	150508130	50081	+
NDST2	chr10	73801915	9683	-
NDST3	chr4	118034485	224149	+
NDST4	chr4	114827762	285858	-
NDUFA1	chrX	119871831	4831	+
NDUFA10	chr2	239957371	67971	-
NDUFA11	chr19	5894674	9116	-
NDUFA12	chr12	94971332	32365	-
NDUFA13	chr19	19516224	11974	+
NDUFA2	chr5	140645284	2346	-
NDUFA3	chr19	54102854	4714	+
NDUFA5	chr7	123536996	20822	-
NDUFA6	chr22	42085525	5247	-
NDUFA7	chr19	8311283	10092	-
NDUFA8	chr9	122144057	15722	-
NDUFA9	chr12	4649113	45204	+
NDUFAB1	chr16	23581013	15303	-
NDUFAF1	chr15	41387352	15144	-
NDUFAF2	chr5	60945204	207822	+
NDUFAF3	chr3	49022120	1375	+
NDUFAF4	chr6	96889314	8577	-
NDUFAF5	chr20	13785027	36553	+
NDUFAF6	chr8	95024988	33722	+
NDUFAF7	chr2	37231657	17503	+
NDUFAF8	chr17	81239317	1993	+
NDUFB1	chr14	92116122	5584	-
NDUFB10	chr16	1959537	2438	+
NDUFB11	chrX	47142215	2487	-
NDUFB2	chr7	140696707	9936	+
NDUFB3	chr2	201072000	13750	+
NDUFB4	chr3	120596335	6172	+
NDUFB5	chr3	179604793	22854	+
NDUFB6	chr9	32553000	20159	-
NDUFB7	chr19	14566077	5989	-
NDUFB8	chr10	100523739	6132	-
NDUFB9	chr8	124539122	10857	+
NDUFC1	chr4	139289930	12547	-
NDUFC2	chr11	78068296	11566	-
NDUFS1	chr2	206114816	44628	-
NDUFS2	chr1	161202366	12029	+
NDUFS3	chr11	47579073	5489	+
NDUFS4	chr5	53560638	122700	+
NDUFS5	chr1	39026349	8266	+
NDUFS6	chr5	1801406	14642	+
NDUFS7	chr19	1383906	11678	+
NDUFS8	chr11	68030680	5964	+
NDUFV1	chr11	67606935	5619	+
NDUFV2	chr18	9102698	31643	+
NDUFV3	chr21	42893308	19991	+
NEAT1	chr11	65422797	22743	+
NEB	chr2	151485338	249138	-
NEBL	chr10	20779972	117339	-
NECAB1	chr8	90791774	167619	+
NECAB2	chr16	83968243	34533	+
NECAB3	chr20	33657086	17342	-
NECAP1	chr12	8082273	15608	+
NECAP2	chr1	16440723	19355	+
NECTIN1	chr11	119660991	68209	-
NECTIN2	chr19	44846296	42927	+
NECTIN3	chr3	111071815	65745	+
NECTIN4	chr1	161070997	18561	-
NEDD1	chr12	96907256	46524	+
NEDD4	chr15	55826921	166691	-
NEDD4L	chr18	58044225	357314	+
NEDD8	chr14	24216856	15511	-
NEDD9	chr6	11183297	49371	-
NEFH	chr22	29480217	11173	+
NEFL	chr8	24950954	5658	-
NEFM	chr8	24913760	5333	+
NEGR1	chr1	71395942	886597	-
NEIL1	chr15	75347038	10077	+
NEIL2	chr8	11769709	17636	+
NEIL3	chr4	177309873	53063	+
NEK1	chr4	169392808	219775	-
NEK10	chr3	27106483	262900	-
NEK11	chr3	131026876	323589	+
NEK2	chr1	211662771	12850	-
NEK3	chr13	52132646	26951	-
NEK4	chr3	52708443	62497	-
NEK5	chr13	52033610	95463	-
NEK6	chr9	124257948	95359	+
NEK7	chr1	198156997	165423	+
NEK8	chr17	28728787	14668	+
NEK9	chr14	75079352	47696	-
NELFA	chr4	1982722	26252	-
NELFB	chr9	137255326	18216	+
NELFCD	chr20	58981255	13858	+
NELFE	chr6	31952086	6885	-
NELL1	chr11	20669585	906101	+
NELL2	chr12	44508277	368038	-
NEMF	chr14	49782082	70706	-
NEMP1	chr12	57055642	23149	-
NEMP2	chr2	190504337	30385	-
NENF	chr1	212432919	13460	+
NEO1	chr15	73052462	252743	+
NES	chr1	156668762	8645	-
NET1	chr10	5412556	46500	+
NETO1	chr18	72743755	124232	-
NETO2	chr16	47077702	66243	-
NEU1	chr6	31857658	5163	-
NEU2	chr2	233032671	2386	+
NEU3	chr11	74988932	21975	+
NEU4	chr2	241809192	8221	+
NEURL1	chr10	103493704	98842	+
NEURL1B	chr5	172641262	50278	+
NEURL2	chr20	45888633	2575	-
NEURL3	chr2	96497645	7712	-
NEURL4	chr17	7315627	13708	-
NEUROD1	chr2	181676466	4051	-
NEUROD2	chr17	39603767	4153	-
NEUROD4	chr12	55019973	10044	+
NEUROD6	chr7	31337464	3262	-
NEUROG1	chr5	135534281	1683	-
NEUROG2	chr4	112513515	2665	-
NEUROG3	chr10	69571697	1725	-
NEXMIF	chrX	74732855	192597	-
NEXN	chr1	77888623	55272	+
NF1	chr17	31094976	282699	+
NF2	chr22	29603632	94966	+
NFAM1	chr22	42380406	51997	-
NFASC	chr1	204828651	194171	+
NFAT5	chr16	69565965	138689	+
NFATC1	chr18	79395929	133394	+
NFATC2	chr20	51386962	155757	-
NFATC2IP	chr16	28950936	16156	+
NFATC3	chr16	68085369	143890	+
NFATC4	chr14	24368183	11418	+
NFE2	chr12	54292110	8905	-
NFE2L1	chr17	48048358	13187	+
NFE2L2	chr2	177230307	34420	-
NFE2L3	chr7	26152197	34940	+
NFIA	chr1	61082560	380228	+
NFIB	chr9	14081847	232294	-
NFIB-AS1	chr9	14317086	41478	+
NFIC	chr19	3366582	102635	+
NFIL3	chr9	91409044	14788	-
NFILZ	chr19	8630632	50519	+
NFIX	chr19	12995474	103322	+
NFKB1	chr4	102501358	115944	+
NFKB2	chr10	102395704	6820	+
NFKBIA	chr14	35401512	3237	-
NFKBIB	chr19	38899968	8921	+
NFKBID	chr19	35887951	12589	-
NFKBIE	chr6	44258165	7386	-
NFKBIL1	chr6	31547607	11222	+
NFKBIZ	chr3	101849513	11509	+
NFRKB	chr11	129863635	31943	-
NFS1	chr20	35668051	31301	-
NFU1	chr2	69396125	41310	-
NFX1	chr9	33290515	80642	+
NFXL1	chr4	47847239	67344	-
NFYA	chr6	41072973	29430	+
NFYB	chr12	104117085	21125	-
NFYC	chr1	40691703	79900	+
NGB	chr14	77265482	5724	-
NGDN	chr14	23469702	8471	+
NGEF	chr2	232878700	134556	-
NGF	chr1	115285916	52333	-
NGFR	chr17	49495292	19716	+
NGLY1	chr3	25718943	64500	-
NGRN	chr15	90265671	6540	+
NHEJ1	chr2	219069356	91459	-
NHERF1	chr17	74748627	20726	+
NHERF2	chr16	2026901	12125	+
NHERF4	chr11	119185474	4739	+
NHLH1	chr1	160367070	5776	+
NHLH2	chr1	115836376	4750	-
NHLRC1	chr6	18120439	2238	-
NHLRC2	chr10	113854660	62534	+
NHLRC3	chr13	39038455	11654	+
NHLRC4	chr16	567004	2491	+
NHP2	chr5	178149462	4423	-
NHS	chrX	17375199	360795	+
NHSL1	chr6	138422042	77452	-
NHSL2	chrX	71910844	242442	+
NHSL3	chr1	32741829	33141	+
NIBAN1	chr1	184791031	183477	-
NIBAN2	chr9	127505342	63731	-
NIBAN3	chr19	17527266	26374	+
NICN1	chr3	49422332	6992	-
NICOL1	chr4	2041994	1970	+
NID1	chr1	235975829	89261	-
NID2	chr14	52004808	64251	-
NIF3L1	chr2	200889370	14555	+
NIFK	chr2	121726944	9931	-
NIM1K	chr5	43192224	88626	+
NIN	chr14	50719762	111400	-
NINJ1	chr9	93121495	12756	-
NINJ2	chr12	564295	99150	-
NINL	chr20	25452696	132835	-
NIP7	chr16	69339771	3335	+
NIPA1	chr15	22786643	43146	+
NIPA2	chr15	22838665	29719	+
NIPAL1	chr4	48016771	23402	+
NIPAL2	chr8	98189825	104410	-
NIPAL3	chr1	24415801	57175	+
NIPAL4	chr5	157460212	14510	+
NIPBL	chr5	36876768	189645	+
NIPSNAP1	chr22	29554807	26306	-
NIPSNAP2	chr7	55964584	35595	+
NIPSNAP3A	chr9	104747682	12438	+
NIPSNAP3B	chr9	104764128	13636	+
NISCH	chr3	52455603	37465	+
NIT1	chr1	161118104	3090	+
NIT2	chr3	100334756	26879	+
NKAIN1	chr1	31179744	60143	-
NKAIN2	chr6	123803864	1021776	+
NKAIN3	chr8	62248853	736051	+
NKAIN4	chr20	63240783	13680	-
NKAP	chrX	119920671	23080	-
NKAPD1	chr11	112074298	10852	+
NKAPL	chr6	28259296	1662	+
NKD1	chr16	50548395	100854	+
NKD2	chr5	1008801	30142	+
NKG7	chr19	51371619	1035	-
NKIRAS1	chr3	23889950	27040	-
NKIRAS2	chr17	42020089	5552	+
NKPD1	chr19	45149743	11239	-
NKRF	chrX	119588336	18088	-
NKTR	chr3	42600685	48050	+
NKX1-1	chr4	1402931	3511	-
NKX1-2	chr10	124445242	4793	-
NKX2-1	chr14	36516396	3836	-
NKX2-2	chr20	21511016	3048	-
NKX2-3	chr10	99532941	3583	+
NKX2-4	chr20	21395364	2162	-
NKX2-5	chr5	173232108	3098	-
NKX2-6	chr8	23701739	5017	-
NKX2-8	chr14	36580003	2611	-
NKX3-1	chr8	23678696	4242	-
NKX3-2	chr4	13540829	3679	-
NKX6-1	chr4	84491984	7308	-
NKX6-2	chr10	132783180	2967	-
NKX6-3	chr8	41645176	5641	-
NLE1	chr17	35128729	13574	-
NLGN1	chr3	173397743	896629	+
NLGN2	chr17	7407844	12016	+
NLGN3	chrX	71144840	26361	+
NLGN4X	chrX	5890041	338826	-
NLGN4Y	chrY	14524528	321126	+
NLK	chr17	28042676	153705	+
NLN	chr5	65722204	107079	+
NLRC3	chr16	3539032	38371	-
NLRC4	chr2	32224452	40434	-
NLRC5	chr16	56989556	93964	+
NLRP1	chr17	5514117	70392	-
NLRP10	chr11	7957536	7911	-
NLRP11	chr19	55785398	46601	-
NLRP12	chr19	53793740	30574	-
NLRP13	chr19	55895944	36392	-
NLRP14	chr11	7020478	51048	+
NLRP2	chr19	54966373	34765	+
NLRP2B	chrX	57677066	3194	-
NLRP3	chr1	247416172	32645	+
NLRP4	chr19	55836539	45316	+
NLRP5	chr19	55986774	75036	+
NLRP6	chr11	278406	6982	+
NLRP7	chr19	54923514	24016	-
NLRP8	chr19	55947831	33327	+
NLRP9	chr19	55708437	29965	-
NLRX1	chr11	119168724	15292	+
NMB	chr15	84655131	3068	-
NMBR	chr6	142074483	72639	-
NMD3	chr3	161221310	30997	+
NME1	chr17	51153558	8610	+
NME2	chr17	51166410	5334	+
NME3	chr16	1770319	1224	-
NME4	chr16	397198	3556	+
NME5	chr5	138115174	24254	-
NME6	chr3	48292316	9051	-
NME7	chr1	169132530	235267	-
NME8	chr7	37848596	51801	+
NME9	chr3	138300998	28853	-
NMI	chr2	151270469	19199	-
NMNAT1	chr1	9943474	42024	+
NMNAT2	chr1	183248236	170144	-
NMNAT3	chr3	139560190	117782	-
NMRAL1	chr16	4461693	12932	-
NMRK1	chr9	75060576	27579	-
NMRK2	chr19	3933068	9348	+
NMS	chr2	100470481	12799	+
NMT1	chr17	45061316	47700	+
NMT2	chr10	15105769	62924	-
NMU	chr4	55595230	41068	-
NMUR1	chr2	231523186	7259	-
NMUR2	chr5	152391545	13734	-
NNAT	chr20	37521249	2441	+
NNMT	chr11	114296398	17138	+
NNT	chr5	43603179	104217	+
NOA1	chr4	56963349	14257	-
NOB1	chr16	69741870	13056	-
NOBOX	chr7	144396893	6800	-
NOC2L	chr1	944202	15054	-
NOC3L	chr10	94333225	29714	-
NOC4L	chr12	132144456	8012	+
NOCT	chr4	139015780	30159	+
NOD1	chr7	30424526	54258	-
NOD2	chr16	50693605	39470	+
NODAL	chr10	70431935	9746	-
NOG	chr17	56593698	1913	+
NOL10	chr2	10570753	119222	-
NOL11	chr17	67717935	26596	+
NOL12	chr22	37686342	7132	+
NOL3	chr16	67170537	5200	+
NOL4	chr18	33851099	373814	-
NOL4L	chr20	32443058	142275	-
NOL6	chr9	33461352	12572	-
NOL7	chr6	13615334	6378	+
NOL8	chr9	92297357	27993	-
NOL9	chr1	6521346	33167	-
NOLC1	chr10	102152388	11482	+
NOM1	chr7	156949711	23465	+
NOMO1	chr16	14833720	62437	+
NOMO2	chr16	18499926	62171	-
NOMO3	chr16	16232527	62284	+
NONO	chrX	71283634	17534	+
NOP10	chr15	34341718	1418	-
NOP14	chr4	2937935	25471	-
NOP16	chr5	176383945	4653	-
NOP2	chr12	6556870	11421	-
NOP53	chr19	47745545	11513	+
NOP56	chr20	2652631	5762	+
NOP58	chr2	202265762	37899	+
NOP9	chr14	24299849	9275	+
NOPCHAP1	chr12	104986315	31310	+
NOS1	chr12	117208141	153485	-
NOS1AP	chr1	162069690	300785	+
NOS2	chr17	27756765	43764	-
NOS3	chr7	150991016	23572	+
NOSIP	chr19	49555467	25089	-
NOSTRIN	chr2	168802636	62878	+
NOTCH1	chr9	136494432	51616	-
NOTCH2	chr1	119911552	158110	-
NOTCH2NLA	chr1	146148864	80157	-
NOTCH2NLB	chr1	148600284	79462	-
NOTCH2NLC	chr1	149390620	81213	+
NOTCH2NLR	chr1	120723944	70907	+
NOTCH3	chr19	15159037	41958	-
NOTCH4	chr6	32194842	29225	-
NOTO	chr2	73202573	9940	+
NOTUM	chr17	81952506	8681	-
NOVA1	chr14	26443089	154944	-
NOVA2	chr19	45933733	40132	-
NOX1	chrX	100843323	31036	-
NOX3	chr6	155395367	60472	-
NOX4	chr11	89324352	167023	-
NOX5	chr15	69014694	48068	+
NOXA1	chr9	137423392	11014	+
NOXO1	chr16	1978916	2553	-
NOXRED1	chr14	77394020	29503	-
NPAP1	chr15	24675774	7619	+
NPAS1	chr19	47019836	25939	+
NPAS2	chr2	100820138	176691	+
NPAS3	chr14	32938878	865295	+
NPAS4	chr11	66421034	5673	+
NPAT	chr11	108157214	65424	-
NPB	chr17	81902237	668	+
NPBWR1	chr8	52939181	4553	+
NPBWR2	chr20	64103801	3764	-
NPC1	chr18	23531441	55065	-
NPC1L1	chr7	44512534	28796	-
NPC2	chr14	74479939	13366	-
NPDC1	chr9	137039462	6715	-
NPEPL1	chr20	58692799	23045	+
NPEPPS	chr17	47531107	92169	+
NPFF	chr12	53506687	797	-
NPFFR1	chr10	70247328	36676	-
NPFFR2	chr4	72031999	116306	+
NPHP1	chr2	110123347	81666	-
NPHP3	chr3	132680608	41801	-
NPHP4	chr1	5862810	129615	-
NPHS1	chr19	35825371	27133	-
NPHS2	chr1	179550538	25410	-
NPIPA1	chr16	14937442	14614	+
NPIPA2	chr16	14742532	22930	+
NPIPA3	chr16	14703410	22932	+
NPIPA5	chr16	15363627	14667	-
NPIPA6	chr16	16331876	18732	+
NPIPA7	chr16	16379139	14833	+
NPIPA8	chr16	18317918	18818	-
NPIPA9	chr16	18358089	18750	-
NPIPB11	chr16	29381309	25402	-
NPIPB12	chr16	29483533	22875	-
NPIPB13	chr16	30222896	25583	-
NPIPB15	chr16	74376305	15810	+
NPIPB2	chr16	11927372	14673	-
NPIPB3	chr16	21402128	23250	-
NPIPB4	chr16	21834581	23175	-
NPIPB5	chr16	22510890	25645	+
NPIPB6	chr16	28342516	20992	-
NPIPB7	chr16	28456328	16008	-
NPIPB8	chr16	28638064	20680	+
NPIPB9	chr16	28751786	21078	+
NPL	chr1	182789772	40612	+
NPLOC4	chr17	81556886	80226	-
NPM1	chr5	171387848	23052	+
NPM2	chr8	22024133	12764	+
NPM3	chr10	101781324	2122	-
NPNT	chr4	105895470	76201	+
NPPA	chr1	11845708	2075	-
NPPB	chr1	11857463	1482	-
NPPC	chr2	231921808	4588	-
NPR1	chr1	153678687	15305	+
NPR2	chr9	35791590	18141	+
NPR3	chr5	32711320	80400	+
NPRL2	chr3	50347329	3446	-
NPRL3	chr16	85385	53288	-
NPS	chr10	127549308	4232	+
NPSR1	chr7	34658217	191761	+
NPTN	chr15	73560013	73376	-
NPTX1	chr17	80466833	9774	-
NPTX2	chr7	98617284	12585	+
NPTXR	chr22	38818451	25577	-
NPVF	chr7	25224569	3917	-
NPW	chr16	2019784	971	+
NPY	chr7	24284189	7673	+
NPY1R	chr4	163323961	8635	-
NPY2R	chr4	155208635	8441	+
NPY4R	chr10	46461098	4860	-
NPY4R2	chr10	47918661	4863	+
NPY5R	chr4	163343891	8043	+
NQO1	chr16	69709400	17160	-
NQO2	chr6	2999893	19862	+
NR0B1	chrX	30304205	5185	-
NR0B2	chr1	26911488	2487	-
NR1D1	chr17	40092792	7797	-
NR1D2	chr3	23945285	35332	+
NR1H2	chr19	50376456	6932	+
NR1H3	chr11	47257995	11038	+
NR1H4	chr12	100473865	90549	+
NR1I2	chr3	119782100	36387	+
NR1I3	chr1	161229668	8535	-
NR2C1	chr12	95020228	53390	-
NR2C2	chr3	14947582	101691	+
NR2C2AP	chr19	19201408	2006	-
NR2E1	chr6	108166021	22784	+
NR2E3	chr15	71810553	7700	+
NR2F1	chr5	93583221	11390	+
NR2F1-AS1	chr5	93409355	171864	-
NR2F2	chr15	96330699	9559	+
NR2F6	chr19	17231882	14037	-
NR3C1	chr5	143277933	125753	-
NR3C2	chr4	148078763	363651	-
NR4A1	chr12	52051441	8062	+
NR4A2	chr2	156324436	8285	-
NR4A3	chr9	99821884	45007	+
NR5A1	chr9	124481235	26164	-
NR5A2	chr1	200027709	149706	+
NR6A1	chr9	124517274	254037	-
NRAP	chr10	113588713	75328	-
NRARP	chr9	137299630	2641	-
NRAS	chr1	114704468	12303	-
NRBF2	chr10	63133327	21697	+
NRBP1	chr2	27428630	13629	+
NRBP2	chr8	143833582	7391	-
NRCAM	chr7	108147648	308788	-
NRDC	chr1	51789209	89518	-
NRDE2	chr14	90267859	64082	-
NREP	chr5	111729302	27892	-
NRF1	chr7	129611719	145357	+
NRG1	chr8	32548310	225736	+
NRG2	chr5	139846780	196519	-
NRG3	chr10	81875193	1111985	+
NRG4	chr15	75940935	71489	-
NRGN	chr11	124739941	7269	+
NRIP1	chr21	14961234	103766	-
NRIP2	chr12	2825347	9688	-
NRIP3	chr11	8980575	23426	-
NRK	chrX	105822538	136072	+
NRL	chr14	24078661	36288	-
NRM	chr6	30688048	2936	-
NRN1	chr6	5997998	8927	-
NRN1L	chr16	67884884	1484	+
NRP1	chr10	33177492	157175	-
NRP2	chr2	205682500	115631	+
NRROS	chr3	196639693	22311	+
NRSN1	chr6	24126214	21316	+
NRSN2	chr20	347110	7752	+
NRTN	chr19	5805066	23258	+
NRXN1	chr2	49918502	1113630	-
NRXN2	chr11	64606173	117024	-
NRXN3	chr14	78170372	1697919	+
NSA2	chr5	74767248	12865	+
NSD1	chr5	177133772	166441	+
NSD2	chr4	1871392	110800	+
NSD3	chr8	38269703	112568	-
NSDHL	chrX	152831062	38667	+
NSF	chr17	46590668	166796	+
NSFL1C	chr20	1442165	24684	-
NSG1	chr4	4387101	31957	+
NSG2	chr5	174045705	63474	+
NSL1	chr1	212726152	65625	-
NSMAF	chr8	58583507	76346	-
NSMCE1	chr16	27224993	43779	-
NSMCE2	chr8	125091859	275261	+
NSMCE3	chr15	29264988	4834	-
NSMCE4A	chr10	121957090	18127	-
NSMF	chr9	137447569	11765	-
NSRP1	chr17	30116815	69660	+
NSUN2	chr5	6599238	33806	-
NSUN3	chr3	94063060	68772	+
NSUN4	chr1	46340806	24212	+
NSUN5	chr7	73302515	6311	-
NSUN6	chr10	18545560	106027	-
NSUN7	chr4	40749954	61230	+
NT5C	chr17	75130227	1515	-
NT5C1A	chr1	39651228	20879	-
NT5C1B	chr2	18562870	26699	-
NT5C2	chr10	103088037	105235	-
NT5C3A	chr7	33014129	48647	-
NT5C3B	chr17	41825056	11176	-
NT5DC1	chr6	116100852	148645	+
NT5DC2	chr3	52524386	9471	-
NT5DC3	chr12	103772309	68925	-
NT5DC4	chr2	112721019	18076	+
NT5E	chr6	85450082	45702	+
NT5M	chr17	17303372	44291	+
NTAN1	chr16	15037856	18218	-
NTAQ1	chr8	123416773	25467	+
NTF3	chr12	5432107	63192	+
NTF4	chr19	49061127	3691	-
NTHL1	chr16	2039819	8015	-
NTM	chr11	131370614	966208	+
NTMT1	chr9	129626162	9973	+
NTMT2	chr1	170145958	22908	+
NTN1	chr17	9021509	222491	+
NTN3	chr16	2471296	2849	+
NTN4	chr12	95657806	132958	-
NTN5	chr19	48661406	11611	-
NTNG1	chr1	107141038	343885	+
NTNG2	chr9	132162057	82469	+
NTPCR	chr1	232950610	33272	+
NTRK1	chr1	156860864	20986	+
NTRK2	chr9	84669728	357326	+
NTRK3	chr15	87859750	396989	-
NTS	chr12	85874294	8698	+
NTSR1	chr20	62708835	53936	+
NTSR2	chr2	11658177	12018	-
NUAK1	chr12	106063344	75610	-
NUAK2	chr1	205302062	19683	-
NUB1	chr7	151341811	36638	+
NUBP1	chr16	10743841	25510	+
NUBP2	chr16	1782959	6227	+
NUBPL	chr14	31561403	299821	+
NUCB1	chr19	48900311	23061	+
NUCB2	chr11	17276738	55473	+
NUCKS1	chr1	205712821	37361	-
NUDC	chr1	26921742	25129	+
NUDCD1	chr8	109240918	93169	-
NUDCD2	chr5	163446525	13577	-
NUDCD3	chr7	44379118	111540	-
NUDT1	chr7	2242225	8920	+
NUDT10	chrX	51332821	4704	+
NUDT11	chrX	51490010	6582	-
NUDT12	chr5	103548854	13935	-
NUDT13	chr10	73110454	21369	+
NUDT14	chr14	105172938	8374	-
NUDT15	chr13	48037725	9496	+
NUDT16	chr3	131381773	7057	+
NUDT16L1	chr16	4693561	2283	+
NUDT17	chr1	145845629	3325	+
NUDT18	chr8	22106877	2542	-
NUDT19	chr19	32691820	21972	+
NUDT2	chr9	34329568	14131	+
NUDT21	chr16	56429132	22200	-
NUDT22	chr11	64226273	3743	+
NUDT3	chr6	34279678	112991	-
NUDT4	chr12	93377924	30222	+
NUDT4B	chr1	148748773	3642	+
NUDT5	chr10	12165329	30562	-
NUDT6	chr4	122892576	30021	-
NUDT7	chr16	77722513	19747	+
NUDT8	chr11	67627937	2000	-
NUDT9	chr4	87422572	36883	+
NUF2	chr1	163321953	33806	+
NUFIP1	chr13	44939248	50223	-
NUFIP2	chr17	29255838	38310	-
NUGGC	chr8	28021963	61973	-
NUMA1	chr11	72002863	77679	-
NUMB	chr14	73275215	183331	-
NUMBL	chr19	40665904	24747	-
NUP107	chr12	68686977	58832	+
NUP133	chr1	229440258	68083	-
NUP153	chr6	17615036	91889	-
NUP155	chr5	37288136	82970	-
NUP160	chr11	47778117	70233	-
NUP188	chr9	128947698	59398	+
NUP205	chr7	135557916	90837	+
NUP210	chr3	13316234	104088	-
NUP210L	chr1	153992689	162384	-
NUP214	chr9	131125585	109078	+
NUP35	chr2	183124442	37238	+
NUP37	chr12	102073102	47012	-
NUP42	chr7	23182047	18959	+
NUP43	chr6	149724314	22215	-
NUP50	chr22	45163924	24093	+
NUP54	chr4	76114663	33734	-
NUP58	chr13	25301624	40797	+
NUP62	chr19	49906824	22680	-
NUP62CL	chrX	107123426	83007	-
NUP85	chr17	75205678	30080	+
NUP88	chr17	5384832	34830	-
NUP93	chr16	56730128	120158	+
NUP98	chr11	3675018	122536	-
NUPR1	chr16	28532707	6267	-
NUPR2	chr7	56114680	1737	-
NUS1	chr6	117675468	35259	+
NUSAP1	chr15	41332880	48166	+
NUTF2	chr16	67846932	25635	+
NUTM1	chr15	34343314	14421	+
NUTM2A	chr10	87225447	9531	+
NUTM2B	chr10	79703226	9532	+
NUTM2D	chr10	87357743	9452	+
NUTM2E	chr10	79826738	24140	+
NUTM2F	chr9	94318197	10447	-
NUTM2G	chr9	96928842	10574	+
NVL	chr1	224227344	102828	-
NWD1	chr19	16719846	98107	+
NWD2	chr4	37244742	204721	+
NXF1	chr11	62792129	13311	-
NXF2	chrX	102247166	79556	+
NXF2B	chrX	102360394	79614	-
NXF3	chrX	103075809	17334	-
NXN	chr17	799309	180467	-
NXNL1	chr19	17455424	5502	-
NXNL2	chr9	88535177	9796	+
NXPE1	chr11	114518933	40948	-
NXPE2	chr11	114678526	28543	+
NXPE3	chr3	101779210	49021	+
NXPE4	chr11	114570590	25196	-
NXPH1	chr7	8433608	319353	+
NXPH2	chr2	138669156	111234	-
NXPH3	chr17	49575870	7957	+
NXPH4	chr12	57216793	9656	+
NXT1	chr20	23350790	3981	+
NXT2	chrX	109536843	7855	+
NYAP1	chr7	100483926	10876	+
NYAP2	chr2	225399709	303945	+
NYNRIN	chr14	24399002	20281	+
NYX	chrX	41447342	28310	+
OAF	chr11	120211031	19303	+
OARD1	chr6	41064771	7585	-
OAS1	chr12	112906961	12942	+
OAS2	chr12	112978518	33205	+
OAS3	chr12	112938473	34778	+
OASL	chr12	121019110	20136	-
OAT	chr10	124397302	21621	-
OAZ1	chr19	2269485	4003	+
OAZ2	chr15	64687573	15708	-
OAZ3	chr1	151766654	4676	+
OBI1	chr13	78614288	44867	-
OBP2A	chr9	135546125	3844	+
OBP2B	chr9	133205278	3972	-
OBSCN	chr1	228208043	170833	+
OBSL1	chr2	219550727	20812	-
OC90	chr8	132024215	35167	-
OCA2	chr15	27754874	344441	-
OCEL1	chr19	17226225	2994	+
OCIAD1	chr4	48831087	30728	+
OCIAD2	chr4	48885018	21756	-
OCLN	chr5	69492789	65315	+
OCM	chr7	5880797	5566	+
OCM2	chr7	97984686	5510	-
OCRL	chrX	129540258	52298	+
OCSTAMP	chr20	46540945	9709	-
ODAD1	chr19	48296461	25510	-
ODAD2	chr10	27812167	186912	-
ODAD3	chr19	11420604	14517	-
ODAD4	chr17	41930616	35887	+
ODAM	chr4	70195724	8852	+
ODAPH	chr4	75556065	8752	+
ODC1	chr2	10439967	8360	-
ODF1	chr8	102551588	9430	+
ODF2	chr9	128456005	45287	+
ODF2L	chr1	86346836	49487	-
ODF4	chr17	8339839	6207	+
ODR4	chr1	186375837	45538	+
OFD1	chrX	13734747	34610	+
OGA	chr10	101784449	33995	-
OGDH	chr7	44606626	102440	+
OGDHL	chr10	49734640	27683	-
OGFOD1	chr16	56451553	27551	+
OGFOD2	chr12	122975243	4799	+
OGFOD3	chr17	82389209	29377	-
OGFR	chr20	62804834	9166	+
OGFRL1	chr6	71288810	20249	+
OGG1	chr3	9749951	7456	+
OGN	chr9	92383267	21311	-
OGT	chrX	71533103	42789	+
OIP5	chr15	41309272	23319	-
OIT3	chr10	72893738	39298	+
OLA1	chr2	174072446	176086	-
OLAH	chr10	15043942	29911	+
OLFM1	chr9	135087667	33513	+
OLFM2	chr19	9853717	82798	-
OLFM3	chr1	101802559	194367	-
OLFM4	chr13	53028812	23245	+
OLFML1	chr11	7485505	25872	+
OLFML2A	chr9	124777132	37750	+
OLFML2B	chr1	161983191	40678	-
OLFML3	chr1	113979473	2780	+
OLIG1	chr21	33070140	2273	+
OLIG2	chr21	33025934	3251	+
OLIG3	chr6	137492198	2196	-
OLR1	chr12	10158300	13832	-
OMA1	chr1	58480718	66008	-
OMD	chr9	92412379	12092	-
OMG	chr17	31294646	2593	-
OMP	chr11	77102839	492	+
ONECUT1	chr15	52755052	35284	-
ONECUT2	chr18	57435373	55925	+
ONECUT3	chr19	1753505	27483	+
OOEP	chr6	73368554	1343	-
OOSP1	chr11	59938431	19049	+
OOSP2	chr11	60040408	7636	+
OOSP3	chr11	59878781	17702	+
OOSP4A	chr11	59964032	6311	+
OOSP4B	chr11	60017180	13915	+
OPA1	chr3	193593207	104604	+
OPA3	chr19	45546280	38522	-
OPALIN	chr10	96343220	15782	-
OPCML	chr11	132414980	1117521	-
OPHN1	chrX	68042343	391152	-
OPLAH	chr8	144051265	9427	-
OPN1LW	chrX	154144242	14790	+
OPN1MW	chrX	154182595	14266	+
OPN1MW2	chrX	154219755	13531	+
OPN1MW3	chrX	154257581	13509	+
OPN1SW	chr7	128772484	3310	-
OPN3	chr1	241593123	47246	-
OPN4	chr10	86654546	11914	+
OPN5	chr6	47782031	44350	+
OPRD1	chr1	28812169	59098	+
OPRK1	chr8	53225723	25914	-
OPRL1	chr20	64080081	20552	+
OPRM1	chr6	154039239	93117	+
OPRPN	chr4	70397939	12256	+
OPTC	chr1	203494152	14797	+
OPTN	chr10	13100162	38146	+
OR10A2	chr11	6863056	11661	+
OR10A3	chr11	7937170	4538	-
OR10A4	chr11	6876624	995	+
OR10A5	chr11	6845682	954	+
OR10A6	chr11	7924591	6677	-
OR10A7	chr12	55221024	951	+
OR10AD1	chr12	48202338	954	-
OR10AG1	chr11	55965754	4191	-
OR10C1	chr6	29439305	1672	+
OR10D3	chr11	124183344	5436	+
OR10G2	chr14	21633835	1105	-
OR10G3	chr14	21568519	11557	-
OR10G4	chr11	124012996	5736	+
OR10G6	chr11	123994162	999	-
OR10G7	chr11	124036012	5313	-
OR10G8	chr11	124026797	3837	+
OR10G9	chr11	124023012	936	+
OR10H1	chr19	15804548	11116	-
OR10H2	chr19	15728023	1029	+
OR10H3	chr19	15737984	4359	+
OR10H4	chr19	15949007	951	+
OR10H5	chr19	15787660	12697	+
OR10J1	chr1	159439721	1246	+
OR10J5	chr1	159535077	930	-
OR10K1	chr1	158461833	5625	+
OR10K2	chr1	158418209	8028	-
OR10P1	chr12	55636891	942	+
OR10Q1	chr11	58227881	1037	-
OR10R2	chr1	158472219	8717	+
OR10S1	chr11	123976660	1121	-
OR10T2	chr1	158398521	945	-
OR10V1	chr11	59712915	930	-
OR10W1	chr11	58266791	1469	-
OR10X1	chr1	158578918	981	-
OR10Z1	chr1	158605267	7247	+
OR11A1	chr6	29425503	31568	-
OR11G2	chr14	20190895	10180	+
OR11H1	chr22	15528191	948	+
OR11H12	chr14	18601116	981	+
OR11H2	chr14	19712935	948	-
OR11H4	chr14	20239285	5064	+
OR11H6	chr14	20223709	993	+
OR11L1	chr1	247840927	969	-
OR12D2	chr6	29395630	2378	+
OR12D3	chr6	29373422	1869	-
OR13A1	chr10	45302649	12959	-
OR13C2	chr9	104604670	957	-
OR13C3	chr9	104535748	1108	-
OR13C4	chr9	104526252	957	-
OR13C5	chr9	104598456	957	-
OR13C8	chr9	104569167	963	+
OR13C9	chr9	104617247	957	-
OR13D1	chr9	104694517	945	+
OR13F1	chr9	104504262	960	+
OR13G1	chr1	247670811	8928	-
OR13H1	chrX	131544073	927	+
OR13J1	chr9	35869462	939	-
OR14A16	chr1	247814659	9460	-
OR14A2	chr1	247722956	25185	-
OR14C36	chr1	248348774	939	+
OR14I1	chr1	248678137	24629	-
OR14J1	chr6	29301700	11317	+
OR14K1	chr1	247738614	945	+
OR14L1	chr1	247617142	5230	+
OR1A1	chr17	3207666	11230	+
OR1A2	chr17	3197518	930	+
OR1B1	chr9	122628124	29503	-
OR1C1	chr1	247754845	5711	-
OR1D2	chr17	3088483	15939	-
OR1D5	chr17	3062668	939	-
OR1E1	chr17	3397103	1307	-
OR1E2	chr17	3432869	972	-
OR1F1	chr16	3188203	18353	+
OR1G1	chr17	3126609	942	-
OR1I1	chr19	15082210	10760	+
OR1J1	chr9	122476957	969	-
OR1J2	chr9	122510801	942	+
OR1J4	chr9	122519140	942	+
OR1K1	chr9	122800122	951	+
OR1L1	chr9	122661715	933	+
OR1L3	chr9	122675129	975	+
OR1L4	chr9	122723989	936	+
OR1L6	chr9	122742302	8481	+
OR1L8	chr9	122567116	16268	-
OR1M1	chr19	9087060	8609	+
OR1N1	chr9	122526357	936	-
OR1N2	chr9	122553111	1103	+
OR1Q1	chr9	122614737	945	+
OR1R1	chr17	3385929	945	+
OR1S1	chr11	58212719	3365	+
OR1S2	chr11	58203203	939	-
OR2A1	chr7	144312418	10319	+
OR2A12	chr7	144086277	12676	+
OR2A14	chr7	144123175	8013	+
OR2A2	chr7	144109582	957	+
OR2A25	chr7	144069810	6060	+
OR2A4	chr6	131699643	1758	-
OR2A42	chr7	144228243	11362	-
OR2A5	chr7	144048947	9898	+
OR2A7	chr7	144257662	7130	-
OR2AE1	chr7	99876061	972	-
OR2AG1	chr11	6783019	8539	+
OR2AG2	chr11	6765625	6351	-
OR2AJ1	chr1	247924888	10451	+
OR2AK2	chr1	247965232	1154	+
OR2AP1	chr12	55572467	3145	+
OR2AT4	chr11	75081752	15124	-
OR2B11	chr1	247449181	8923	-
OR2B2	chr6	27911184	1212	-
OR2B3	chr6	29086207	1106	-
OR2B6	chr6	27957240	942	+
OR2C1	chr16	3355888	1418	+
OR2C3	chr1	247524676	11764	-
OR2D2	chr11	6891573	927	-
OR2D3	chr11	6921001	993	+
OR2F1	chr7	143954843	9517	+
OR2F2	chr7	143935232	954	+
OR2G2	chr1	247588359	954	+
OR2G3	chr1	247605585	930	+
OR2G6	chr1	248508072	19265	+
OR2H1	chr6	29457154	7174	+
OR2H2	chr6	29585120	5380	+
OR2I1	chr6	29550406	7367	+
OR2J1	chr6	29099489	3212	+
OR2J2	chr6	29170906	4905	+
OR2J3	chr6	29108057	6713	+
OR2K2	chr9	111327228	2996	-
OR2L13	chr1	248095183	5980	+
OR2L2	chr1	248030069	12236	+
OR2L3	chr1	248046835	16572	+
OR2L5	chr1	248013659	10617	+
OR2L8	chr1	247948857	939	+
OR2M2	chr1	248174820	6247	+
OR2M3	chr1	248197264	15661	+
OR2M4	chr1	248231416	13263	+
OR2M5	chr1	248145147	939	+
OR2M7	chr1	248323629	939	-
OR2S2	chr9	35957107	1047	-
OR2T1	chr1	248403047	4973	+
OR2T10	chr1	248590486	7214	-
OR2T11	chr1	248623556	11535	-
OR2T12	chr1	248290138	13286	-
OR2T2	chr1	248445636	10089	+
OR2T27	chr1	248649837	5691	-
OR2T29	chr1	248556911	5861	-
OR2T3	chr1	248473350	957	+
OR2T33	chr1	248269916	8060	-
OR2T34	chr1	248573800	957	-
OR2T35	chr1	248636355	8923	-
OR2T4	chr1	248361664	963	+
OR2T5	chr1	248488588	2525	+
OR2T6	chr1	248375745	16066	+
OR2T8	chr1	247920251	2901	+
OR2V1	chr5	181123121	8048	-
OR2V2	chr5	181147585	11700	+
OR2W1	chr6	29044212	963	-
OR2W3	chr1	247895586	945	+
OR2Y1	chr5	180739122	936	-
OR2Z1	chr19	8721633	10527	+
OR3A1	chr17	3291016	7344	-
OR3A2	chr17	3276176	110132	-
OR3A3	chr17	3411369	12701	+
OR4A15	chr11	55367973	945	+
OR4A16	chr11	55343200	987	+
OR4A47	chr11	48488792	930	+
OR4A5	chr11	54706831	1071	+
OR4B1	chr11	48216809	930	+
OR4C11	chr11	55602359	5286	-
OR4C12	chr11	49981472	1063	-
OR4C13	chr11	49952390	1029	+
OR4C15	chr11	55554468	951	+
OR4C16	chr11	55572127	933	+
OR4C3	chr11	48324919	1036	+
OR4C46	chr11	54603068	930	-
OR4C5	chr11	48365484	981	-
OR4C6	chr11	55662200	3896	+
OR4D1	chr17	58148383	11202	+
OR4D10	chr11	59473314	6047	+
OR4D11	chr11	59503575	936	+
OR4D2	chr17	58166981	4135	+
OR4D5	chr11	123939616	957	+
OR4D6	chr11	59456960	945	+
OR4D9	chr11	59511538	9165	+
OR4E1	chr14	21667885	5933	-
OR4E2	chr14	21653834	13808	+
OR4F15	chr15	101812201	7996	+
OR4F16	chr1	685715	939	-
OR4F17	chr19	107103	6053	+
OR4F21	chr8	166085	939	-
OR4F29	chr1	450739	939	-
OR4F3	chr5	181367267	995	+
OR4F5	chr1	65418	6167	+
OR4F6	chr15	101803508	3379	+
OR4K1	chr14	19930916	5841	+
OR4K13	chr14	20029398	6640	-
OR4K14	chr14	20014142	5165	-
OR4K15	chr14	19975590	975	+
OR4K17	chr14	20110738	11461	+
OR4K2	chr14	19875141	8791	+
OR4K5	chr14	19920606	972	+
OR4L1	chr14	20060044	939	+
OR4M1	chr14	19773503	10193	+
OR4M2	chr15	22080526	1084	+
OR4M2B	chr15	21637908	1084	+
OR4N2	chr14	19803769	26484	+
OR4N4	chr15	22094521	1341	+
OR4N4C	chr15	21651843	1125	+
OR4N5	chr14	20138819	6652	+
OR4P4	chr11	55635112	5197	+
OR4Q3	chr14	19743570	5899	+
OR4S1	chr11	48306222	930	+
OR4S2	chr11	55648326	4528	+
OR4X1	chr11	48263860	918	+
OR4X2	chr11	48245103	912	+
OR51A2	chr11	4954771	942	-
OR51A4	chr11	4942830	4775	-
OR51A7	chr11	4903782	5680	+
OR51B2	chr11	5323358	939	-
OR51B4	chr11	5301013	933	-
OR51B5	chr11	5342585	939	-
OR51B6	chr11	5351507	939	+
OR51C1	chr11	4690422	7431	-
OR51D1	chr11	4637476	5584	+
OR51E1	chr11	4643981	11507	+
OR51E2	chr11	4680170	17683	-
OR51F1	chr11	4768978	960	-
OR51F2	chr11	4821320	1136	+
OR51G1	chr11	4923373	966	-
OR51G2	chr11	4912587	6763	-
OR51I1	chr11	5440569	945	-
OR51I2	chr11	5449322	7196	+
OR51L1	chr11	4994850	10686	+
OR51M1	chr11	5383811	9452	+
OR51Q1	chr11	5422110	1096	+
OR51S1	chr11	4848236	972	-
OR51T1	chr11	4881899	984	+
OR51V1	chr11	5199734	948	-
OR52A1	chr11	5146823	7934	-
OR52A5	chr11	5128775	9581	-
OR52B2	chr11	6169354	972	-
OR52B4	chr11	4367262	1124	-
OR52B6	chr11	5580876	1008	+
OR52D1	chr11	5488684	1065	+
OR52E2	chr11	5058649	978	-
OR52E4	chr11	5880628	6451	+
OR52E5	chr11	5893207	9523	+
OR52E6	chr11	5840927	970	-
OR52E8	chr11	5856748	942	-
OR52H1	chr11	5544560	3980	-
OR52I1	chr11	4594038	975	+
OR52I2	chr11	4581742	11598	+
OR52J3	chr11	5046525	936	+
OR52K1	chr11	4482645	10852	+
OR52K2	chr11	4449294	1067	+
OR52L1	chr11	5985891	1094	-
OR52M1	chr11	4545190	954	+
OR52N1	chr11	5786470	4795	-
OR52N2	chr11	5808923	12560	+
OR52N4	chr11	5754242	1716	+
OR52N5	chr11	5776164	7191	-
OR52R1	chr11	4803432	948	-
OR52W1	chr11	6199223	963	+
OR56A1	chr11	6019335	11423	-
OR56A3	chr11	5942250	9097	+
OR56A4	chr11	5999444	7502	-
OR56A5	chr11	5967552	942	-
OR56B1	chr11	5736447	2076	+
OR56B2	chr11	5761152	7928	+
OR56B4	chr11	6107683	1152	+
OR5A1	chr11	59436468	14912	+
OR5A2	chr11	59416968	9445	-
OR5AC2	chr3	98087172	930	+
OR5AK2	chr11	56988913	930	+
OR5AN1	chr11	59358894	12820	+
OR5AP2	chr11	56641488	951	-
OR5AR1	chr11	56663685	933	+
OR5AS1	chr11	56027653	10538	+
OR5AU1	chr14	21154864	1199	-
OR5B12	chr11	58438993	3243	-
OR5B17	chr11	58358123	946	-
OR5B2	chr11	58421237	6884	-
OR5B21	chr11	58506806	1299	-
OR5B3	chr11	58402463	4411	-
OR5BS1	chr12	48559881	3075	+
OR5C1	chr9	122788932	963	+
OR5D13	chr11	55773437	945	+
OR5D14	chr11	55795555	945	+
OR5D16	chr11	55838751	987	+
OR5D18	chr11	55819629	942	+
OR5D3	chr11	55723775	5846	+
OR5F1	chr11	55993680	945	-
OR5H1	chr3	98130720	7828	+
OR5H14	chr3	98147478	9136	+
OR5H15	chr3	98166695	3079	+
OR5H2	chr3	98282504	1566	+
OR5H6	chr3	98264243	1113	+
OR5I1	chr11	55935455	945	-
OR5J2	chr11	56176617	939	+
OR5K1	chr3	98463200	9724	+
OR5K2	chr3	98497680	951	+
OR5K3	chr3	98390665	966	+
OR5K4	chr3	98353853	966	+
OR5L1	chr11	55811366	1110	+
OR5L2	chr11	55827218	936	+
OR5M1	chr11	56609235	5639	-
OR5M10	chr11	56576773	948	-
OR5M11	chr11	56542339	918	-
OR5M3	chr11	56469273	4079	-
OR5M8	chr11	56490434	936	-
OR5M9	chr11	56462468	933	-
OR5P2	chr11	7795973	969	-
OR5P3	chr11	7824817	6023	-
OR5T1	chr11	56274153	2666	+
OR5T2	chr11	56231281	2974	-
OR5T3	chr11	56252253	969	+
OR5V1	chr6	29353748	15117	-
OR5W2	chr11	55913649	933	-
OR6A2	chr11	6791735	7954	-
OR6B1	chr7	144000319	8474	+
OR6B2	chr2	240029490	939	-
OR6B3	chr2	240044570	8951	-
OR6C1	chr12	55314342	8022	+
OR6C2	chr12	55444075	9272	+
OR6C3	chr12	55330745	1891	+
OR6C4	chr12	55549601	6231	+
OR6C6	chr12	55293987	2582	-
OR6C65	chr12	55400528	939	+
OR6C68	chr12	55492377	939	+
OR6C70	chr12	55469199	939	-
OR6C74	chr12	55244608	12017	+
OR6C75	chr12	55362974	6305	+
OR6C76	chr12	55426253	939	+
OR6F1	chr1	247711435	5211	-
OR6J1	chr14	22630928	13424	-
OR6K2	chr1	158699677	975	-
OR6K3	chr1	158716326	4394	-
OR6K6	chr1	158754719	1172	+
OR6M1	chr11	123805407	942	-
OR6N1	chr1	158764235	7960	-
OR6N2	chr1	158774221	6983	-
OR6P1	chr1	158560605	9975	-
OR6Q1	chr11	58030952	954	+
OR6S1	chr14	20640695	996	-
OR6T1	chr11	123942866	972	-
OR6V1	chr7	143052340	942	+
OR6X1	chr11	123753579	939	-
OR6Y1	chr1	158544549	9856	-
OR7A10	chr19	14840465	8457	-
OR7A17	chr19	14878202	7930	-
OR7A5	chr19	14826240	8945	-
OR7C1	chr19	14798514	36671	-
OR7C2	chr19	14941488	960	+
OR7D2	chr19	9178978	9840	+
OR7D4	chr19	9210275	9314	-
OR7E24	chr19	9250929	1696	+
OR7G1	chr19	9114827	936	-
OR7G2	chr19	9100406	7069	-
OR7G3	chr19	9126011	939	-
OR8A1	chr11	124569996	1378	+
OR8B12	chr11	124542721	933	-
OR8B2	chr11	124382393	2106	-
OR8B3	chr11	124395533	3491	-
OR8B4	chr11	124423941	930	-
OR8B8	chr11	124437444	8252	-
OR8D1	chr11	124302830	11119	-
OR8D2	chr11	124319261	936	-
OR8D4	chr11	123902166	7063	+
OR8G1	chr11	124241094	13270	+
OR8G5	chr11	124256375	9849	+
OR8H1	chr11	56288461	3793	-
OR8H2	chr11	56103686	3972	+
OR8H3	chr11	56122372	939	+
OR8I2	chr11	56093307	933	+
OR8J1	chr11	56354290	7221	+
OR8J3	chr11	56134720	5481	-
OR8K1	chr11	56346038	960	+
OR8K3	chr11	56315143	5496	+
OR8K5	chr11	56159393	924	-
OR8S1	chr12	48525631	939	+
OR8U1	chr11	56375623	930	+
OR8U3	chr11	56417257	975	-
OR9A2	chr7	143026199	933	-
OR9A4	chr7	141916398	4227	+
OR9G1	chr11	56699094	4790	+
OR9G4	chr11	56741222	7475	-
OR9I1	chr11	58116741	8789	-
OR9K2	chr12	55126405	6345	+
OR9Q1	chr11	58023880	157736	+
OR9Q2	chr11	58189069	4984	+
ORAI2	chr7	102433574	23251	+
ORAI3	chr16	30949067	5871	+
ORC1	chr1	52372828	31595	-
ORC2	chr2	200908976	54684	-
ORC3	chr6	87590134	77317	+
ORC4	chr2	147930395	90342	-
ORC5	chr7	104126340	81673	-
ORC6	chr16	46689658	8736	+
ORM1	chr9	114323097	3382	+
ORM2	chr9	114329868	3383	+
ORMDL1	chr2	189770266	14073	-
ORMDL2	chr12	55818040	3839	+
ORMDL3	chr17	39921042	6559	-
OS9	chr12	57694131	27426	+
OSBP	chr11	59574397	41377	-
OSBP2	chr22	30694873	212940	+
OSBPL10	chr3	31660824	320438	-
OSBPL11	chr3	125528857	66640	-
OSBPL1A	chr18	24162051	235773	-
OSBPL2	chr20	62238520	57663	+
OSBPL3	chr7	24796539	183639	-
OSBPL5	chr11	3087106	78204	-
OSBPL6	chr2	178194511	208382	+
OSBPL7	chr17	47807371	14423	-
OSBPL8	chr12	76351796	207975	-
OSBPL9	chr1	51617091	172128	+
OSCAR	chr19	54094667	6136	-
OSCP1	chr1	36417905	32546	-
OSER1	chr20	44195938	14833	-
OSGEP	chr14	20446400	8412	-
OSGEPL1	chr2	189746659	16133	-
OSGIN1	chr16	83953239	13093	+
OSGIN2	chr8	89902569	25319	+
OSM	chr22	30262828	4023	-
OSMR	chr5	38846011	89630	+
OSR1	chr2	19351484	7139	-
OSR2	chr8	98944441	7659	+
OST4	chr2	27070471	1183	-
OSTC	chr4	108650598	17222	+
OSTF1	chr9	75088513	58752	+
OSTM1	chr6	108041408	33333	-
OSTN	chr3	191199240	66375	+
OTC	chrX	38352603	68843	+
OTOA	chr16	21663967	96762	+
OTOF	chr2	26457202	101554	-
OTOG	chr11	17547258	98786	+
OTOGL	chr12	80099536	281344	+
OTOL1	chr3	161496807	7135	+
OTOP1	chr4	4188725	38204	-
OTOP2	chr17	74924272	9640	+
OTOP3	chr17	74935897	14095	+
OTOR	chr20	16748357	3807	+
OTOS	chr2	240139025	1633	-
OTP	chr5	77628711	10002	-
OTUB1	chr11	63986437	11975	+
OTUB2	chr14	94026339	22591	+
OTUD1	chr10	23439074	3303	+
OTUD3	chr1	19882394	30551	+
OTUD4	chr4	145133649	46940	-
OTUD5	chrX	48922023	35584	-
OTUD6A	chrX	70062456	1723	+
OTUD6B	chr8	91070343	16750	+
OTUD7A	chr15	31475397	395276	-
OTUD7B	chr1	149937811	72915	-
OTULIN	chr5	14664717	35133	+
OTULINL	chr5	14581791	34389	+
OTX1	chr2	63050829	7002	+
OTX2	chr14	56799904	10575	-
OVAAL	chr1	180558963	7555	+
OVCA2	chr17	2042021	1404	+
OVCH1	chr12	29439852	57834	-
OVCH2	chr11	7689436	17041	-
OVGP1	chr1	111414318	13417	-
OVOL1	chr11	65787062	10152	+
OVOL2	chr20	18024162	33754	-
OVOL3	chr19	36111142	2569	+
OXA1L	chr14	22766687	6355	+
OXCT1	chr5	41730064	140361	-
OXCT2	chr1	39769522	1826	-
OXER1	chr2	42762498	1637	-
OXGR1	chr13	96985712	8764	-
OXLD1	chr17	81665035	1570	-
OXNAD1	chr3	16265211	40876	+
OXR1	chr8	106270189	482505	+
OXSM	chr3	25790089	4442	+
OXSR1	chr3	38165536	89948	+
OXT	chr20	3071619	898	+
OXTR	chr3	8750380	19233	-
P2RX1	chr17	3896591	19874	-
P2RX2	chr12	132618775	3613	+
P2RX3	chr11	57338351	34045	+
P2RX4	chr12	121210128	23978	+
P2RX5	chr17	3673226	22929	-
P2RX6	chr22	21015164	12844	+
P2RX7	chr12	121132875	55157	+
P2RY1	chr3	152835130	6309	+
P2RY10	chrX	78945390	18337	+
P2RY11	chr19	10111692	3680	+
P2RY12	chr3	151336842	47911	-
P2RY13	chr3	151326311	3238	-
P2RY14	chr3	151212116	66426	-
P2RY2	chr11	73218280	24147	+
P2RY4	chrX	70258165	2039	-
P2RY6	chr11	73272337	26288	+
P2RY8	chrX	1462580	74605	-
P3H1	chr1	42746373	20655	-
P3H2	chr3	189956727	164170	-
P3H3	chr12	6828406	11441	+
P3H4	chr17	41801952	9997	-
P3R3URF	chr1	46175485	1003	-
P4HA1	chr10	73007216	89650	-
P4HA2	chr5	132190146	37707	-
P4HA3	chr11	74266656	44984	-
P4HB	chr17	81843165	17370	-
P4HTM	chr3	48990240	16913	+
PA2G4	chr12	56104558	9352	+
PAAF1	chr11	73876998	54116	+
PABIR1	chr9	68780064	5502	+
PABIR2	chrX	134769565	27640	-
PABIR3	chrX	134807236	47596	+
PABPC1	chr8	100702915	19173	-
PABPC1L	chr20	44910059	29257	+
PABPC1L2A	chrX	73077275	2237	-
PABPC1L2B	chrX	73002938	3168	+
PABPC3	chr13	25096135	3119	+
PABPC4	chr1	39560815	15975	-
PABPC4L	chr4	134196332	5457	-
PABPC5	chrX	91434838	3746	+
PABPN1	chr14	23321456	4707	+
PABPN1L	chr16	88863332	3328	-
PACC1	chr1	212363927	50959	-
PACRG	chr6	162727973	587527	+
PACRGL	chr4	20700457	32100	+
PACS1	chr11	66070271	174473	+
PACS2	chr14	105314747	83400	+
PACSIN1	chr6	34466075	69148	+
PACSIN2	chr22	42869772	145377	-
PACSIN3	chr11	47177521	8913	-
PADI1	chr1	17205127	40880	+
PADI2	chr1	17066760	52691	-
PADI3	chr1	17249097	35136	+
PADI4	chr1	17308196	55808	+
PADI6	chr1	17372195	29504	+
PAEP	chr9	135561755	5200	+
PAF1	chr19	39385628	5478	-
PAFAH1B1	chr17	2593653	91962	+
PAFAH1B2	chr11	117144286	26759	+
PAFAH1B3	chr19	42297034	5590	-
PAFAH2	chr1	25959766	38297	-
PAG1	chr8	80967809	144259	-
PAGE1	chrX	49687446	8538	-
PAGE2	chrX	55089017	3825	+
PAGE2B	chrX	55075029	3880	+
PAGE3	chrX	55258414	6502	-
PAGE4	chrX	49829302	4962	+
PAGE5	chrX	55220345	3763	+
PAGR1	chr16	29816151	6338	+
PAH	chr12	102836888	80356	-
PAICS	chr4	56436259	28319	+
PAIP1	chr5	43526266	30811	-
PAIP2	chr5	139341853	27864	+
PAIP2B	chr2	71182737	44366	-
PAK1	chr11	77322016	152078	-
PAK1IP1	chr6	10694971	14811	+
PAK2	chr3	196739856	92791	+
PAK3	chrX	111096190	131171	+
PAK4	chr19	39125785	53619	+
PAK5	chr20	9537369	301707	-
PAK6	chr15	40239062	38425	+
PALB2	chr16	23603164	38146	-
PALD1	chr10	70478766	89684	+
PALLD	chr4	168497051	431390	+
PALM	chr19	708934	39395	+
PALM2AKAP2	chr9	109780197	392315	+
PALM3	chr19	14053366	8710	-
PALMD	chr1	99646112	48423	+
PALS1	chr14	67241434	94627	+
PALS2	chr7	24573451	120742	+
PAM	chr5	102755304	274412	+
PAM16	chr16	4340250	11071	-
PAMR1	chr11	35431826	93790	-
PAN2	chr12	56316935	17065	-
PAN3	chr13	28138544	156791	+
PANK1	chr10	89582987	62255	-
PANK2	chr20	3889386	40501	+
PANK3	chr5	168548494	30874	-
PANK4	chr1	2508536	18060	-
PANX1	chr11	94128840	53128	+
PANX2	chr22	50170730	9565	+
PANX3	chr11	124611427	8929	+
PAOX	chr10	133379261	12433	+
PAPLN	chr14	73237505	37118	+
PAPOLA	chr14	96502381	64735	+
PAPOLB	chr7	4857737	4293	-
PAPOLG	chr2	60756267	45819	+
PAPPA	chr9	116153790	248531	+
PAPPA2	chr1	176463174	382427	+
PAPSS1	chr4	107613665	106569	-
PAPSS2	chr10	87659877	87828	+
PAQR3	chr4	78911877	27561	-
PAQR4	chr16	2969347	4137	+
PAQR5	chr15	69298911	108869	+
PAQR6	chr1	156243319	4737	-
PAQR7	chr1	25861483	14225	-
PAQR8	chr6	52362150	45627	+
PAQR9	chr3	142954584	9090	-
PARD3	chr10	34109560	705736	-
PARD3B	chr2	204545474	1074688	+
PARD6A	chr16	67660959	1815	+
PARD6B	chr20	50731579	22162	+
PARD6G	chr18	80157231	90283	-
PARG	chr10	49818278	123749	-
PARK7	chr1	7961710	23795	+
PARL	chr3	183829270	55610	-
PARM1	chr4	74933115	116998	+
PARN	chr16	14435700	194560	-
PARP1	chr1	226360690	47403	-
PARP10	chr8	143977157	9303	-
PARP11	chr12	3808860	64539	-
PARP12	chr7	140023748	39203	-
PARP14	chr3	122680838	50002	+
PARP15	chr3	122577649	61398	+
PARP16	chr15	65258098	28785	-
PARP2	chr14	20343634	14270	+
PARP3	chr3	51942362	6505	+
PARP4	chr13	24420930	91848	-
PARP6	chr15	72241180	31374	-
PARP8	chr5	50666636	179883	+
PARP9	chr3	122527923	36377	-
PARPBP	chr12	102120182	77338	+
PARS2	chr1	54756897	7626	-
PARVA	chr11	12377570	157786	+
PARVB	chr22	44024301	148638	+
PARVG	chr22	44180924	27545	+
PASD1	chrX	151563674	113065	+
PASK	chr2	241106098	43374	-
PATE1	chr11	125746278	3589	+
PATE2	chr11	125776112	2716	-
PATE3	chr11	125788126	3474	+
PATE4	chr11	125833315	6757	+
PATJ	chr1	61742479	421436	+
PATL1	chr11	59636715	32322	-
PATL2	chr15	44665731	45592	-
PATZ1	chr22	31325803	20543	-
PAWR	chr12	79584878	106086	-
PAX1	chr20	21705663	12818	+
PAX2	chr10	100745581	84363	+
PAX3	chr2	222199886	99112	-
PAX4	chr7	127610291	7851	-
PAX5	chr9	36833268	201000	-
PAX6	chr11	31789025	22297	-
PAX7	chr1	18630845	118021	+
PAX8	chr2	113215996	62925	-
PAX9	chr14	36661859	17503	+
PAXBP1	chr21	32733898	37857	-
PAXIP1	chr7	154943689	59435	-
PAXX	chr9	136992421	1555	+
PBDC1	chrX	76173061	5253	+
PBK	chr8	27809623	28194	-
PBLD	chr10	68282659	50269	-
PBOV1	chr6	138215985	2506	-
PBRM1	chr3	52545366	140547	-
PBX1	chr1	164559183	292648	+
PBX2	chr6	32184732	5470	-
PBX3	chr9	125747372	220005	+
PBX4	chr19	19561712	56975	-
PBXIP1	chr1	154944079	12020	-
PC	chr11	66848419	109964	-
PCA3	chr9	76764437	23132	+
PCARE	chr2	29061694	12829	-
PCAT6	chr1	202810953	959	+
PCAT7	chr9	94555082	15855	+
PCBD1	chr10	70883509	5056	-
PCBD2	chr5	134905130	57514	+
PCBP1	chr2	70087476	1727	+
PCBP2	chr12	53452101	29061	+
PCBP3	chr21	45643724	298726	+
PCBP4	chr3	51957457	9997	-
PCCA	chr13	100089092	441343	+
PCCB	chr3	136250339	79830	+
PCDH1	chr5	141853089	25321	-
PCDH10	chr4	133149293	45407	+
PCDH11X	chrX	91779374	843856	+
PCDH11Y	chrY	5000295	741929	+
PCDH12	chr5	141943580	14622	-
PCDH15	chr10	53802770	998461	-
PCDH17	chr13	57631743	97568	+
PCDH18	chr4	137518917	13577	-
PCDH19	chrX	100291643	118630	-
PCDH20	chr13	61409684	6165	-
PCDH7	chr4	30720368	426432	+
PCDH8	chr13	52842888	5752	-
PCDH9	chr13	66302833	927503	-
PCDHA1	chr5	140786139	226208	+
PCDHA10	chr5	140855896	156451	+
PCDHA11	chr5	140868956	143391	+
PCDHA12	chr5	140875307	137040	+
PCDHA13	chr5	140882123	130224	+
PCDHA2	chr5	140794851	217496	+
PCDHA3	chr5	140801056	211291	+
PCDHA4	chr5	140807067	205280	+
PCDHA5	chr5	140821612	190735	+
PCDHA6	chr5	140827959	184388	+
PCDHA7	chr5	140834268	178079	+
PCDHA8	chr5	140841186	171161	+
PCDHA9	chr5	140848381	163966	+
PCDHAC1	chr5	140926298	86049	+
PCDHAC2	chr5	140966475	45872	+
PCDHB1	chr5	141051373	7973	+
PCDHB10	chr5	141192352	3295	+
PCDHB11	chr5	141199626	4153	+
PCDHB12	chr5	141208718	3853	+
PCDHB13	chr5	141213918	5061	+
PCDHB14	chr5	141223342	4417	+
PCDHB15	chr5	141245394	3971	+
PCDHB16	chr5	141182386	3840	+
PCDHB2	chr5	141094614	4089	+
PCDHB3	chr5	141100472	3355	+
PCDHB4	chr5	141121817	3806	+
PCDHB5	chr5	141135205	3410	+
PCDHB6	chr5	141150056	3231	+
PCDHB7	chr5	141172643	3740	+
PCDHB8	chr5	141177789	2750	+
PCDHB9	chr5	141187160	4381	+
PCDHGA1	chr5	141330513	182462	+
PCDHGA10	chr5	141412986	99989	+
PCDHGA11	chr5	141421050	91925	+
PCDHGA12	chr5	141430506	82469	+
PCDHGA2	chr5	141338759	174216	+
PCDHGA3	chr5	141343828	169147	+
PCDHGA4	chr5	141355020	157955	+
PCDHGA5	chr5	141364161	148814	+
PCDHGA6	chr5	141373890	139085	+
PCDHGA7	chr5	141382741	130234	+
PCDHGA8	chr5	141392632	120343	+
PCDHGA9	chr5	141402777	110198	+
PCDHGB1	chr5	141350098	162877	+
PCDHGB2	chr5	141359993	152982	+
PCDHGB3	chr5	141370241	142734	+
PCDHGB4	chr5	141387697	125278	+
PCDHGB5	chr5	141397946	115029	+
PCDHGB6	chr5	141408020	104955	+
PCDHGB7	chr5	141417676	95299	+
PCDHGC3	chr5	141475965	37010	+
PCDHGC4	chr5	141485029	27946	+
PCDHGC5	chr5	141489080	23895	+
PCED1A	chr20	2835313	5342	-
PCED1B	chr12	47079620	157040	+
PCF11	chr11	83157130	28664	+
PCGF1	chr2	74505042	2653	-
PCGF2	chr17	38733897	14439	-
PCGF3	chr4	705831	64258	+
PCGF5	chr10	91220662	63675	+
PCGF6	chr10	103302795	48345	-
PCID2	chr13	113177535	31134	-
PCIF1	chr20	45934682	13338	+
PCK1	chr20	57561109	7012	+
PCK2	chr14	24094310	9815	+
PCLAF	chr15	64364303	17138	-
PCLO	chr7	82754011	408873	-
PCM1	chr8	17922987	106961	+
PCMT1	chr6	149749740	61679	+
PCMTD1	chr8	51817582	81454	-
PCMTD2	chr20	64255747	20479	+
PCNA	chr20	5114952	5006	-
PCNP	chr3	101574179	20286	+
PCNT	chr21	46324155	121614	+
PCNX1	chr14	70907458	207924	+
PCNX2	chr1	232983434	312291	-
PCNX3	chr11	65615775	21664	+
PCNX4	chr14	60091922	56299	+
PCOLCE	chr7	100602362	5813	+
PCOLCE2	chr3	142817873	71210	-
PCP2	chr19	7631614	2105	-
PCP4	chr21	39867437	61955	+
PCP4L1	chr1	161258744	26706	+
PCSK1	chr5	96390332	42916	-
PCSK1N	chrX	48831095	4515	-
PCSK2	chr20	17227039	257539	+
PCSK4	chr19	1481427	8923	-
PCSK5	chr9	75890672	472303	+
PCSK6	chr15	101303932	185775	-
PCSK7	chr11	117204336	27737	-
PCSK9	chr1	55039547	25305	+
PCTP	chr17	55751050	26324	+
PCYOX1	chr2	70258136	23049	+
PCYOX1L	chr5	149358045	11608	+
PCYT1A	chr3	196234367	53359	-
PCYT1B	chrX	24558086	89261	-
PCYT2	chr17	81900957	10442	-
PDAP1	chr7	99394672	13925	-
PDC	chr1	186443565	17549	-
PDCD1	chr2	241849883	9011	-
PDCD10	chr3	167683297	51595	-
PDCD11	chr10	103396625	49669	+
PDCD1LG2	chr9	5510530	60752	+
PDCD2	chr6	170575294	9343	-
PDCD2L	chr19	34404398	21770	+
PDCD4	chr10	110871927	28079	+
PDCD5	chr19	32581189	6264	+
PDCD6	chr5	271645	43329	+
PDCD6IP	chr3	33798629	71074	+
PDCD7	chr15	65117378	16430	-
PDCL	chr9	122818096	10492	-
PDCL2	chr4	55556518	35727	-
PDCL3	chr2	100562992	13747	+
PDE10A	chr6	165327288	335953	-
PDE11A	chr2	177623243	449534	-
PDE12	chr3	57556273	10575	+
PDE1A	chr2	182140040	286996	-
PDE1B	chr12	54549600	29639	+
PDE1C	chr7	31751178	319229	-
PDE2A	chr11	72576140	98282	-
PDE3A	chr12	20368536	320047	+
PDE3B	chr11	14643803	228241	+
PDE4A	chr19	10420537	49093	+
PDE4B	chr1	65792894	581680	+
PDE4C	chr19	18207964	18474	-
PDE4D	chr5	58969037	924689	-
PDE4DIP	chr1	148844427	188589	+
PDE5A	chr4	119494402	134402	-
PDE6A	chr5	149857952	86841	-
PDE6B	chr4	625572	45210	+
PDE6C	chr10	93612536	53474	+
PDE6D	chr2	231732432	48850	-
PDE6G	chr17	81650458	6084	-
PDE6H	chr12	14973041	8824	+
PDE7A	chr8	65714333	127731	-
PDE7B	chr6	135851700	343874	+
PDE8A	chr15	84981855	157287	+
PDE8B	chr5	77210679	217577	+
PDE9A	chr21	42653620	121889	+
PDF	chr16	69326912	3676	-
PDGFA	chr7	497257	22589	-
PDGFB	chr22	39223358	21624	-
PDGFC	chr4	156760453	211346	-
PDGFD	chr11	103907188	256959	-
PDGFRA	chr4	54229292	68953	+
PDGFRB	chr5	150113838	42007	-
PDGFRL	chr8	17577215	65929	+
PDHA1	chrX	19343926	17792	+
PDHA2	chr4	95840092	1372	+
PDHB	chr3	58427629	6203	-
PDHX	chr11	34916617	79511	+
PDIA2	chr16	283163	4052	+
PDIA3	chr15	43746437	26841	+
PDIA4	chr7	149003061	25444	-
PDIA5	chr3	123067024	95080	+
PDIA6	chr2	10783390	29395	-
PDIK1L	chr1	26111823	13732	+
PDILT	chr16	20359174	45563	-
PDK1	chr2	172556089	52580	+
PDK2	chr17	50095350	16802	+
PDK3	chrX	24465285	69137	+
PDK4	chr7	95583498	13018	-
PDLIM1	chr10	95237571	53432	-
PDLIM2	chr8	22580474	13824	+
PDLIM3	chr4	185500659	34848	-
PDLIM4	chr5	132257695	15759	+
PDLIM5	chr4	94451941	216282	+
PDLIM7	chr5	177483393	14211	-
PDP1	chr8	93916922	9146	+
PDP2	chr16	66880514	10587	+
PDPK1	chr16	2538020	65168	+
PDPN	chr1	13583831	34126	+
PDPR	chr16	70114331	48206	+
PDRG1	chr20	31944336	7710	-
PDS5A	chr4	39822862	155049	-
PDS5B	chr13	32586451	191568	+
PDSS1	chr10	26697700	49098	+
PDSS2	chr6	107152561	307003	-
PDX1	chr13	27919999	6314	+
PDXDC1	chr16	14975025	63307	+
PDXK	chr21	43719128	43171	+
PDXP	chr22	37658722	8210	+
PDYN	chr20	1978758	15300	-
PDZD11	chrX	70286594	3333	-
PDZD2	chr5	31639130	471802	+
PDZD4	chrX	153802165	28379	-
PDZD7	chr10	101007678	23451	-
PDZD8	chr10	117277273	98167	-
PDZD9	chr16	21983864	17252	-
PDZK1	chr1	145670984	36384	-
PDZK1IP1	chr1	47183581	6455	-
PDZRN3	chr3	73382430	242511	-
PDZRN4	chr12	41188319	386426	+
PEA15	chr1	160205383	9989	+
PEAK1	chr15	77108157	311947	-
PEAK3	chr19	2274630	7545	-
PEAR1	chr1	156893717	22712	+
PEBP1	chr12	118136123	9461	+
PEBP4	chr8	22713250	214664	-
PECAM1	chr17	64319414	71446	-
PECR	chr2	216038387	43422	-
PEDS1	chr20	50118253	35470	-
PEF1	chr1	31629865	15011	-
PEG10	chr7	94656324	13371	+
PEG3	chr19	56810081	30645	-
PELI1	chr2	64092651	51769	-
PELI2	chr14	56118410	183114	+
PELI3	chr11	66466904	10433	+
PELO	chr5	52787915	16129	+
PELP1	chr17	4669773	34364	-
PEMT	chr17	17505562	86146	-
PENK	chr8	56440956	5685	-
PEPD	chr19	33386949	134842	-
PER1	chr17	8140471	11933	-
PER2	chr2	238244043	44567	-
PER3	chr1	7784290	60887	+
PERCC1	chr16	1431077	3364	+
PERM1	chr1	975197	6896	-
PERP	chr6	138088504	18915	-
PES1	chr22	30576624	15286	-
PET100	chr19	7629792	2164	+
PET117	chr20	18137862	5307	+
PEX1	chr7	92487024	41496	-
PEX10	chr1	2403973	8591	-
PEX11A	chr15	89681534	9220	-
PEX11B	chr1	145911349	7368	-
PEX11G	chr19	7476874	12161	-
PEX12	chr17	35574794	3777	-
PEX13	chr2	61017719	34271	+
PEX14	chr1	10474949	155809	+
PEX16	chr11	45909662	8215	-
PEX19	chr1	160276806	8327	-
PEX2	chr8	76980257	19821	-
PEX26	chr22	18077989	27407	+
PEX3	chr6	143450804	39812	+
PEX39	chr6	42890264	557	-
PEX5	chr12	7189685	21774	+
PEX5L	chr3	179794957	241980	-
PEX6	chr6	42963864	15317	-
PEX7	chr6	136822591	91343	+
PF4	chr4	73980810	1217	-
PF4V1	chr4	73853295	1188	+
PFAS	chr17	8249288	21198	+
PFDN1	chr5	140245034	58067	-
PFDN2	chr1	161100560	17477	-
PFDN4	chr20	54208086	11875	+
PFDN5	chr12	53295541	3909	+
PFDN6	chr6	33289600	1333	+
PFKFB1	chrX	54932960	61228	-
PFKFB2	chr1	207053274	24543	+
PFKFB3	chr10	6202931	32601	+
PFKFB4	chr3	48517683	39120	-
PFKL	chr21	44300052	27321	+
PFKM	chr12	48119363	27041	+
PFKP	chr10	3067547	69255	+
PFN1	chr17	4945651	2879	-
PFN2	chr3	149964903	5992	-
PFN3	chr5	177400108	553	-
PFN4	chr2	24114808	8526	-
PGA3	chr11	61203514	9584	+
PGA4	chr11	61222346	9348	+
PGA5	chr11	61241174	10270	+
PGAM1	chr10	97426190	7254	+
PGAM2	chr7	44062726	2841	-
PGAM4	chrX	77967948	1690	-
PGAM5	chr12	132710841	11893	+
PGAP1	chr2	196833003	93704	-
PGAP2	chr11	3808559	17812	+
PGAP3	chr17	39671121	16936	-
PGAP4	chr9	101473169	14004	-
PGAP6	chr16	370787	11191	-
PGBD1	chr6	28281571	20978	+
PGBD2	chr1	248906234	12912	+
PGBD3	chr10	49515104	9177	-
PGBD4	chr15	34102082	6604	+
PGBD5	chr1	230314489	111843	-
PGC	chr6	41736710	10687	-
PGCKA1	chr4	37453924	139586	+
PGD	chr1	10399063	21448	+
PGF	chr14	74941833	13764	-
PGGHG	chr11	289125	6982	+
PGGT1B	chr5	115204011	58866	-
PGK1	chrX	78104247	25048	+
PGK2	chr6	49785659	1626	-
PGLS	chr19	17511648	9640	+
PGLYRP1	chr19	46019152	3901	-
PGLYRP2	chr19	15468644	10857	-
PGLYRP3	chr1	153297115	15837	-
PGLYRP4	chr1	153330119	18722	-
PGM1	chr1	63593410	66835	+
PGM2	chr4	37826685	36252	+
PGM2L1	chr11	74330315	68118	-
PGM3	chr6	83164872	28393	-
PGM5	chr9	68356610	174451	+
PGP	chr16	2211592	3248	-
PGPEP1	chr19	18340597	29353	+
PGPEP1L	chr15	98968228	39564	-
PGR	chr11	101029623	100190	-
PGRMC1	chrX	119236284	8182	+
PGRMC2	chr4	128269241	18572	-
PGS1	chr17	78378648	46011	+
PHACTR1	chr6	12716766	571071	+
PHACTR2	chr6	143677964	153221	+
PHACTR3	chr20	59604539	243172	+
PHACTR4	chr1	28369739	130625	+
PHAF1	chr16	67109940	38604	+
PHAX	chr5	126600946	26306	+
PHB1	chr17	49404051	10831	-
PHB2	chr12	6965326	5338	-
PHC1	chr12	8914508	26959	+
PHC2	chr1	33323625	107470	-
PHC3	chr3	170087583	94150	-
PHETA1	chr12	111360678	8417	-
PHETA2	chr22	42074247	5191	+
PHEX	chrX	22032324	218986	+
PHF1	chr6	33411013	5426	+
PHF10	chr6	169703901	20599	-
PHF11	chr13	49495952	33024	+
PHF12	chr17	28905249	46269	-
PHF13	chr1	6613730	10300	+
PHF14	chr7	10973871	195747	+
PHF19	chr9	120855650	21538	-
PHF2	chr9	93576583	103004	+
PHF20	chr20	35772014	178356	+
PHF20L1	chr8	132775387	73420	+
PHF21A	chr11	45929318	192136	-
PHF21B	chr22	44881161	128844	-
PHF23	chr17	7235037	4420	-
PHF24	chr9	34958284	24260	+
PHF3	chr6	63635801	90210	+
PHF5A	chr22	41459716	8976	-
PHF6	chrX	134373311	55479	+
PHF7	chr3	52410659	12982	+
PHF8	chrX	53936679	107794	-
PHGDH	chr1	119711933	32282	+
PHGR1	chr15	40351032	5402	+
PHIP	chr6	78934418	143836	-
PHKA1	chrX	72578813	135493	-
PHKA2	chrX	18892297	91817	-
PHKB	chr16	47461330	240193	+
PHKG1	chr7	56080294	12658	-
PHKG2	chr16	30748424	12752	+
PHLDA1	chr12	76025446	6330	-
PHLDA2	chr11	2928272	1148	-
PHLDA3	chr1	201464277	4911	-
PHLDB1	chr11	118607614	50414	+
PHLDB2	chr3	111859264	117253	+
PHLDB3	chr19	43475102	29644	-
PHLPP1	chr18	62715540	264893	+
PHLPP2	chr16	71644923	79778	-
PHOSPHO1	chr17	49223365	7422	-
PHOSPHO2	chr2	169694468	7240	+
PHOX2A	chr11	72239076	5100	-
PHOX2B	chr4	41744081	4644	-
PHPT1	chr9	136849408	1616	+
PHRF1	chr11	576469	35753	+
PHTF1	chr1	113696830	62656	-
PHTF2	chr7	77798772	158453	+
PHYH	chr10	13277798	22266	-
PHYHD1	chr9	128920981	21057	+
PHYHIP	chr8	22219702	12397	-
PHYHIPL	chr10	59176642	71128	+
PHYKPL	chr5	178208470	24332	-
PI15	chr8	74824533	30496	+
PI16	chr6	36954737	10100	+
PI3	chr20	45174901	1643	+
PI4K2A	chr10	97640670	35764	+
PI4K2B	chr4	25234032	45172	+
PI4KA	chr22	20707690	151121	-
PI4KB	chr1	151291803	35613	-
PIANP	chr12	6693790	7025	-
PIAS1	chr15	68054314	139533	+
PIAS2	chr18	46803217	114290	-
PIAS3	chr1	145848521	10560	-
PIAS4	chr19	4007735	31651	+
PIBF1	chr13	72782132	234329	+
PICALM	chr11	85957174	111910	-
PICK1	chr22	38057403	18298	+
PID1	chr2	229023972	247315	-
PIDD1	chr11	799183	6048	-
PIERCE1	chr9	135495180	4689	-
PIERCE2	chr15	55408494	10304	+
PIEZO1	chr16	88715337	69883	-
PIEZO2	chr18	10670246	479323	-
PIF1	chr15	64815631	10016	-
PIGA	chrX	15319455	16068	-
PIGB	chr15	55319221	36427	+
PIGBOS1	chr15	55317183	1940	-
PIGC	chr1	172441456	2613	-
PIGF	chr2	46580936	36105	-
PIGG	chr4	499209	40991	+
PIGH	chr14	67589317	10951	-
PIGK	chr1	77088988	130442	-
PIGL	chr17	16217209	109202	+
PIGM	chr1	160024952	7038	-
PIGN	chr18	62041163	145893	-
PIGO	chr9	35088687	7904	-
PIGO-AS1	chr9	35096303	1841	+
PIGP	chr21	37065373	7698	-
PIGQ	chr16	569967	14142	+
PIGR	chr1	206928521	17945	-
PIGS	chr17	28553386	18138	-
PIGT	chr20	45416140	10101	+
PIGU	chr20	34560541	116551	-
PIGV	chr1	26787949	12710	+
PIGW	chr17	36534986	4317	+
PIGX	chr3	196712376	23631	+
PIGY	chr4	88520997	2779	-
PIGZ	chr3	196946355	22478	-
PIH1D1	chr19	49446297	5517	-
PIH1D2	chr11	112067797	6220	-
PIK3AP1	chr10	96593314	127200	-
PIK3C2A	chr11	17086574	121412	-
PIK3C2B	chr1	204422632	72173	-
PIK3C2G	chr12	18261517	386899	+
PIK3C3	chr18	41955233	132597	+
PIK3CA	chr3	179148356	91737	+
PIK3CB	chr3	138652697	182231	-
PIK3CD	chr1	9651730	77384	+
PIK3CG	chr7	106865281	43699	+
PIK3IP1	chr22	31281599	10889	-
PIK3R1	chr5	68215755	86066	+
PIK3R2	chr19	18153162	17370	+
PIK3R3	chr1	46040139	92490	-
PIK3R4	chr3	130678933	67896	-
PIK3R5	chr17	8878915	86792	-
PIK3R6	chr17	8802721	64953	-
PIKFYVE	chr2	208266254	92492	+
PILRA	chr7	100373486	26610	+
PILRB	chr7	100358116	9715	+
PIM1	chr6	37170151	5277	+
PIM2	chrX	48913181	5843	-
PIM3	chr22	49960771	3301	+
PIMREG	chr17	6444454	7015	+
PIN1	chr19	9835317	14372	+
PIN4	chrX	72181756	16584	+
PINK1	chr1	20633457	18054	+
PINLYP	chr19	43575800	6298	+
PINX1	chr8	10764960	74915	-
PIP	chr7	143132076	7663	+
PIP4K2A	chr10	22534853	179725	-
PIP4K2B	chr17	38765690	33866	-
PIP4K2C	chr12	57591191	12227	+
PIP4P1	chr14	20457680	3754	-
PIP4P2	chr8	90993801	47058	-
PIP5K1A	chr1	151198551	50980	+
PIP5K1B	chr9	68705239	303937	+
PIP5K1C	chr19	3630182	70286	-
PIP5KL1	chr9	127920880	9897	-
PIPOX	chr17	29043140	14076	+
PIR	chrX	15384798	108535	-
PIRT	chr17	10822469	15618	-
PISD	chr22	31618490	43725	-
PITHD1	chr1	23778417	9815	+
PITPNA	chr17	1517717	45075	-
PITPNB	chr22	27851668	67588	-
PITPNC1	chr17	67377280	319976	+
PITPNM1	chr11	67491767	13596	-
PITPNM2	chr12	122983479	167611	-
PITPNM3	chr17	6451262	105293	-
PITRM1	chr10	3137727	35055	-
PITX1	chr5	135027733	6495	-
PITX2	chr4	110617422	5655	-
PITX3	chr10	102230188	11324	-
PIWIL1	chr12	130337886	34751	+
PIWIL2	chr8	22275315	82253	+
PIWIL3	chr22	24719033	55687	-
PIWIL4	chr11	94567367	54054	+
PJA1	chrX	69160860	4593	-
PJA2	chr5	109334721	75253	-
PJVK	chr2	178451377	10725	+
PKD1	chr16	2088707	47191	-
PKD1L1	chr7	47774613	173853	-
PKD1L3	chr16	71929537	70865	-
PKD2	chr4	88007634	70143	+
PKD2L1	chr10	100288148	42080	-
PKD2L2	chr5	137889456	53291	+
PKDCC	chr2	42048020	10497	+
PKDREJ	chr22	46255662	7681	-
PKHD1	chr6	51615298	472315	-
PKHD1L1	chr8	109362460	174747	+
PKIA	chr8	78516339	88928	+
PKIB	chr6	122610404	115969	+
PKIG	chr20	44582578	36459	+
PKLR	chr1	155289292	12146	-
PKM	chr15	72199028	32162	-
PKMYT1	chr16	2972807	7639	-
PKN1	chr19	14433305	38554	+
PKN2	chr1	88684272	151983	+
PKN3	chr9	128702502	18414	+
PKNOX1	chr21	42974561	59370	+
PKNOX2	chr11	125164750	268639	+
PKP1	chr1	201283505	49484	+
PKP2	chr12	32790754	106023	-
PKP3	chr11	394208	10700	+
PKP4	chr2	158456951	224478	+
PLA1A	chr3	119597884	31927	+
PLA2G10	chr16	14672547	21761	-
PLA2G12A	chr4	109709988	20082	-
PLA2G12B	chr10	72934761	20045	-
PLA2G15	chr16	68245372	15686	+
PLA2G1B	chr12	120322114	5665	-
PLA2G2A	chr1	19975434	4184	-
PLA2G2C	chr1	20163054	23464	-
PLA2G2D	chr1	20111938	7598	-
PLA2G2E	chr1	19920008	3609	-
PLA2G2F	chr1	20139322	11059	+
PLA2G3	chr22	31134806	5702	-
PLA2G4A	chr1	186828948	160033	+
PLA2G4B	chr15	41838846	9297	+
PLA2G4C	chr19	48047845	62972	-
PLA2G4D	chr15	42067008	27554	-
PLA2G4E	chr15	41981581	39461	-
PLA2G4F	chr15	42139033	17603	-
PLA2G5	chr1	20070193	21718	+
PLA2G6	chr22	38111494	70336	-
PLA2G7	chr6	46704200	31175	-
PLA2R1	chr2	159932005	130610	-
PLAA	chr9	26903371	43871	-
PLAAT1	chr3	193241221	29634	+
PLAAT2	chr11	63552769	10610	-
PLAAT3	chr11	63574461	39972	-
PLAAT4	chr11	63536807	9651	+
PLAAT5	chr11	63461403	29764	-
PLAC1	chrX	134565837	92634	-
PLAC8	chr4	83090047	24682	-
PLAC8L1	chr5	146084312	21265	-
PLAC9	chr10	80132729	12630	+
PLAG1	chr8	56160908	50365	-
PLAGL1	chr6	143940299	67960	-
PLAGL2	chr20	32192503	15240	-
PLAT	chr8	42174717	32848	-
PLAU	chr10	73911131	6363	+
PLAUR	chr19	43648578	21591	-
PLB1	chr2	28496059	148083	+
PLBD1	chr12	14503660	64223	-
PLBD2	chr12	113358586	33043	+
PLCB1	chr20	8132265	752635	+
PLCB2	chr15	40287908	20027	-
PLCB3	chr11	64251529	16394	+
PLCB4	chr20	9069086	411722	+
PLCD1	chr3	38007495	22147	-
PLCD3	chr17	45108958	23557	-
PLCD4	chr2	218607898	29277	+
PLCE1	chr10	93993930	338893	+
PLCG1	chr20	41137542	40084	+
PLCG2	chr16	81779290	183395	+
PLCH1	chr3	155479880	265191	-
PLCH2	chr1	2476288	29244	+
PLCL1	chr2	197804592	345271	+
PLCL2	chr3	16884954	205650	+
PLCXD1	chrX	281380	21976	+
PLCXD2	chr3	111674675	52332	+
PLCXD3	chr5	41306951	203650	-
PLCZ1	chr12	18683179	54833	-
PLD1	chr3	171600403	210080	-
PLD2	chr17	4807151	16279	+
PLD3	chr19	40348694	29791	+
PLD4	chr14	104924878	8358	+
PLD5	chr1	242082985	441712	-
PLD6	chr17	17200994	5339	-
PLEC	chr8	143915152	24445	-
PLEK	chr2	68365281	32172	+
PLEK2	chr14	67386983	25182	-
PLEKHA1	chr10	122374707	57638	+
PLEKHA2	chr8	38901345	72567	+
PLEKHA3	chr2	178480456	36007	+
PLEKHA4	chr19	48837096	31521	-
PLEKHA5	chr12	19129732	246668	+
PLEKHA6	chr1	204218852	141077	-
PLEKHA7	chr11	16777296	237118	-
PLEKHA8	chr7	30028411	56239	+
PLEKHB1	chr11	73646580	16239	+
PLEKHB2	chr2	131105335	44510	+
PLEKHD1	chr14	69484727	46824	+
PLEKHF1	chr19	29665460	10017	+
PLEKHF2	chr8	95133784	22901	+
PLEKHG1	chr6	150599884	243781	+
PLEKHG2	chr19	39412668	15747	+
PLEKHG3	chr14	64704423	45826	+
PLEKHG4	chr16	67279531	9949	+
PLEKHG4B	chr5	92167	97799	+
PLEKHG5	chr1	6467121	24546	-
PLEKHG6	chr12	6310681	17825	+
PLEKHG7	chr12	92702988	69467	+
PLEKHH1	chr14	67533289	56323	+
PLEKHH2	chr2	43637259	130728	+
PLEKHH3	chr17	42667913	9081	-
PLEKHJ1	chr19	2233152	3177	-
PLEKHM1	chr17	45435899	54822	-
PLEKHM2	chr1	15684319	50450	+
PLEKHM3	chr2	207821287	204240	-
PLEKHN1	chr1	966481	9384	+
PLEKHO1	chr1	150149915	10150	+
PLEKHO2	chr15	64841914	26088	+
PLEKHS1	chr10	113751681	31748	+
PLET1	chr11	112248152	12708	-
PLG	chr6	160702243	51854	+
PLGLB1	chr2	87010223	11621	-
PLGLB2	chr2	87748086	11390	+
PLGRKT	chr9	5357970	79955	-
PLIN1	chr15	89664366	15001	-
PLIN2	chr9	19115760	11732	-
PLIN3	chr19	4838340	29327	-
PLIN4	chr19	4502191	16295	-
PLIN5	chr19	4522530	12694	-
PLK1	chr16	23678888	11479	+
PLK2	chr5	58453981	6105	-
PLK3	chr1	44800376	5614	+
PLK4	chr4	127880892	18332	+
PLK5	chr19	1524076	11970	+
PLLP	chr16	57256096	28576	-
PLN	chr6	118548295	13421	+
PLOD1	chr1	11934716	40821	+
PLOD2	chr3	146069439	91745	-
PLOD3	chr7	101205983	11598	-
PLP1	chrX	103776839	15780	+
PLP2	chrX	49171897	3338	+
PLPBP	chr8	37762644	17124	+
PLPP1	chr5	55424853	110111	-
PLPP2	chr19	281042	10361	-
PLPP3	chr1	56494760	84803	-
PLPP4	chr10	120457226	134839	+
PLPP5	chr8	38263129	6095	-
PLPP6	chr9	4662293	2965	+
PLPP7	chr9	131289722	19539	+
PLPPR1	chr9	101028726	296409	+
PLPPR2	chr19	11355431	10267	+
PLPPR3	chr19	812487	9468	-
PLPPR4	chr1	99264491	45093	+
PLPPR5	chr1	98890244	114617	-
PLRG1	chr4	154535004	15396	-
PLS1	chr3	142596392	117272	+
PLS3	chrX	115561173	89688	+
PLSCR1	chr3	146515179	29428	-
PLSCR2	chr3	146433287	36274	-
PLSCR3	chr17	7389726	4799	-
PLSCR4	chr3	146192334	58771	-
PLSCR5	chr3	146585836	19510	-
PLTP	chr20	45898621	13534	-
PLVAP	chr19	17351454	25888	-
PLXDC1	chr17	39063312	88325	-
PLXDC2	chr10	19816431	473425	+
PLXNA1	chr3	126983114	54275	+
PLXNA2	chr1	208022241	222143	-
PLXNA3	chrX	154458280	19499	+
PLXNA4	chr7	132123339	453131	-
PLXNB1	chr3	48403853	26233	-
PLXNB2	chr22	50274978	32668	-
PLXNB3	chrX	153764248	15093	+
PLXNC1	chr12	94148576	159099	+
PLXND1	chr3	129555213	51463	-
PM20D1	chr1	205828024	22108	-
PM20D2	chr6	89146054	19511	+
PMAIP1	chr18	59899995	4310	+
PMCH	chr12	102196458	1375	-
PMEL	chr12	55954104	11938	-
PMEPA1	chr20	57648395	61620	-
PMF1	chr1	156213006	27036	+
PMFBP1	chr16	72119096	53059	-
PMIS2	chr19	35586172	1124	+
PML	chr15	73994715	53112	+
PMM1	chr22	41576899	12941	-
PMM2	chr16	8797838	51487	+
PMP2	chr8	81440325	7114	-
PMP22	chr17	15229778	35548	-
PMPCA	chr9	136410657	13104	+
PMPCB	chr7	103297434	17252	+
PMS1	chr2	189784449	93180	+
PMS2	chr7	5970924	38125	-
PMVK	chr1	154924739	11980	-
PNCK	chrX	153669732	4081	-
PNISR	chr6	99398049	27259	-
PNKD	chr2	218270518	76275	+
PNKP	chr19	49861203	6373	-
PNLDC1	chr6	159800275	20429	+
PNLIP	chr10	116545930	21925	+
PNLIPRP1	chr10	116590958	18217	+
PNLIPRP3	chr10	116427846	50111	+
PNMA1	chr14	73711782	2602	-
PNMA2	chr8	26504700	9172	-
PNMA3	chrX	153056469	3993	+
PNMA5	chrX	152988823	5293	-
PNMA6A	chrX	153072453	2566	+
PNMA6E	chrX	153395638	5712	-
PNMA6F	chrX	153317679	4088	-
PNMA8A	chr19	46466502	5061	-
PNMA8B	chr19	46491190	4677	-
PNMA8C	chr19	46424696	4240	-
PNMT	chr17	39668452	2023	+
PNN	chr14	39175253	7967	+
PNO1	chr2	68157887	18351	+
PNOC	chr8	28317267	26084	+
PNP	chr14	20469405	7684	+
PNPLA1	chr6	36270059	43896	+
PNPLA2	chr11	818913	6660	+
PNPLA3	chr22	43923804	23778	+
PNPLA4	chrX	7898246	29167	-
PNPLA5	chr22	43879677	12336	-
PNPLA6	chr19	7535716	26048	+
PNPLA7	chr9	137459951	90451	-
PNPLA8	chr7	108470416	55719	-
PNPO	chr17	47941570	7738	+
PNPT1	chr2	55634060	59784	-
PNRC1	chr6	89080750	4410	+
PNRC2	chr1	23959827	3635	+
POC1A	chr3	52075225	79198	-
POC1B	chr12	89419717	106330	-
POC5	chr5	75674123	43314	-
PODN	chr1	53062212	23282	+
PODNL1	chr19	13931186	7231	-
PODXL	chr7	131500270	56358	-
PODXL2	chr3	127629184	43618	+
POF1B	chrX	85277395	102270	-
POFUT1	chr20	32207879	30779	+
POFUT2	chr21	45263934	23961	-
POFUT3	chr8	33370823	102323	-
POFUT4	chr10	73772275	3944	+
POGK	chr1	166839474	16885	+
POGLUT1	chr3	119468962	25746	+
POGLUT2	chr13	102784280	14696	-
POGLUT3	chr11	108472115	26269	-
POGZ	chr1	151402723	56771	-
POLA1	chrX	24693917	303069	+
POLA2	chr11	65261961	36724	+
POLB	chr8	42338493	33315	+
POLD1	chr19	50384346	33668	+
POLD2	chr7	44114679	8869	-
POLD3	chr11	74592581	50495	+
POLD4	chr11	67350771	2775	-
POLDIP2	chr17	28346632	10895	-
POLDIP3	chr22	42583720	31163	-
POLE	chr12	132623761	63581	-
POLE2	chr14	49643554	44660	-
POLE3	chr9	113407234	3441	-
POLE4	chr2	74958642	11486	+
POLG	chr15	89316319	18505	-
POLG2	chr17	64477784	19270	-
POLGARF	chr15	89330207	3602	-
POLH	chr6	43576184	44339	+
POLI	chr18	54269516	28718	+
POLK	chr5	75511890	98101	+
POLL	chr10	101578881	9376	-
POLM	chr7	44072061	10469	-
POLN	chr4	2071917	170204	-
POLQ	chr3	121431430	114558	-
POLR1A	chr2	86020215	85671	-
POLR1B	chr2	112542464	37354	+
POLR1C	chr6	43517088	4425	+
POLR1D	chr13	27621891	1558	+
POLR1E	chr9	37485947	17750	+
POLR1F	chr7	19695460	13577	-
POLR1G	chr19	45406643	4094	+
POLR1H	chr6	30061264	3643	+
POLR2A	chr17	7484365	30251	+
POLR2B	chr4	56978895	52263	+
POLR2C	chr16	57462678	9331	+
POLR2D	chr2	127843552	14603	-
POLR2E	chr19	1086573	8802	-
POLR2F	chr22	37953698	15614	+
POLR2G	chr11	62761579	5131	+
POLR2H	chr3	184361709	6882	+
POLR2I	chr19	36113708	1167	-
POLR2J	chr7	102473127	5795	-
POLR2J2	chr7	102666045	5618	-
POLR2J3	chr7	102566965	5618	-
POLR2K	chr8	100150635	3368	+
POLR2L	chr11	839720	2809	-
POLR2M	chr15	57706713	10844	+
POLR3A	chr10	77975148	54367	-
POLR3B	chr12	106357747	152451	+
POLR3C	chr1	145824199	20203	+
POLR3D	chr8	22245132	9469	+
POLR3E	chr16	22297408	37688	+
POLR3F	chr20	18467389	17257	+
POLR3G	chr5	90474863	39694	+
POLR3GL	chr1	145964689	14159	+
POLR3H	chr22	41525798	18672	-
POLR3K	chr16	46406	7202	-
POLRMT	chr19	617220	16317	-
POM121	chr7	72925094	23205	+
POM121C	chr7	75416785	69514	-
POM121L12	chr7	53035632	1293	+
POM121L2	chr6	27308376	3897	-
POMC	chr2	25160859	7721	-
POMGNT1	chr1	46188682	9752	-
POMGNT2	chr3	43079233	26846	-
POMK	chr8	43093514	29920	+
POMP	chr13	28659129	19830	+
POMT1	chr9	131502917	20882	+
POMT2	chr14	77274955	45928	-
POMZP3	chr7	76609985	17294	-
PON1	chr7	95297675	26857	-
PON2	chr7	95404861	30167	-
PON3	chr7	95359871	36504	-
POP1	chr8	98117292	42543	+
POP4	chr19	29606282	10955	+
POP5	chr12	120578763	2639	-
POP7	chr7	100706120	1366	+
POPDC1	chr6	105096821	40336	-
POPDC2	chr3	119642055	18534	-
POPDC3	chr6	105157899	22115	-
POR	chr7	75915154	71701	+
PORCN	chrX	48508991	11817	+
POSTN	chr13	37562584	36184	-
POT1	chr7	124822385	107440	-
POTEA	chr8	43292441	70744	+
POTEB	chr15	21846328	31407	-
POTEB2	chr15	20835371	30943	-
POTEB3	chr15	21405400	35099	-
POTEC	chr18	14507338	36262	-
POTED	chr21	13609776	36047	+
POTEE	chr2	131209535	55743	+
POTEF	chr2	130073534	55688	-
POTEG	chr14	19402485	31856	-
POTEH	chr22	15690025	31606	+
POTEI	chr2	130459454	49874	-
POTEJ	chr2	130611439	46598	+
POTEM	chr14	18967433	36319	+
POU1F1	chr3	87259403	17181	-
POU2AF1	chr11	111352254	27021	-
POU2AF2	chr11	111245724	40677	+
POU2AF3	chr11	111298545	10190	+
POU2F1	chr1	167220885	206455	+
POU2F2	chr19	42086109	46337	-
POU2F3	chr11	120240139	79806	+
POU3F1	chr1	38043828	2965	-
POU3F2	chr6	98834573	4885	+
POU3F3	chr2	104854114	4460	+
POU3F4	chrX	83508289	3838	+
POU4F1	chr13	78598361	5191	-
POU4F2	chr4	146638892	3582	+
POU4F3	chr5	146338838	2890	+
POU5F1	chr6	31164336	6346	-
POU5F1B	chr8	127415866	1080	+
POU5F2	chr5	93733219	8381	-
POU6F1	chr12	51186935	31127	-
POU6F2	chr7	38977908	490693	+
PP2D1	chr3	19985345	26919	-
PPA1	chr10	70202834	30595	-
PPA2	chr4	105369076	104986	-
PPAN	chr19	10106361	5651	+
PPARA	chr22	46150525	93230	+
PPARD	chr6	35342557	85621	+
PPARG	chr3	12289069	145275	+
PPARGC1A	chr4	23792020	98027	-
PPARGC1B	chr5	149730309	124713	+
PPAT	chr4	56393361	42254	-
PPBP	chr4	73986438	1752	-
PPCDC	chr15	75023589	27137	+
PPCS	chr1	42456542	4694	+
PPDPF	chr20	63520764	1442	+
PPDPFL	chr8	49072343	3750	+
PPEF1	chrX	18707644	120273	+
PPEF2	chr4	75859866	42586	-
PPFIA1	chr11	70270689	113707	+
PPFIA2	chr12	81257974	501376	-
PPFIA3	chr19	49119543	31483	+
PPFIA4	chr1	203026490	52246	+
PPFIBP1	chr12	27524205	171359	+
PPFIBP2	chr11	7513998	139758	+
PPHLN1	chr12	42326166	116015	+
PPIA	chr7	44796680	6437	+
PPIAL4A	chr1	120889770	760	+
PPIAL4C	chr1	149583847	760	+
PPIAL4D	chr1	145241414	760	-
PPIAL4E	chr1	144372874	760	-
PPIAL4F	chr1	144592892	760	+
PPIAL4G	chr1	148482547	755	-
PPIAL4H	chr1	146344005	760	-
PPIB	chr15	64155816	7206	-
PPIC	chr5	123023249	13476	-
PPID	chr4	158709126	14270	-
PPIE	chr1	39738881	17888	+
PPIF	chr10	79347468	7866	+
PPIG	chr2	169584350	57056	+
PPIH	chr1	42658422	18336	+
PPIL1	chr6	36854828	19975	-
PPIL2	chr22	21666011	31896	+
PPIL3	chr2	200870906	18171	-
PPIL4	chr6	149504494	41549	-
PPIL6	chr6	109390214	50414	-
PPIP5K1	chr15	43533474	56734	-
PPIP5K2	chr5	103120300	92499	+
PPL	chr16	4882506	54642	-
PPM1A	chr14	60249220	49867	+
PPM1B	chr2	44168874	62598	+
PPM1D	chr17	60600192	66088	+
PPM1E	chr17	58755853	229326	+
PPM1F	chr22	21919424	33424	-
PPM1G	chr2	27381198	28393	-
PPM1H	chr12	62643993	291157	-
PPM1J	chr1	112709997	5335	-
PPM1K	chr4	88257619	26942	-
PPM1L	chr3	160756230	322672	+
PPM1M	chr3	52245758	4841	+
PPM1N	chr19	45498442	4071	+
PPME1	chr11	74171288	83415	+
PPOX	chr1	161166425	4795	+
PPP1CA	chr11	67398182	3676	-
PPP1CB	chr2	28751829	51111	+
PPP1CC	chr12	110719679	23212	-
PPP1R10	chr6	30600412	16831	-
PPP1R11	chr6	30067197	3136	+
PPP1R12A	chr12	79773567	161530	-
PPP1R12B	chr1	202348698	244004	+
PPP1R12C	chr19	55090917	26720	-
PPP1R13B	chr14	103733194	114381	-
PPP1R13L	chr19	45379637	25432	-
PPP1R14A	chr19	38251236	5138	-
PPP1R14B	chr11	64244478	2465	-
PPP1R14C	chr6	150143043	107349	+
PPP1R14D	chr15	40815450	13258	-
PPP1R15A	chr19	48872420	3638	+
PPP1R15B	chr1	204403380	8437	-
PPP1R16A	chr8	144477981	24140	+
PPP1R16B	chr20	38805696	117328	+
PPP1R17	chr7	31687214	21241	+
PPP1R18	chr6	30676388	10257	-
PPP1R1A	chr12	54579245	9414	-
PPP1R1B	chr17	39626951	9673	+
PPP1R1C	chr2	181985852	131904	+
PPP1R2	chr3	195514427	28898	-
PPP1R21	chr2	48440765	74621	+
PPP1R26	chr9	135479781	9111	+
PPP1R27	chr17	81833491	1559	-
PPP1R2B	chr5	156850294	2234	+
PPP1R2C	chrX	42777365	798	-
PPP1R35	chr7	100435281	1216	-
PPP1R36	chr14	64549960	39421	+
PPP1R37	chr19	45093178	54107	+
PPP1R3A	chr7	113876776	42233	-
PPP1R3B	chr8	9136254	14404	-
PPP1R3C	chr10	91628441	4630	-
PPP1R3D	chr20	59936662	3643	-
PPP1R3E	chr14	23295651	7208	-
PPP1R3F	chrX	49269792	18298	+
PPP1R3G	chr6	5085340	4147	+
PPP1R42	chr8	66964102	64452	-
PPP1R7	chr2	241150466	33186	+
PPP1R8	chr1	27830781	20895	+
PPP1R9A	chr7	94907593	388807	+
PPP1R9B	chr17	50133736	16941	-
PPP2CA	chr5	134194331	31742	-
PPP2CB	chr8	30785615	27203	-
PPP2R1A	chr19	52190051	39467	+
PPP2R1B	chr11	111737876	28513	-
PPP2R2A	chr8	26291507	81173	+
PPP2R2B	chr5	146580741	298016	-
PPP2R2C	chr4	6320580	152034	-
PPP2R2D	chr10	131901007	58827	+
PPP2R3A	chr3	135965727	182167	+
PPP2R3B	chrX	333932	52975	-
PPP2R3C	chr14	35085471	36519	-
PPP2R5A	chr1	212285409	76444	+
PPP2R5B	chr11	64924688	9787	+
PPP2R5C	chr14	101761708	166269	+
PPP2R5D	chr6	42984569	27773	+
PPP2R5E	chr14	63371363	172014	-
PPP3CA	chr4	101023417	324109	-
PPP3CB	chr10	73436432	59592	-
PPP3CC	chr8	22441077	100048	+
PPP3R1	chr2	68178856	73676	-
PPP3R2	chr9	101591603	3366	-
PPP4C	chr16	30075993	9383	+
PPP4R1	chr18	9546793	67766	-
PPP4R2	chr3	72996810	72388	+
PPP4R3A	chr14	91457507	52803	-
PPP4R3B	chr2	55547291	70331	-
PPP4R3C	chrX	27460206	3135	-
PPP4R4	chr14	94174321	105413	+
PPP5C	chr19	46347086	43889	+
PPP6C	chr9	125146572	43231	-
PPP6R1	chr19	55229778	29239	-
PPP6R2	chr22	50343326	101764	+
PPP6R3	chr11	68460751	154583	+
PPRC1	chr10	102133039	17294	+
PPT1	chr1	40072711	24541	-
PPT2	chr6	32154140	9535	+
PPTC7	chr12	110533244	50074	-
PPWD1	chr5	65563295	24254	+
PPY	chr17	43940803	1673	-
PQBP1	chrX	48897929	5214	+
PRAC1	chr17	48721718	800	-
PRAC2	chr17	48723184	1574	+
PRADC1	chr2	73228009	5230	-
PRAF2	chrX	49071160	2842	-
PRAG1	chr8	8317735	68704	-
PRAM1	chr19	8490055	12585	-
PRAME	chr22	22547700	11565	-
PRAMEF1	chr1	12791396	5232	+
PRAMEF10	chr1	12892895	5375	-
PRAMEF11	chr1	12824604	6806	-
PRAMEF12	chr1	12773737	4169	+
PRAMEF13	chr1	13196187	5222	-
PRAMEF14	chr1	13341891	5243	-
PRAMEF15	chr1	13315580	7018	+
PRAMEF17	chr1	13389631	2998	+
PRAMEF18	chr1	13222694	3460	-
PRAMEF19	chr1	13368430	3517	-
PRAMEF2	chr1	12857085	4824	+
PRAMEF20	chr1	13410449	10879	+
PRAMEF25	chr1	13070773	7111	+
PRAMEF26	chr1	13148906	7103	-
PRAMEF27	chr1	13049475	7100	-
PRAMEF33	chr1	13303538	5369	+
PRAMEF4	chr1	12879211	6990	-
PRAMEF5	chr1	13254197	9238	+
PRAMEF6	chr1	12938471	9109	-
PRAMEF7	chr1	12916609	4142	+
PRAMEF8	chr1	13281303	3834	-
PRAMEF9	chr1	13171847	7612	+
PRAP1	chr10	133347372	5311	+
PRB2	chr12	11391539	4028	-
PRB3	chr12	11265913	3794	-
PRB4	chr12	11307076	3360	-
PRC1	chr15	90966039	28496	-
PRCC	chr1	156767534	33281	+
PRCD	chr17	76540043	5333	+
PRCP	chr11	82822935	77495	-
PRDM1	chr6	106086335	23603	+
PRDM10	chr11	129899710	103125	-
PRDM11	chr11	45146638	88471	+
PRDM12	chr9	130664593	18390	+
PRDM13	chr6	99606832	8730	+
PRDM14	chr8	70051650	19602	-
PRDM15	chr21	41798224	81120	-
PRDM16	chr1	3069202	369419	+
PRDM2	chr1	13700187	124892	+
PRDM4	chr12	107732870	28267	-
PRDM5	chr4	120691914	230812	-
PRDM6	chr5	123089240	105026	+
PRDM7	chr16	90056565	20766	-
PRDM8	chr4	80197502	6827	+
PRDM9	chr5	23507608	20485	+
PRDX1	chr1	45511050	10834	-
PRDX2	chr19	12796822	4978	-
PRDX3	chr10	119167719	11093	-
PRDX4	chrX	23667492	18905	+
PRDX5	chr11	64318120	3691	+
PRDX6	chr1	173477334	11481	+
PREB	chr2	27130755	3881	-
PRELID1	chr5	177303798	3151	+
PRELID2	chr5	145756343	78999	-
PRELID3A	chr18	12407928	24306	+
PRELID3B	chr20	59033144	9642	-
PRELP	chr1	203475805	15547	+
PREP	chr6	105273217	129865	-
PREPL	chr2	44317606	43888	-
PREX1	chr20	48624251	203748	-
PREX2	chr8	67952045	284987	+
PRF1	chr10	70597347	5394	-
PRG2	chr11	57386779	3871	-
PRG3	chr11	57376768	4382	-
PRG4	chr1	186296278	18289	+
PRH1	chr12	10880964	3291	-
PRH2	chr12	10929235	5610	+
PRICKLE1	chr12	42456756	132990	-
PRICKLE2	chr3	64092235	133231	-
PRICKLE3	chrX	49174801	11572	-
PRICKLE4	chr6	41780781	6671	+
PRIM1	chr12	56731579	20744	-
PRIM2	chr6	57317629	329221	+
PRIMA1	chr14	93718297	70188	-
PRIMPOL	chr4	184649737	45215	+
PRKAA1	chr5	40759388	38986	-
PRKAA2	chr1	56645313	70022	+
PRKAB1	chr12	119668132	13487	+
PRKAB2	chr1	147155105	17365	-
PRKACA	chr19	14091687	26075	-
PRKACB	chr1	84144270	94228	+
PRKACG	chr9	69012503	1610	-
PRKAG1	chr12	49002273	16503	-
PRKAG2	chr7	151556126	320989	-
PRKAG3	chr2	218822307	9496	-
PRKAR1A	chr17	68512429	21002	+
PRKAR1B	chr7	549197	178084	-
PRKAR2A	chr3	48746585	101289	-
PRKAR2B	chr7	107044704	117107	+
PRKCA	chr17	66302612	508131	+
PRKCB	chr16	23835982	384629	+
PRKCD	chr3	53161208	31509	+
PRKCE	chr2	45651674	536316	+
PRKCG	chr19	53882196	25456	+
PRKCH	chr14	61321578	229398	+
PRKCI	chr3	170222423	83554	+
PRKCQ	chr10	6427147	153129	-
PRKCSH	chr19	11435634	15334	+
PRKCZ	chr1	2050410	134985	+
PRKD1	chr14	29576478	351369	-
PRKD2	chr19	46674315	42799	-
PRKD3	chr2	37250501	74332	-
PRKDC	chr8	47773110	187026	-
PRKG1	chr10	51074486	1223864	+
PRKG2	chr4	81087374	127848	-
PRKN	chr6	161347416	1380350	-
PRKRA	chr2	178431413	19762	-
PRKRIP1	chr7	102396362	30304	+
PRKX	chrX	3604339	109310	-
PRL	chr6	22287245	9791	-
PRLH	chr2	237566573	602	+
PRLHR	chr10	118589996	5652	-
PRLR	chr5	35055701	174786	-
PRM1	chr16	11280840	490	-
PRM2	chr16	11275638	842	-
PRM3	chr16	11273198	431	-
PRMT1	chr19	49677270	11177	+
PRMT2	chr21	46635673	29451	+
PRMT3	chr11	20387715	121623	+
PRMT5	chr14	22920528	8848	-
PRMT6	chr1	107056673	2621	+
PRMT7	chr16	68311018	47566	+
PRMT8	chr12	3491202	102771	+
PRMT9	chr4	147637784	46379	-
PRND	chr20	4721908	6552	+
PRNP	chr20	4686455	15133	+
PROB1	chr5	139390591	4513	-
PROC	chr2	127418426	10816	+
PROCA1	chr17	28703196	8692	-
PROCR	chr20	35172071	5291	+
PRODH	chr22	18912780	23513	-
PRODH2	chr19	35799987	12858	-
PROK1	chr1	110451148	6210	+
PROK2	chr3	71771654	13494	-
PROKR1	chr2	68643578	14673	+
PROKR2	chr20	5299217	17737	-
PROM1	chr4	15968227	115796	-
PROM2	chr2	95274448	16854	+
PROP1	chr5	177992234	4008	-
PRORP	chr14	35122551	155071	+
PROS1	chr3	93873050	100846	-
PROSER1	chr13	39009864	28225	-
PROSER2	chr10	11823355	48922	+
PROSER3	chr19	35758175	12991	+
PROX1	chr1	213987972	53538	+
PROX2	chr14	74853032	23113	-
PROZ	chr13	113158647	13739	+
PRP4K	chr6	4021299	43684	+
PRPF18	chr10	13586964	43895	+
PRPF19	chr11	60890546	16039	-
PRPF3	chr1	150321532	31701	+
PRPF31	chr19	54115753	15960	+
PRPF38A	chr1	52404601	16235	+
PRPF38B	chr1	108692309	10619	+
PRPF39	chr14	45084115	32167	+
PRPF4	chr9	113275657	17248	+
PRPF40A	chr2	152651731	65730	-
PRPF40B	chr12	49623560	21105	+
PRPF6	chr20	63981131	51969	+
PRPF8	chr17	1650628	34239	-
PRPH	chr12	49295146	3540	+
PRPH2	chr6	42696597	26000	-
PRPS1	chrX	107628509	22517	+
PRPS1L1	chr7	18026769	1077	-
PRPS2	chrX	12791411	32811	+
PRPSAP1	chr17	76309477	44439	-
PRPSAP2	chr17	18858130	73157	+
PRR11	chr17	59155745	50964	+
PRR12	chr19	49591181	35258	+
PRR13	chr12	53441733	4905	+
PRR14	chr16	30650959	5454	+
PRR14L	chr22	31681346	68786	-
PRR15	chr7	29563834	3459	+
PRR15L	chr17	47951966	5917	-
PRR16	chr5	120464299	223015	+
PRR18	chr6	166305299	3093	-
PRR19	chr19	42302131	8683	+
PRR20A	chr13	57140917	3022	+
PRR20B	chr13	57147487	3022	+
PRR20C	chr13	57154060	3022	+
PRR20D	chr13	57160631	3022	+
PRR20E	chr13	57167196	3022	+
PRR20G	chr3	127283782	4264	-
PRR22	chr19	5782959	1787	-
PRR23A	chr3	139003961	2307	-
PRR23B	chr3	139019030	1896	-
PRR23C	chr3	139042101	2791	-
PRR23D1	chr8	7539626	2824	+
PRR23D2	chr8	7778590	2823	-
PRR23E	chr3	127193130	5055	+
PRR27	chr4	70154236	12373	+
PRR29	chr17	63998350	5955	+
PRR3	chr6	30557294	6429	+
PRR30	chr2	27136847	2563	-
PRR32	chrX	126819728	2058	+
PRR33	chr11	1888077	3818	-
PRR35	chr16	560393	5136	+
PRR36	chr19	7868718	5672	-
PRR4	chr12	10845848	3627	-
PRR5	chr22	44702203	35478	+
PRR5L	chr11	36296287	168917	+
PRR7	chr5	177446813	9473	+
PRR9	chr1	153217583	1727	+
PRRC1	chr5	127517639	37446	+
PRRC2A	chr6	31620714	17057	+
PRRC2B	chr9	131394085	106108	+
PRRC2C	chr1	171485529	107982	+
PRRG1	chrX	37349363	107928	+
PRRG2	chr19	49581315	9689	+
PRRG3	chrX	151695457	10467	+
PRRG4	chr11	32829926	28194	+
PRRT1	chr6	32148362	3577	-
PRRT1B	chr9	131545522	14293	+
PRRT2	chr16	29812192	3689	+
PRRT3	chr3	9945541	6867	-
PRRT4	chr7	128350324	11366	-
PRRX1	chr1	170664130	75291	+
PRRX2	chr9	129665646	57028	+
PRSS1	chr7	142749471	3601	+
PRSS12	chr4	118280037	72966	-
PRSS16	chr6	27247700	8920	+
PRSS2	chr7	142770969	3591	+
PRSS21	chr16	2817236	4483	+
PRSS22	chr16	2852729	5441	-
PRSS23	chr11	86800541	10692	+
PRSS27	chr16	2712421	7803	-
PRSS3	chr9	33795560	3671	+
PRSS33	chr16	2783952	3608	-
PRSS35	chr6	83512533	13171	+
PRSS36	chr16	31138925	11141	-
PRSS37	chr7	141836299	5186	-
PRSS38	chr1	227815674	30796	+
PRSS41	chr16	2798469	6835	+
PRSS48	chr4	151277160	14702	+
PRSS50	chr3	46712116	5753	-
PRSS53	chr16	31083436	5507	-
PRSS54	chr16	58279996	15029	-
PRSS55	chr8	10525531	13288	+
PRSS56	chr2	232520387	5329	+
PRSS57	chr19	685545	9907	-
PRSS58	chr7	142252142	5916	-
PRSS8	chr16	31131432	4295	-
PRTFDC1	chr10	24848613	103993	-
PRTG	chr15	55611543	131609	-
PRTN3	chr19	840998	7177	+
PRUNE1	chr1	151008448	27265	+
PRUNE2	chr9	76611375	294739	-
PRX	chr19	40393767	19611	-
PRXL2A	chr10	80408550	28565	+
PRXL2B	chr1	2586776	4692	+
PRXL2C	chr9	96639576	15741	-
PSAP	chr10	71816297	34954	-
PSAPL1	chr4	7430284	4646	-
PSAT1	chr9	78297124	32969	+
PSCA	chr8	142680494	2231	+
PSD	chr10	102402618	16167	-
PSD2	chr5	139795807	48659	+
PSD3	chr8	18527302	486401	-
PSD4	chr2	113173970	35421	+
PSEN1	chr14	73136506	87185	+
PSEN2	chr1	226870615	25483	+
PSENEN	chr19	35745650	1869	+
PSG1	chr19	42866463	13250	-
PSG11	chr19	43007655	18814	-
PSG2	chr19	43064208	18493	-
PSG3	chr19	42721641	18840	-
PSG4	chr19	43192701	12937	-
PSG5	chr19	43167742	18794	-
PSG6	chr19	42902085	15809	-
PSG7	chr19	42924131	13076	-
PSG8	chr19	42754232	11446	-
PSG9	chr19	43253281	16249	-
PSIP1	chr9	15464065	46905	-
PSKH1	chr16	67893253	36423	+
PSKH2	chr8	86047108	22560	-
PSMA1	chr11	14504875	15511	-
PSMA2	chr7	42916860	15314	-
PSMA3	chr14	58244842	27162	+
PSMA4	chr15	78540443	11974	+
PSMA5	chr1	109399041	27407	-
PSMA6	chr14	35292381	25112	+
PSMA7	chr20	62136732	6662	-
PSMA8	chr18	26133868	59487	+
PSMB1	chr6	170535119	18188	-
PSMB10	chr16	67934505	2345	-
PSMB11	chr14	23042211	1849	+
PSMB2	chr1	35599540	41986	-
PSMB3	chr17	38752740	11485	+
PSMB4	chr1	151399572	2365	+
PSMB5	chr14	23025855	9045	-
PSMB6	chr17	4796163	2332	+
PSMB7	chr9	124353464	61978	-
PSMB8	chr6	32840716	3331	-
PSMB9	chr6	32854191	5660	+
PSMC1	chr14	90256552	18877	+
PSMC2	chr7	103347642	21753	+
PSMC3	chr11	47418774	7665	-
PSMC3IP	chr17	42572309	5420	-
PSMC4	chr19	39971164	10600	+
PSMC5	chr17	63827430	4589	+
PSMC6	chr14	52707199	21391	+
PSMD1	chr2	231056866	115961	+
PSMD10	chrX	108084206	7336	-
PSMD11	chr17	32444509	38810	+
PSMD12	chr17	67337915	28662	-
PSMD13	chr11	236975	16009	+
PSMD14	chr2	161308424	103293	+
PSMD2	chr3	184299240	9810	+
PSMD3	chr17	39980806	17153	+
PSMD4	chr1	151254733	12746	+
PSMD5	chr9	120816052	26870	-
PSMD6	chr3	64010550	12944	-
PSMD7	chr16	74296813	9475	+
PSMD8	chr19	38374570	9254	+
PSMD9	chr12	121888789	29508	+
PSME1	chr14	24136193	2769	+
PSME2	chr14	24143364	3246	-
PSME3	chr17	42833396	10364	+
PSME3IP1	chr16	57152465	33574	-
PSME4	chr2	53864068	106925	-
PSMF1	chr20	1118601	53645	+
PSMG1	chr21	39174768	8683	-
PSMG2	chr18	12703041	22699	+
PSMG3	chr7	1567331	2701	-
PSMG4	chr6	3258946	9103	+
PSORS1C1	chr6	31114799	25293	+
PSORS1C2	chr6	31137533	1533	-
PSPC1	chr13	19702499	80446	-
PSPH	chr7	56011063	40381	-
PSPN	chr19	6375147	786	-
PSRC1	chr1	109279555	3590	-
PSTK	chr10	122980400	9990	+
PSTPIP1	chr15	76995125	42350	+
PSTPIP2	chr18	45983535	88725	-
PTAFR	chr1	28147165	29525	-
PTAR1	chr9	69709524	50487	-
PTBP1	chr19	797451	14861	+
PTBP2	chr1	96721783	93266	+
PTBP3	chr9	112218434	115185	-
PTCD1	chr7	99416738	22060	-
PTCD2	chr5	72320372	48023	+
PTCD3	chr2	86106234	35923	+
PTCH1	chr9	95442979	66287	-
PTCH2	chr1	44821937	21316	-
PTCHD1	chrX	23334848	69526	+
PTCHD4	chr6	47856672	254525	-
PTCRA	chr6	42916052	9786	+
PTCSC3	chr14	36134889	41833	-
PTDSS1	chr8	96261901	75094	+
PTDSS2	chr11	450278	41121	+
PTEN	chr10	87863624	108306	+
PTER	chr10	16437009	76736	+
PTF1A	chr10	23192311	1934	+
PTGDR	chr14	52267697	9027	+
PTGDR2	chr11	60850932	5018	-
PTGDS	chr9	136977503	4239	+
PTGER1	chr19	14472465	2889	-
PTGER2	chr14	52314311	14287	+
PTGER3	chr1	70970781	77035	-
PTGER4	chr5	40679914	13821	+
PTGES	chr9	129738348	14694	-
PTGES2	chr9	128120692	7037	-
PTGES3	chr12	56663348	24936	-
PTGES3L	chr17	42968102	11978	-
PTGFR	chr1	78490973	49728	+
PTGFRN	chr1	116909915	80438	+
PTGIR	chr19	46620467	4622	-
PTGIS	chr20	49503873	64264	-
PTGR1	chr9	111562566	37081	-
PTGR2	chr14	73851830	33896	+
PTGR3	chr18	75195112	14027	-
PTGS1	chr9	122371023	24680	+
PTGS2	chr1	186671790	8633	-
PTH	chr11	13492053	3944	-
PTH1R	chr3	46877720	26079	+
PTH2	chr19	49422418	1023	-
PTH2R	chr2	208406791	87715	+
PTHLH	chr12	27958083	14650	-
PTK2	chr8	140657899	343383	-
PTK2B	chr8	27325551	133835	+
PTK6	chr20	63528000	9376	-
PTK7	chr6	43076313	85402	+
PTMA	chr2	231708524	5027	+
PTMS	chr12	6766362	4590	+
PTN	chr7	137227340	116393	-
PTOV1	chr19	49851158	9584	+
PTP4A1	chr6	63572479	11109	+
PTP4A2	chr1	31906420	31948	-
PTP4A3	chr8	141392020	40434	+
PTPA	chr9	129111414	37532	+
PTPDC1	chr9	94084463	25390	+
PTPMT1	chr11	47565598	7863	+
PTPN1	chr20	50510382	74859	+
PTPN11	chr12	112418946	90972	+
PTPN12	chr7	77537294	102775	+
PTPN13	chr4	86594314	220847	+
PTPN14	chr1	214348699	202903	-
PTPN18	chr2	130356055	19350	+
PTPN2	chr18	12792151	92086	-
PTPN20	chr10	46911427	90895	+
PTPN21	chr14	88465777	89230	-
PTPN22	chr1	113813810	57902	-
PTPN23	chr3	47381020	32415	+
PTPN3	chr9	109375699	122608	-
PTPN4	chr2	119759921	224978	+
PTPN5	chr11	18727927	63871	-
PTPN6	chr12	6951355	9961	+
PTPN7	chr1	202147015	13587	-
PTPN9	chr15	75463250	116065	-
PTPRA	chr20	2873480	165189	+
PTPRB	chr12	70515869	121560	-
PTPRC	chr1	198639039	118437	+
PTPRCAP	chr11	67435509	2173	-
PTPRD	chr9	8314245	2298757	-
PTPRE	chr10	127907102	178753	+
PTPRF	chr1	43530882	92784	+
PTPRG	chr3	61561570	736039	+
PTPRH	chr19	55181246	28255	-
PTPRJ	chr11	47980558	190281	+
PTPRK	chr6	127968784	551815	-
PTPRM	chr18	7567315	839541	+
PTPRN	chr2	219289622	19779	-
PTPRN2	chr7	157539055	1048768	-
PTPRO	chr12	15322507	275824	+
PTPRQ	chr12	80444234	236039	+
PTPRR	chr12	70638078	282660	-
PTPRS	chr19	5205507	135305	-
PTPRT	chr20	42072755	1117151	-
PTPRU	chr1	29236521	90279	+
PTPRZ1	chr7	121873160	188876	+
PTRH1	chr9	127713806	1857	-
PTRH2	chr17	59697307	10123	-
PTRHD1	chr2	24789727	3664	-
PTS	chr11	112226427	7546	+
PTTG1	chr5	160421854	6885	+
PTTG1IP	chr21	44849597	24093	-
PTTG1IP2	chr7	90469638	43759	+
PTTG2	chr4	37960397	731	+
PTX3	chr3	157436849	6784	+
PTX4	chr16	1485885	3059	-
PUDP	chrX	7048919	99234	-
PUF60	chr8	143816343	12972	-
PUM1	chr1	30931505	134212	-
PUM2	chr2	20248736	102108	-
PUM3	chr9	2804151	39944	-
PURA	chr5	140114108	11511	+
PURB	chr7	44876298	9232	-
PURG	chr8	31030849	2507	-
PUS1	chr12	131929275	16621	+
PUS10	chr2	60940222	78033	-
PUS3	chr11	125893484	9722	-
PUS7	chr7	105456502	65769	-
PUS7L	chr12	43718991	39799	-
PUSL1	chr1	1308596	3081	+
PVALB	chr22	36800702	16333	-
PVALEF	chr17	81165506	17660	+
PVR	chr19	44643909	22253	+
PVRIG	chr7	100219948	1542	+
PVT1	chr8	127794523	306733	+
PWP1	chr12	107685798	27364	+
PWP2	chr21	44107398	23783	+
PWWP2A	chr5	160091338	28112	-
PWWP2B	chr10	132397199	20660	+
PWWP3A	chr19	1354958	23471	+
PWWP3B	chrX	106168304	40652	+
PWWP4	chrX	153266151	12994	+
PXDC1	chr6	3722618	29095	-
PXDN	chr2	1631886	112629	-
PXDNL	chr8	51319576	489869	-
PXK	chr3	58332891	93236	+
PXMP2	chr12	132687586	17399	+
PXMP4	chr20	33702757	17553	-
PXN	chr12	120210446	55284	-
PXT1	chr6	36390550	52304	-
PXYLP1	chr3	141231824	63100	+
PYCARD	chr16	31201485	1275	-
PYCR1	chr17	81932390	4910	-
PYCR2	chr1	225919877	4373	-
PYCR3	chr8	143603209	6366	-
PYDC1	chr16	31215961	1174	-
PYDC2	chr3	191461162	294	+
PYDC5	chr1	158999970	2781	-
PYGB	chr20	25248084	49928	+
PYGL	chr14	50905216	39267	-
PYGM	chr11	64746397	13577	-
PYGO1	chr15	55538883	49462	-
PYGO2	chr1	154957025	4757	-
PYHIN1	chr1	158931551	45508	+
PYM1	chr12	55901412	26482	-
PYROXD1	chr12	21437654	33596	+
PYROXD2	chr10	98383567	31615	-
PYURF	chr4	88520997	2779	-
PYY	chr17	43952732	1208	-
PZP	chr12	9148839	59556	-
QARS1	chr3	49095931	8826	-
QDPR	chr4	17486394	25696	-
QKI	chr6	163414717	163875	+
QNG1	chr9	83938310	18432	-
QPCT	chr2	37344629	28693	+
QPCTL	chr19	45692665	11322	+
QPRT	chr16	29679179	19520	+
QRFP	chr9	130892706	4106	-
QRFPR	chr4	121328641	52377	-
QRICH1	chr3	49029706	64365	-
QRICH2	chr17	76274048	34228	-
QRSL1	chr6	106629577	38840	+
QSER1	chr11	32892810	87460	+
QSOX1	chr1	180154868	49162	+
QSOX2	chr9	136206332	39480	-
QTGAL	chr17	82942148	109622	-
QTMAN	chr2	143938067	394445	-
QTRT1	chr19	10701438	11927	+
QTRT2	chr3	114056736	31686	+
R3HCC1	chr8	23288107	8172	+
R3HCC1L	chr10	98134656	110241	+
R3HDM1	chr2	135531483	193786	+
R3HDM2	chr12	57253763	177280	-
R3HDM4	chr19	896502	16717	-
R3HDML	chr20	44337042	14196	+
RAB10	chr2	26034083	103371	+
RAB11A	chr15	65869490	22499	+
RAB11B	chr19	8390359	14075	+
RAB11FIP1	chr8	37858617	40880	-
RAB11FIP2	chr10	118004915	42026	-
RAB11FIP3	chr16	425648	97363	+
RAB11FIP4	chr17	31391674	146537	+
RAB11FIP5	chr2	73073381	39567	-
RAB12	chr18	8609436	29947	+
RAB13	chr1	153981649	4690	-
RAB14	chr9	121178132	23737	-
RAB15	chr14	64945815	26521	-
RAB17	chr2	237574325	16409	-
RAB18	chr10	27504303	37936	+
RAB19	chr7	140404057	23917	+
RAB1A	chr2	65086853	43253	-
RAB1B	chr11	66268638	8854	+
RAB20	chr13	110523065	38657	-
RAB21	chr12	71754862	45424	+
RAB22A	chr20	58309714	57793	+
RAB23	chr6	57186991	35316	-
RAB24	chr5	177301197	2522	-
RAB25	chr1	156061159	9345	+
RAB26	chr16	2148624	5541	+
RAB27A	chr15	55202965	86848	-
RAB27B	chr18	54828476	67040	+
RAB28	chr4	13367723	116617	-
RAB29	chr1	205767985	7497	-
RAB2A	chr8	60516986	106658	+
RAB2B	chr14	21459019	17940	-
RAB30	chr11	82973132	98765	-
RAB31	chr18	9708300	154251	+
RAB32	chr6	146543832	11121	+
RAB33A	chrX	130171961	12909	+
RAB33B	chr4	139454120	22489	+
RAB34	chr17	28714283	3585	-
RAB35	chr12	120095098	21655	-
RAB36	chr22	23145476	20187	+
RAB37	chr17	74737255	10080	+
RAB38	chr11	88113250	62193	-
RAB39A	chr11	107928447	35035	+
RAB39B	chrX	155258234	6257	-
RAB3A	chr19	18196783	7259	-
RAB3B	chr1	51907955	82745	-
RAB3C	chr5	58583074	276320	+
RAB3D	chr19	11322067	17590	-
RAB3GAP1	chr2	135052291	118419	+
RAB3GAP2	chr1	220148292	124161	-
RAB3IL1	chr11	61897300	20266	-
RAB3IP	chr12	69738859	84340	+
RAB40A	chrX	103499129	20360	-
RAB40AL	chrX	102937271	1029	+
RAB40B	chr17	82654972	43726	-
RAB40C	chr16	590065	39203	+
RAB41	chrX	70282171	2831	+
RAB42	chr1	28592264	3185	+
RAB43	chr3	129087571	34233	-
RAB44	chr6	36697825	35359	+
RAB4A	chr1	229271110	34784	+
RAB4B	chr19	40778246	18696	+
RAB5A	chr3	19947096	38079	+
RAB5B	chr12	55974077	22606	+
RAB5C	chr17	42124978	30011	-
RAB5IF	chr20	36605778	6779	+
RAB6A	chr11	73675637	85437	-
RAB6B	chr3	133824234	71648	-
RAB6C	chr2	129979665	3073	+
RAB6D	chr2	131360491	3677	-
RAB7A	chr3	128726182	88616	+
RAB7B	chr1	205976739	26656	-
RAB8A	chr19	16111888	22346	+
RAB8B	chr15	63189605	78171	+
RAB9A	chrX	13689127	21377	+
RAB9B	chrX	103822326	9931	-
RABAC1	chr19	41956682	2639	-
RABEP1	chr17	5282283	104057	+
RABEP2	chr16	28904420	20818	-
RABEPK	chr9	125200541	33620	+
RABGAP1	chr9	122941019	163847	+
RABGAP1L	chr1	174159519	835789	+
RABGEF1	chr7	66740732	70732	+
RABGGTA	chr14	24265537	6060	-
RABGGTB	chr1	75786255	8831	+
RABIF	chr1	202878281	10868	-
RABL2A	chr2	113627265	16127	+
RABL2B	chr22	50767505	16131	-
RABL3	chr3	120684937	57579	-
RABL6	chr9	136807947	33240	+
RAC1	chr7	6374526	29441	+
RAC2	chr22	37225269	19000	-
RAC3	chr17	82031677	2527	+
RACGAP1	chr12	49989161	36333	-
RACK1	chr5	181236896	7010	-
RAD1	chr5	34905259	10245	-
RAD17	chr5	69369817	44984	+
RAD18	chr3	8877074	86398	-
RAD21	chr8	116845933	28843	-
RAD21L1	chr20	1226043	29833	+
RAD23A	chr19	12945861	7781	+
RAD23B	chr9	107283278	48911	+
RAD50	chr5	132556976	89373	+
RAD51	chr15	40695173	37167	+
RAD51AP1	chr12	4538889	21158	+
RAD51AP2	chr2	17510578	7862	-
RAD51B	chr14	67819778	658315	+
RAD51C	chr17	58692601	43010	+
RAD51D	chr17	35092220	27640	-
RAD52	chr12	911735	37959	-
RAD54B	chr8	94371959	103156	-
RAD54L	chr1	46247762	30711	+
RAD54L2	chr3	51538718	129942	+
RAD9A	chr11	67391985	6425	+
RAD9B	chr12	110502330	31226	+
RADIL	chr7	4797054	86662	-
RADX	chrX	106611977	67462	+
RAE1	chr20	57351254	27948	+
RAET1E	chr6	149883178	14935	-
RAET1G	chr6	149916877	6244	-
RAET1L	chr6	150018333	7199	-
RAF1	chr3	12583600	80517	-
RAG1	chr11	36568006	11756	+
RAG2	chr11	36591942	6294	-
RAI1	chr17	17681457	129996	+
RAI14	chr5	34656327	176285	+
RAI2	chrX	17800048	61250	-
RALA	chr7	39623571	84549	+
RALB	chr2	120252851	41859	+
RALBP1	chr18	9475512	62602	+
RALGAPA1	chr14	35538355	270940	-
RALGAPA2	chr20	20389529	323115	-
RALGAPB	chr20	38472842	106016	+
RALGDS	chr9	133097721	23519	-
RALGPS1	chr9	126914781	308385	+
RALGPS2	chr1	178725243	196597	+
RALY	chr20	33993910	90974	+
RALYL	chr8	84183273	738571	+
RAMAC	chr15	82986209	4848	+
RAMACL	chr6	166583008	3670	-
RAMP1	chr2	237859622	52484	+
RAMP2	chr17	42761226	1815	+
RAMP3	chr7	45157790	26460	+
RAN	chr12	130872065	5613	+
RANBP1	chr22	20116103	11252	+
RANBP10	chr16	67723069	83491	-
RANBP17	chr5	170862017	437998	+
RANBP2	chr2	108719481	66328	+
RANBP3	chr19	5916138	62002	-
RANBP3L	chr5	36246912	54990	-
RANBP6	chr9	6011024	4600	-
RANBP9	chr6	13621497	90338	-
RANGAP1	chr22	41244778	41409	-
RANGRF	chr17	8288669	1418	+
RAP1A	chr1	111619788	96903	+
RAP1B	chr12	68610898	61003	+
RAP1GAP	chr1	21596220	73137	-
RAP1GAP2	chr17	2796437	241304	+
RAP1GDS1	chr4	98261383	182475	+
RAP2A	chr13	97434168	34960	+
RAP2B	chr3	153162225	8402	+
RAP2C	chrX	132203024	16423	-
RAPGEF1	chr9	131576774	163302	-
RAPGEF2	chr4	159103078	257095	+
RAPGEF3	chr12	47734362	24518	-
RAPGEF4	chr2	172735844	317049	+
RAPGEF5	chr7	22118235	238919	-
RAPGEF6	chr5	131423920	211309	-
RAPGEFL1	chr17	40177469	18181	+
RAPH1	chr2	203433681	101620	-
RAPSN	chr11	47437763	11373	-
RARA	chr17	40309179	48464	+
RARB	chr3	25428262	169670	+
RARG	chr12	53210568	21641	-
RARRES1	chr3	158696891	35566	-
RARRES2	chr7	150338328	3301	-
RARS1	chr5	168486470	32831	+
RARS2	chr6	87513937	76050	-
RASA1	chr5	87267882	124034	+
RASA2	chr3	141487026	128318	+
RASA3	chr13	113977782	154841	-
RASA4	chr7	102579645	37111	-
RASA4B	chr7	102479975	37802	-
RASAL1	chr12	113099277	36484	-
RASAL2	chr1	178094103	384747	+
RASAL3	chr19	15451623	12921	-
RASD1	chr17	17494436	1959	-
RASD2	chr22	35540830	13169	+
RASEF	chr9	82979589	83553	-
RASGEF1A	chr10	43194534	72531	-
RASGEF1B	chr4	81426392	45515	-
RASGEF1C	chr5	180100794	108417	-
RASGRF1	chr15	78959905	130875	-
RASGRF2	chr5	80960362	269800	+
RASGRP1	chr15	38488102	76712	-
RASGRP2	chr11	64726910	17232	-
RASGRP3	chr2	33476648	88083	+
RASGRP4	chr19	38409057	17162	-
RASIP1	chr19	48720584	20026	-
RASL10A	chr22	29312932	2765	-
RASL10B	chr17	35731638	11883	+
RASL11A	chr13	27270829	4363	+
RASL11B	chr4	52862316	4519	+
RASL12	chr15	65053336	14655	-
RASSF1	chr3	50329787	11049	-
RASSF10	chr11	13009315	2804	+
RASSF2	chr20	4780022	43586	-
RASSF3	chr12	64610494	87070	+
RASSF4	chr10	44959801	36090	+
RASSF5	chr1	206507530	81918	+
RASSF6	chr4	73571549	48887	-
RASSF7	chr11	560969	3056	+
RASSF8	chr12	25958681	114188	+
RASSF9	chr12	85800702	35707	-
RAVER1	chr19	10316211	17318	-
RAVER2	chr1	64745074	88158	+
RAX	chr18	59267037	6417	-
RAX2	chr19	3769088	3140	-
RB1	chr13	48303750	178140	+
RB1CC1	chr8	52622457	91978	-
RBAK	chr7	5045859	23628	+
RBBP4	chr1	32651207	35004	+
RBBP5	chr1	205086141	35837	-
RBBP6	chr16	24539565	33298	+
RBBP7	chrX	16844340	26022	-
RBBP8	chr18	22933327	93159	+
RBBP8NL	chr20	62410236	17303	-
RBBP9	chr20	18486539	10686	-
RBCK1	chr20	408298	23841	+
RBFA	chr18	80034433	16218	+
RBFOX1	chr16	6019023	1694317	+
RBFOX2	chr22	35738735	290089	-
RBFOX3	chr17	79089344	521707	-
RBIS	chr8	85214047	6327	-
RBKS	chr2	27781378	109009	-
RBL1	chr20	36996348	99649	-
RBL2	chr16	53434470	57178	+
RBM10	chrX	47145220	41593	+
RBM11	chr21	14216156	12216	+
RBM12	chr20	35648924	15976	-
RBM12B	chr8	93728154	12855	-
RBM14	chr11	66616629	13305	+
RBM15	chr1	110339376	7301	+
RBM15B	chr3	51391284	6624	+
RBM17	chr10	6089033	28414	+
RBM18	chr9	122237621	27219	-
RBM19	chr12	113822056	144269	-
RBM20	chr10	110644335	195133	+
RBM22	chr5	150690791	10271	-
RBM23	chr14	22893203	25946	-
RBM24	chr6	17281360	12511	+
RBM25	chr14	73058533	65366	+
RBM26	chr13	79318867	87388	-
RBM27	chr5	146203604	85619	+
RBM28	chr7	128297684	46224	-
RBM3	chrX	48574483	6679	+
RBM33	chr7	155644660	136820	+
RBM34	chr1	235131182	30068	-
RBM38	chr20	57391395	17938	+
RBM39	chr20	35701346	40914	-
RBM4	chr11	66638702	7766	+
RBM41	chrX	107061884	56938	-
RBM42	chr19	35629035	8650	+
RBM43	chr2	151247939	13924	-
RBM44	chr2	237798778	44027	+
RBM45	chr2	178112436	17220	+
RBM46	chr4	154781271	47542	+
RBM47	chr4	40423279	206585	-
RBM48	chr7	92528794	11687	+
RBM4B	chr11	66664997	12890	-
RBM5	chr3	50088918	30103	+
RBM6	chr3	49940149	137100	+
RBM7	chr11	114400665	9942	+
RBM8A	chr1	145921555	5929	-
RBMS1	chr2	160272150	221657	-
RBMS2	chr12	56521819	74374	+
RBMS3	chr3	29281070	729316	+
RBMX	chrX	136873460	7265	-
RBMX2	chrX	130401986	11670	+
RBMXL1	chr1	88979455	13174	-
RBMXL2	chr11	7088997	2151	+
RBMXL3	chrX	115189409	3459	+
RBMY1A1	chrY	21534878	14448	+
RBMY1B	chrY	21511337	14449	+
RBMY1D	chrY	21880075	14451	-
RBMY1E	chrY	21903621	14411	-
RBMY1F	chrY	22168541	14382	-
RBMY1J	chrY	22403409	14472	+
RBP1	chr3	139517437	22305	-
RBP2	chr3	139452883	23633	-
RBP3	chr10	47348362	9519	+
RBP4	chr10	93591693	9542	-
RBP5	chr12	7123685	5204	-
RBP7	chr1	9997227	18794	+
RBPJ	chr4	26321013	113910	+
RBPJL	chr20	45306839	10985	+
RBPMS	chr8	30384540	187716	+
RBPMS2	chr15	64739890	35699	-
RBSN	chr3	15070072	29076	-
RBX1	chr22	40951377	21932	+
RC3H1	chr1	173931083	91274	-
RC3H2	chr9	122844555	60804	-
RCAN1	chr21	34516441	98672	-
RCAN2	chr6	46220735	270714	-
RCAN3	chr1	24502835	38205	+
RCBTB1	chr13	49531945	53613	-
RCBTB2	chr13	48488962	44118	-
RCC1	chr1	28506042	32947	+
RCC1L	chr7	75042182	31620	-
RCC2	chr1	17406759	32918	-
RCCD1	chr15	90954883	8242	+
RCE1	chr11	66843440	3112	+
RCHY1	chr4	75479032	35371	-
RCL1	chr9	4792943	68123	+
RCN1	chr11	32091073	14649	+
RCN2	chr15	76931748	22645	+
RCN3	chr19	49528002	15631	+
RCOR1	chr14	102592648	137913	+
RCOR2	chr11	63911229	5935	-
RCOR3	chr1	211259365	57020	+
RCSD1	chr1	167630231	78465	+
RCVRN	chr17	9896319	8952	-
RD3	chr1	211476521	15641	-
RD3L	chr14	103940425	2104	-
RDH10	chr8	73294601	30680	+
RDH11	chr14	67676799	18965	-
RDH12	chr14	67701885	32566	+
RDH13	chr19	55044315	18833	-
RDH14	chr2	18554722	5931	-
RDH16	chr12	56951430	6178	-
RDH5	chr12	55720392	4313	+
RDH8	chr19	10013482	8797	+
RDM1	chr17	35918079	12694	-
RDX	chr11	110229440	67174	-
REC114	chr15	73443163	116850	+
REC8	chr14	24172079	8175	+
RECK	chr9	36036912	87543	+
RECQL	chr12	21468909	32726	-
RECQL4	chr8	144511287	6546	-
RECQL5	chr17	75626853	40301	-
REDIC1	chr12	39626182	95732	+
REELD1	chr4	146214537	17730	+
REEP1	chr2	86213992	123634	-
REEP2	chr5	138439056	7909	+
REEP3	chr10	63521400	103728	+
REEP4	chr8	22138019	3888	-
REEP5	chr5	112876384	45843	-
REEP6	chr19	1491180	6747	+
REG1A	chr2	79120487	2922	+
REG1B	chr2	79085022	2971	-
REG3A	chr2	79157005	2748	-
REG3G	chr2	79025701	2800	+
REG4	chr1	119794016	17444	-
REL	chr2	60881573	50039	+
RELA	chr11	65653600	9316	-
RELB	chr19	45001463	36729	+
RELCH	chr18	62187254	122995	+
RELL1	chr4	37610633	75743	-
RELL2	chr5	141636996	4068	+
RELN	chr7	103471788	517870	-
RELT	chr11	73376398	21076	+
REM1	chr20	31475287	9608	+
REM2	chr14	22883221	4457	+
REN	chr1	204154818	11519	-
RENBP	chrX	153935268	9375	-
REP15	chr12	27696446	1150	+
REPIN1	chr7	150368821	5218	+
REPS1	chr6	138903492	84761	-
REPS2	chrX	16946657	206615	+
RER1	chr1	2391840	13596	+
RERE	chr1	8352403	465237	-
RERG	chr12	15107782	113635	-
RERGL	chr12	18080868	9325	-
RESF1	chr12	31959414	33693	+
RESP18	chr2	219327406	5338	-
REST	chr4	56907899	27945	+
RET	chr10	43077068	53283	+
RETN	chr19	7669048	1407	+
RETNLB	chr3	108755637	1773	-
RETREG1	chr5	16473052	143945	-
RETREG2	chr2	219178274	7201	+
RETREG3	chr17	42579514	29860	-
RETSAT	chr2	85341954	12574	-
REV1	chr2	99400476	89541	-
REV3L	chr6	111299032	184186	-
REX1BD	chr19	18588797	3540	+
REXO1	chr19	1815247	33236	-
REXO2	chr11	114439466	10813	+
REXO4	chr9	133406061	11949	-
REXO5	chr16	20806526	43139	+
RFC1	chr4	39287455	78907	-
RFC2	chr7	74231501	22898	-
RFC3	chr13	33818148	19352	+
RFC4	chr3	186789899	16583	-
RFC5	chr12	118016702	15532	+
RFESD	chr5	95646776	11306	+
RFFL	chr17	35005989	57718	-
RFK	chr9	76385525	8901	-
RFLNA	chr12	124295092	20932	+
RFLNB	chr17	439977	5963	-
RFNG	chr17	82047901	3910	-
RFPL1	chr22	29438582	3873	+
RFPL2	chr22	32190437	14636	-
RFPL3	chr22	32357866	3295	+
RFPL4A	chr19	55759096	4325	+
RFPL4AL1	chr19	55769117	4303	+
RFPL4B	chr6	112347329	3965	+
RFT1	chr3	53088482	41953	-
RFTN1	chr3	16315844	197855	-
RFTN2	chr2	197568223	107364	-
RFWD3	chr16	74621398	45479	-
RFX1	chr19	13961529	44791	-
RFX2	chr19	5993163	117337	-
RFX3	chr9	3218296	307705	-
RFX4	chr12	106583003	179800	+
RFX5	chr1	151340639	6613	-
RFX6	chr6	116877241	54920	+
RFX7	chr15	56087279	156600	-
RFX8	chr2	101397358	77754	-
RFXANK	chr19	19192257	9609	+
RFXAP	chr13	36819221	9883	+
RGCC	chr13	41457549	13322	+
RGL1	chr1	183805119	123413	+
RGL2	chr6	33291653	7289	-
RGL3	chr19	11394059	25255	-
RGL4	chr22	23691012	8156	+
RGMA	chr15	93035270	53941	-
RGMB	chr5	98773662	22832	+
RGN	chrX	47078442	14871	+
RGP1	chr9	35749286	9299	+
RGPD1	chr2	86942117	71859	+
RGPD2	chr2	87755959	69837	-
RGPD3	chr2	106403405	65008	-
RGPD4	chr2	107826891	65653	+
RGPD5	chr2	109794304	63401	+
RGPD6	chr2	110513801	63421	-
RGPD8	chr2	112368368	65277	-
RGR	chr10	84245052	14908	+
RGS1	chr1	192575772	4252	+
RGS10	chr10	119499816	42903	-
RGS11	chr16	268306	7638	-
RGS12	chr4	3293020	146893	+
RGS13	chr1	192636146	24165	+
RGS14	chr5	177357923	14673	+
RGS16	chr1	182598622	5767	-
RGS17	chr6	153004458	126824	-
RGS18	chr1	192158461	27354	+
RGS19	chr20	64073180	6338	-
RGS2	chr1	192809038	3237	+
RGS20	chr8	53880871	78432	+
RGS21	chr1	192316991	50294	+
RGS22	chr8	99960935	145114	-
RGS3	chr9	113463726	134012	+
RGS4	chr1	163069360	7442	+
RGS5	chr1	163142298	60618	-
RGS6	chr14	71932428	634102	+
RGS7	chr1	240775513	581692	-
RGS7BP	chr5	64506014	106305	+
RGS8	chr1	182641817	42770	-
RGS9	chr17	65137369	90334	+
RGS9BP	chr19	32675847	2453	+
RGSL1	chr1	182450145	110452	+
RHAG	chr6	49605174	31665	-
RHBDD1	chr2	226836053	163157	+
RHBDD2	chr7	75879033	9893	+
RHBDD3	chr22	29259871	8110	-
RHBDF1	chr16	58058	14573	-
RHBDF2	chr17	76470895	30528	-
RHBDL1	chr16	675670	2598	+
RHBDL2	chr1	38885806	56024	-
RHBDL3	chr17	32265831	58828	+
RHBG	chr1	156369210	16009	+
RHCE	chr1	25362248	58577	-
RHCG	chr15	89471406	25177	-
RHD	chr1	25272508	57937	+
RHEB	chr7	151466011	53884	-
RHEBL1	chr12	49064675	5304	-
RHEX	chr1	206053172	49277	+
RHNO1	chr12	2877222	12302	+
RHO	chr3	129528638	6706	+
RHOA	chr3	49359144	52832	-
RHOB	chr2	20447073	2367	+
RHOBTB1	chr10	60869437	74748	-
RHOBTB2	chr8	22999547	20652	+
RHOBTB3	chr5	95731335	65026	+
RHOC	chr1	112701130	5997	-
RHOD	chr11	67056846	15171	+
RHOF	chr12	121777753	15935	-
RHOG	chr11	3826977	13982	-
RHOH	chr4	40197030	49937	+
RHOJ	chr14	63204442	89066	+
RHOQ	chr2	46542489	42199	+
RHOT1	chr17	32142501	83226	+
RHOT2	chr16	668131	6040	+
RHOU	chr1	228735478	11186	+
RHOV	chr15	40872213	2021	-
RHOXF1	chrX	120109050	6863	-
RHOXF2	chrX	120158612	7018	+
RHOXF2B	chrX	120072263	5427	-
RHPN1	chr8	143368875	15346	+
RHPN2	chr19	32978591	86297	-
RIBC1	chrX	53422872	8243	+
RIBC2	chr22	45413692	18817	+
RIC1	chr9	5629106	147451	+
RIC3	chr11	8106055	62970	-
RIC8A	chr11	207707	7406	+
RIC8B	chr12	106774681	114635	+
RICTOR	chr5	38937919	136480	-
RIDA	chr8	98102343	14828	-
RIF1	chr2	151409901	72271	+
RIGI	chr9	32455301	70895	-
RIIAD1	chr1	151721521	8284	+
RILP	chr17	1646149	3717	-
RILPL1	chr12	123470053	63666	-
RILPL2	chr12	123415038	21646	-
RIMBP2	chr12	130396132	320167	-
RIMBP3	chr22	18605814	6105	-
RIMBP3B	chr22	21383750	5728	+
RIMBP3C	chr22	21545665	5796	-
RIMKLA	chr1	42380791	43441	+
RIMKLB	chr12	8697990	79201	+
RIMOC1	chr5	41904343	17293	+
RIMS1	chr6	71886549	516596	+
RIMS2	chr8	103500609	753821	+
RIMS3	chr1	40620679	45003	-
RIMS4	chr20	44751807	58739	-
RIN1	chr11	66330240	6194	-
RIN2	chr20	19758257	244199	+
RIN3	chr14	92513780	175214	+
RING1	chr6	33208499	4217	+
RINL	chr19	38867829	10446	-
RINT1	chr7	105532200	35477	+
RIOK1	chr6	7389807	28230	+
RIOK2	chr5	97160866	22381	-
RIOK3	chr18	23453286	29854	+
RIOX1	chr14	73490932	2462	+
RIOX2	chr3	97941817	30614	-
RIPK1	chr6	3068493	46694	+
RIPK2	chr8	89757815	33249	+
RIPK3	chr14	24336024	3967	-
RIPK4	chr21	41739372	27680	-
RIPOR1	chr16	67528828	17958	+
RIPOR2	chr6	24804283	131677	-
RIPOR3	chr20	50586107	105435	-
RIPPLY1	chrX	106900062	3279	-
RIPPLY2	chr6	83853359	4156	+
RIPPLY3	chr21	37006701	12961	+
RIT1	chr1	155897807	13542	-
RIT2	chr18	42743226	372459	-
RITA1	chr12	113185720	6648	+
RLBP1	chr15	89209868	11711	-
RLF	chr1	40161386	79535	+
RLIG1	chr12	88035535	14625	+
RLIM	chrX	74582975	31649	-
RLN1	chr9	5334929	4947	-
RLN2	chr9	5299863	4853	-
RLN3	chr19	14028147	3404	+
RMC1	chr18	23503510	28312	+
RMDN1	chr8	86472348	36338	-
RMDN2	chr2	37925286	92458	+
RMDN3	chr15	40735886	19368	-
RMI1	chr9	83980804	23270	+
RMI2	chr16	11345458	6302	+
RMND1	chr6	151404761	47365	-
RMND5A	chr2	86720290	57751	+
RMND5B	chr5	178131013	19555	+
RMP24	chr18	35972678	6600	+
RMP64	chr3	113002443	17228	-
RMRP	chr9	35657749	270	-
RMST	chr12	97462803	102232	+
RNASE1	chr14	20801227	1617	-
RNASE10	chr14	20505536	8348	+
RNASE11	chr14	20582891	5110	-
RNASE12	chr14	20590072	1304	-
RNASE13	chr14	21032817	1990	-
RNASE2	chr14	20955486	950	+
RNASE3	chr14	20891384	964	+
RNASE4	chr14	20684559	16657	+
RNASE6	chr14	20781267	1200	+
RNASE7	chr14	21042361	1872	+
RNASE8	chr14	21057821	634	+
RNASE9	chr14	20556092	4955	-
RNASEH1	chr2	3541429	16904	-
RNASEH2A	chr19	12806583	7057	+
RNASEH2B	chr13	50909790	46972	+
RNASEH2C	chr11	65717672	3126	-
RNASEK	chr17	7012623	1909	+
RNASEL	chr1	182573633	15623	-
RNASET2	chr6	166922112	34438	-
RND1	chr12	48857144	8726	-
RND2	chr17	43025230	6811	+
RND3	chr2	150468194	19473	-
RNF10	chr12	120534355	43233	+
RNF103	chr2	86603397	20468	-
RNF11	chr1	51236272	37175	+
RNF111	chr15	58987662	109757	+
RNF112	chr17	19411231	6045	+
RNF113A	chrX	119870474	1259	-
RNF113B	chr13	98175784	1485	-
RNF114	chr20	49936396	17489	+
RNF115	chr1	145738867	85228	-
RNF121	chr11	71929045	68552	+
RNF122	chr8	33547753	19375	-
RNF123	chr3	49689556	31973	+
RNF125	chr18	32018824	54395	+
RNF126	chr19	647525	15689	-
RNF128	chrX	106726700	70316	+
RNF13	chr3	149813214	148925	+
RNF130	chr5	179955066	116693	-
RNF133	chr7	122697734	1383	-
RNF135	chr17	30971038	28873	+
RNF138	chr18	32091873	39688	+
RNF139	chr8	124474879	13739	+
RNF14	chr5	141969104	21188	+
RNF141	chr11	10511672	29515	-
RNF144A	chr2	6917411	126768	+
RNF144B	chr6	18387349	81521	+
RNF145	chr5	159157408	52145	-
RNF146	chr6	127266863	21699	+
RNF148	chr7	122701667	1255	-
RNF149	chr2	101275600	33101	-
RNF150	chr4	140859806	273663	-
RNF151	chr16	1966855	2094	+
RNF152	chr18	61808066	84941	-
RNF157	chr17	76142473	98020	-
RNF166	chr16	88696500	9908	-
RNF167	chr17	4940267	4955	+
RNF168	chr3	196468782	34986	-
RNF169	chr11	74748848	93565	+
RNF17	chr13	24764168	115753	+
RNF170	chr8	42853300	43305	-
RNF175	chr4	153710159	49865	-
RNF180	chr5	64165842	207027	+
RNF181	chr2	85595744	1964	+
RNF182	chr6	13924951	55359	+
RNF183	chr9	113297092	6284	-
RNF185	chr22	31160181	46838	+
RNF186	chr1	19814028	1255	-
RNF187	chr1	228487381	8807	+
RNF19A	chr8	100257066	52887	-
RNF19B	chr1	32936448	28361	-
RNF2	chr1	185045557	57046	+
RNF20	chr9	101533852	29492	+
RNF207	chr1	6206118	15181	+
RNF208	chr9	137220258	1982	-
RNF212	chr4	1071477	42087	-
RNF212B	chr14	23237935	35542	+
RNF213	chr17	80260851	137943	+
RNF214	chr11	117232670	53784	+
RNF215	chr22	30378820	8591	-
RNF216	chr7	5620046	161617	-
RNF217	chr6	124962436	130197	+
RNF220	chr1	44405254	246469	+
RNF222	chr17	8390701	7126	-
RNF223	chr1	1070966	3340	-
RNF224	chr9	137227501	2139	+
RNF225	chr19	58395655	1424	+
RNF227	chr17	7913338	2951	-
RNF228	chr2	222314147	6008	-
RNF24	chr20	3927310	88248	-
RNF25	chr2	218663891	8111	-
RNF26	chr11	119334526	2783	+
RNF31	chr14	24147497	13158	+
RNF32	chr7	156640773	36357	+
RNF34	chr12	121400117	24231	+
RNF38	chr9	36336399	63870	-
RNF39	chr6	30070269	5500	-
RNF4	chr4	2469105	46752	+
RNF40	chr16	30762321	13986	+
RNF41	chr12	56202178	19744	-
RNF43	chr17	58353675	63859	-
RNF44	chr5	176526711	10691	-
RNF5	chr6	32178404	2389	+
RNF6	chr13	26212774	9540	-
RNF7	chr3	141738297	9263	+
RNF8	chr6	37353982	40752	+
RNFT1	chr17	59952239	12501	-
RNFT2	chr12	116738314	115317	+
RNGTT	chr6	88609896	353722	-
RNH1	chr11	494514	12728	-
RNLS	chr10	88284101	299217	-
RNMT	chr18	13726672	37884	+
RNPC3	chr1	103525698	29541	+
RNPEP	chr1	201982647	23496	+
RNPEPL1	chr2	240568483	12889	+
RNPS1	chr16	2253119	15007	-
RNU1-1	chr1	16514121	164	-
RNU1-2	chr1	16895979	164	+
RNU1-3	chr1	16666784	164	-
RNU1-4	chr1	16740515	164	+
RNU11	chr1	28648599	135	+
RNU12	chr22	42615243	150	+
RNU2-1	chr17	43233789	188	-
RNU2-2	chr11	62841618	191	-
RNU2-63P	chr2	88016357	190	-
RNU4-1	chr12	120293092	145	-
RNU4-2	chr12	120291758	145	-
RNU4ATAC	chr2	121530879	130	+
RNU5A-1	chr15	65296050	117	+
RNU5B-1	chr15	65304676	117	+
RNU5D-1	chr1	44731068	102	-
RNU5E-1	chr1	11908151	121	+
RNU5F-1	chr1	44721784	118	-
RNU6-1	chr15	67839938	107	-
RNU6-2	chr19	1021521	107	+
RNU6-7	chr14	32202044	107	+
RNU6-8	chr14	32203162	107	-
RNU6-9	chr19	893483	107	+
RNU6ATAC	chr9	134164438	126	-
RNU7-1	chr12	6943815	63	+
RO60	chr1	193059611	31608	+
ROBO1	chr3	78597238	1170760	-
ROBO2	chr3	77040098	609866	+
ROBO3	chr11	124865431	16040	+
ROBO4	chr11	124883690	14175	-
ROCK1	chr18	20946905	164908	-
ROCK2	chr2	11179758	164878	-
ROGDI	chr16	4796967	5666	-
ROM1	chr11	62613256	1860	+
ROMO1	chr20	35699404	1576	+
ROPN1	chr3	123969014	23110	-
ROPN1B	chr3	125969177	14277	+
ROPN1L	chr5	10441878	23148	+
ROR1	chr1	63774016	407482	+
ROR2	chr9	91722600	227628	-
RORA	chr15	60488283	741019	-
RORB	chr9	74497334	195843	+
RORC	chr1	151806070	25732	-
ROS1	chr6	117287352	138590	-
RP1	chr8	54616095	14739	+
RP1L1	chr8	10606348	48795	-
RP2	chrX	46837042	45316	+
RP9	chr7	33094796	14608	-
RPA1	chr17	1830004	70078	+
RPA2	chr1	27891523	23052	-
RPA3	chr7	7636517	82090	-
RPA4	chrX	96883907	1560	+
RPAIN	chr17	5420181	12696	+
RPAP1	chr15	41517175	27082	-
RPAP2	chr1	92299058	102998	+
RPAP3	chr12	47661248	44782	-
RPE	chr2	210002637	19623	+
RPE65	chr1	68428821	21133	-
RPEL1	chr10	103245886	2130	+
RPF1	chr1	84479265	19087	+
RPF2	chr6	110982037	46226	+
RPGR	chrX	38284407	43102	-
RPGRIP1	chr14	21280082	71219	+
RPGRIP1L	chr16	53598152	105707	-
RPH3A	chr12	112791747	107134	+
RPH3AL	chr17	212388	140419	-
RPIA	chr2	88691672	59257	+
RPL10	chrX	154398376	3956	+
RPL10A	chr6	35468400	2380	+
RPL10L	chr14	46651009	772	-
RPL11	chr1	23691805	5030	+
RPL12	chr9	127447673	3733	-
RPL13	chr16	89560681	3861	+
RPL13A	chr19	49487607	4701	+
RPL14	chr3	40457338	11249	+
RPL15	chr3	23917131	3858	+
RPL17	chr18	49488480	3985	-
RPL18	chr19	48615330	3848	-
RPL18A	chr19	17859909	3410	+
RPL19	chr17	39200282	4450	+
RPL21	chr13	27251557	5011	+
RPL22	chr1	6185019	14576	-
RPL22L1	chr3	170864874	5321	-
RPL23	chr17	38847859	5862	-
RPL23A	chr17	28719984	4375	+
RPL24	chr3	101681090	5628	-
RPL26	chr17	8377515	5678	-
RPL26L1	chr5	172959423	10348	+
RPL27	chr17	42998418	4541	+
RPL27A	chr11	8682791	7081	+
RPL28	chr19	55385931	6154	+
RPL29	chr3	51993521	2374	-
RPL3	chr22	39312881	6742	-
RPL30	chr8	98041720	3825	-
RPL31	chr2	101002288	4979	+
RPL32	chr3	12834484	7081	-
RPL34	chr4	108620575	4795	+
RPL35	chr9	124857882	4075	-
RPL35A	chr3	197950189	6421	+
RPL36	chr19	5690294	1581	+
RPL36A	chrX	101391010	5145	+
RPL36AL	chr14	49618529	2097	-
RPL37	chr5	40825261	9961	-
RPL37A	chr2	216498843	5243	+
RPL38	chr17	74203677	6978	+
RPL39	chrX	119786503	5127	-
RPL39L	chr3	187120947	18549	-
RPL3L	chr16	1943973	10716	-
RPL4	chr15	66498014	6841	-
RPL41	chr12	56116632	1335	+
RPL5	chr1	92832039	9885	+
RPL6	chr12	112405188	4417	-
RPL7	chr8	73290241	3392	-
RPL7A	chr9	133348217	3209	+
RPL7L1	chr6	42879615	10285	+
RPL8	chr8	144789768	2622	-
RPL9	chr4	39454123	4799	-
RPLP0	chr12	120196698	4413	-
RPLP1	chr15	69452817	3388	+
RPLP2	chr11	809966	2910	+
RPN1	chr3	128619968	30850	-
RPN2	chr20	37179329	62290	+
RPP14	chr3	58306244	13949	+
RPP21	chr6	30345155	1702	+
RPP25	chr15	74954417	2355	-
RPP25L	chr9	34610494	1603	-
RPP30	chr10	90871973	30218	+
RPP38	chr10	15097354	6903	+
RPP40	chr6	4994716	9321	-
RPRD1A	chr18	35989823	77736	-
RPRD1B	chr20	38033745	58619	+
RPRD2	chr1	150364146	112420	+
RPRM	chr2	153477337	1425	-
RPRML	chr17	46978155	1098	-
RPS10	chr6	34417453	8616	-
RPS11	chr19	49496433	3275	+
RPS12	chr6	132814568	2996	+
RPS13	chr11	17074387	3280	-
RPS14	chr5	150442634	7105	-
RPS15	chr19	1438395	2100	+
RPS15A	chr16	18781294	9040	-
RPS16	chr19	39433136	2813	-
RPS17	chr15	82536749	3708	-
RPS18	chr6	33272074	4437	+
RPS19	chr19	41860254	12671	+
RPS19BP1	chr22	39529092	3656	-
RPS2	chr16	1962057	2769	-
RPS20	chr8	56073053	1453	-
RPS21	chr20	62387102	1418	+
RPS23	chr5	82273319	5035	-
RPS24	chr10	78033862	6835	+
RPS25	chr11	119015716	2627	-
RPS26	chr12	56041917	2780	+
RPS27	chr1	153990761	1394	+
RPS27A	chr2	55232687	3166	+
RPS27L	chr15	63148248	9229	-
RPS28	chr19	8321495	1845	+
RPS29	chr14	49583576	2804	-
RPS3	chr11	75399517	7390	+
RPS3A	chr4	151099627	5015	+
RPS4X	chrX	72272041	5207	-
RPS4Y1	chrY	2841601	25667	+
RPS4Y2	chrY	20756107	24925	+
RPS5	chr19	58387268	7536	+
RPS6	chr9	19375714	4522	-
RPS6KA1	chr1	26529760	45265	+
RPS6KA2	chr6	166409363	217888	-
RPS6KA3	chrX	20149910	116999	-
RPS6KA4	chr11	64359161	13054	+
RPS6KA5	chr14	90847860	212781	-
RPS6KA6	chrX	84058349	129850	-
RPS6KB1	chr17	59893120	57454	+
RPS6KB2	chr11	67428493	6908	+
RPS6KC1	chr1	213051240	223534	+
RPS6KL1	chr14	74903950	19310	-
RPS7	chr2	3575259	5661	+
RPS8	chr1	44775539	3240	+
RPS9	chr19	54200857	6790	+
RPSA	chr3	39406719	5823	+
RPSA2	chr19	23763003	65865	+
RPTN	chr1	152153594	5634	-
RPTOR	chr17	80544837	421531	+
RPUSD1	chr16	784973	3408	-
RPUSD2	chr15	40569298	5651	+
RPUSD3	chr3	9837848	6160	-
RPUSD4	chr11	126202095	9555	-
RRAD	chr16	66921684	3851	-
RRAGA	chr9	19049426	1599	+
RRAGB	chrX	55717748	41026	+
RRAGC	chr1	38838197	21575	-
RRAGD	chr6	89364615	47658	-
RRAS	chr19	49635291	4852	-
RRAS2	chr11	14277921	81262	-
RRBP1	chr20	17613678	68564	-
RREB1	chr6	7107960	144020	+
RRH	chr4	109827971	16971	+
RRM1	chr11	4094798	44134	+
RRM2	chr2	10122738	8676	+
RRM2B	chr8	102204501	34460	-
RRN3	chr16	15060032	34240	-
RRP1	chr21	43789576	15717	+
RRP12	chr10	97356700	44640	-
RRP15	chr1	218285292	52691	+
RRP1B	chr21	43659559	36520	+
RRP36	chr6	43021622	7977	+
RRP7A	chr22	42508343	11453	-
RRP8	chr11	6595071	8545	-
RRP9	chr3	51933428	8476	-
RRS1	chr8	66429013	1720	+
RS1	chrX	18639687	32421	-
RSAD1	chr17	50478859	7115	+
RSAD2	chr2	6877776	20463	+
RSBN1	chr1	113761831	50645	-
RSBN1L	chr7	77696458	86564	+
RSC1A1	chr1	15659712	2321	+
RSF1	chr11	77660008	160714	-
RSKR	chr17	28607962	6223	-
RSL1D1	chr16	11833849	17693	-
RSL24D1	chr15	55180805	16136	-
RSPH1	chr21	42472485	23739	-
RSPH10B	chr7	5926135	44554	-
RSPH10B2	chr7	6754102	44663	+
RSPH14	chr22	23059414	82576	-
RSPH3	chr6	158972870	27332	-
RSPH4A	chr6	116616478	16507	+
RSPH6A	chr19	45795712	19596	-
RSPH9	chr6	43645035	27565	+
RSPO1	chr1	37611349	23543	-
RSPO2	chr8	107899315	184305	-
RSPO3	chr6	127118670	80811	+
RSPO4	chr20	958451	43860	-
RSPRY1	chr16	57186328	54141	+
RSRC1	chr3	158110088	435642	+
RSRC2	chr12	122503453	23483	-
RSRP1	chr1	25242248	5206	-
RSU1	chr10	16590610	226814	-
RTBDN	chr19	12825481	9098	-
RTCA	chr1	100266215	26554	+
RTCB	chr22	32387581	24666	-
RTEL1	chr20	63658311	37934	+
RTF1	chr15	41417094	66469	+
RTF2	chr20	56468626	50823	+
RTKN	chr2	74425834	16103	-
RTKN2	chr10	62193085	75759	-
RTL1	chr14	100879752	23970	-
RTL10	chr22	19846145	8729	-
RTL3	chrX	78656067	3261	-
RTL4	chrX	112083015	374499	+
RTL5	chrX	72127109	4806	-
RTL6	chr22	44492582	5651	-
RTL8A	chrX	135050931	1204	-
RTL8B	chrX	135020512	2030	-
RTL8C	chrX	135032354	1192	+
RTL9	chrX	110358847	97487	+
RTN1	chr14	59595982	274794	-
RTN2	chr19	45485293	11754	-
RTN3	chr11	63681499	78383	+
RTN4	chr2	54972188	78263	-
RTN4IP1	chr6	106570770	58728	-
RTN4R	chr22	20241414	26904	-
RTN4RL1	chr17	1934676	90658	-
RTN4RL2	chr11	57460527	17007	+
RTP1	chr3	187197485	3977	+
RTP2	chr3	187698258	4299	-
RTP3	chr3	46497975	2975	+
RTP4	chr3	187368384	3692	+
RTP5	chr2	241869728	4095	+
RTRAF	chr14	51989545	21149	+
RTTN	chr18	70003030	202657	-
RUBCN	chr3	197668866	68038	-
RUBCNL	chr13	46334680	52572	-
RUFY1	chr5	179550553	59459	+
RUFY2	chr10	68343407	63870	-
RUFY3	chr4	70721963	86656	+
RUFY4	chr2	218069252	21332	+
RUNDC1	chr17	42980564	14578	+
RUNDC3A	chr17	44308600	10070	+
RUNDC3B	chr7	87628397	203899	+
RUNX1	chr21	34787800	261502	-
RUNX1T1	chr8	91954971	148414	-
RUNX2	chr6	45328329	222753	+
RUNX3	chr1	24899510	30766	-
RUSC1	chr1	155320893	10221	+
RUSC2	chr9	35490110	71785	+
RUSF1	chr16	31489474	18917	-
RUVBL1	chr3	128080809	43003	-
RUVBL2	chr19	48993886	22084	+
RWDD1	chr6	116571503	26172	+
RWDD2A	chr6	83193356	5579	+
RWDD2B	chr21	29004383	14966	-
RWDD3	chr1	95234209	13016	+
RWDD4	chr4	183639634	19551	-
RXFP1	chr4	158521881	131491	+
RXFP2	chr13	31739525	63864	+
RXFP3	chr5	33936385	2533	+
RXFP4	chr1	155941637	1450	+
RXRA	chr9	134326454	114131	+
RXRB	chr6	33193587	7078	-
RXRG	chr1	165400921	44205	-
RXYLT1	chr12	63779908	29654	+
RYBP	chr3	72374596	72027	-
RYK	chr3	134157132	93727	-
RYR1	chr19	38433690	153874	+
RYR2	chr1	237042183	791805	+
RYR3	chr15	33310966	555136	+
S100A1	chr1	153628433	3606	+
S100A10	chr1	151982914	10945	-
S100A11	chr1	152032505	4499	-
S100A12	chr1	153373710	1911	-
S100A13	chr1	153618798	8707	-
S100A14	chr1	153614254	2071	-
S100A16	chr1	153606885	6252	-
S100A2	chr1	153561107	4737	-
S100A3	chr1	153547328	1930	-
S100A4	chr1	153543620	2186	-
S100A5	chr1	153537146	3788	-
S100A6	chr1	153534598	1393	-
S100A7	chr1	153457743	2908	-
S100A7A	chr1	153416519	6703	+
S100A8	chr1	153390031	1042	-
S100A9	chr1	153357853	3170	+
S100B	chr21	46598603	6479	-
S100G	chrX	16650157	4513	+
S100P	chr4	6693877	3293	+
S100PBP	chr1	32817652	41223	+
S100Z	chr5	76850013	71637	+
S1PR1	chr1	101237018	4500	+
S1PR2	chr19	10221432	9899	-
S1PR3	chr9	88991467	13688	+
S1PR4	chr19	3178768	1564	+
S1PR5	chr19	10512741	4706	-
SAA1	chr11	18266263	3704	+
SAA2	chr11	18245239	3429	-
SAA4	chr11	18231354	5448	-
SAAL1	chr11	18080291	25791	-
SAC3D1	chr11	65041209	3619	+
SACM1L	chr3	45689395	56014	+
SACS	chr13	23328829	104873	-
SAE1	chr19	47130834	79802	+
SAFB	chr19	5623082	45396	+
SAFB2	chr19	5586998	35778	-
SAG	chr2	233307815	39240	+
SAGE1	chrX	135893715	19347	+
SALL1	chr16	51135981	15289	-
SALL2	chr14	21521079	5267	-
SALL3	chr18	78979817	19152	+
SALL4	chr20	51782330	20191	-
SAMD1	chr19	14087850	2901	-
SAMD10	chr20	63974115	5527	-
SAMD11	chr1	923922	20652	+
SAMD12	chr8	118377983	243980	-
SAMD13	chr1	84301707	49091	+
SAMD14	chr17	50110039	20121	-
SAMD15	chr14	77377378	14785	+
SAMD3	chr6	130144314	78637	-
SAMD4A	chr14	54567127	226185	+
SAMD4B	chr19	39342420	43280	+
SAMD5	chr6	147508689	61332	+
SAMD7	chr3	169911571	27604	+
SAMD8	chr10	75111655	70468	+
SAMD9	chr7	93099517	18462	-
SAMD9L	chr7	93130055	18330	-
SAMHD1	chr20	36890228	61480	-
SAMM50	chr22	43955441	41088	+
SAMMSON	chr3	69999732	70727	+
SAMSN1	chr21	14485227	61088	-
SAMTOR	chr7	112819146	120729	-
SANBR	chr2	61065870	58410	+
SAP130	chr2	127941221	86838	-
SAP18	chr13	21140118	8979	+
SAP25	chr7	100572227	1673	-
SAP30	chr4	173370953	6579	+
SAP30BP	chr17	75667337	40722	+
SAP30L	chr5	154445996	15057	+
SAPCD1	chr6	31762655	2195	+
SAPCD2	chr9	137062126	8431	-
SAR1A	chr10	70147288	23226	-
SAR1B	chr5	134601148	31680	-
SARAF	chr8	30063002	20062	-
SARDH	chr9	133663559	74793	-
SARM1	chr17	28371693	32356	+
SARNP	chr12	55757269	60455	-
SARS1	chr1	109213917	24265	+
SARS2	chr19	38915265	15498	-
SART1	chr11	65961733	18404	+
SART3	chr12	108522213	38960	-
SASH1	chr6	148342837	209207	+
SASH3	chrX	129779948	15253	+
SASS6	chr1	100083569	49361	-
SAT1	chrX	23783172	3038	+
SAT2	chr17	7626233	1588	-
SATB1	chr3	18345376	79963	-
SATB2	chr2	199269504	188435	-
SATL1	chrX	85092283	151496	-
SAV1	chr14	50633579	34727	-
SAXO1	chr9	18927649	105560	-
SAXO2	chr15	82262817	22110	+
SAXO3	chr19	49017967	2582	-
SAXO4	chr11	61481119	9809	+
SAXO5	chr19	7497547	10903	+
SAYSD1	chr6	39104062	11124	-
SBDS	chr7	66987679	7907	-
SBF1	chr22	50444999	30036	-
SBF2	chr11	9778667	515552	-
SBK1	chr16	28292524	31325	+
SBK2	chr19	55528610	8523	-
SBK3	chr19	55540655	4888	-
SBNO1	chr12	123289108	75739	-
SBNO2	chr19	1107637	66631	-
SBSN	chr19	35523366	4945	-
SBSPON	chr8	73064542	28630	-
SC5D	chr11	121292770	20640	+
SCAANT1	chr3	63911511	872	-
SCAF1	chr19	49642208	16434	+
SCAF11	chr12	45919130	71444	-
SCAF4	chr21	31670999	61119	-
SCAF8	chr6	154733415	100806	+
SCAI	chr9	124942607	200921	-
SCAMP1	chr5	78360616	120123	+
SCAMP2	chr15	74843729	29636	-
SCAMP3	chr1	155255980	6380	-
SCAMP4	chr19	1905398	20615	+
SCAMP5	chr15	74995562	25933	+
SCAND1	chr20	35953623	879	-
SCAND3	chr6	28570534	16764	-
SCAP	chr3	47413680	62261	-
SCAPER	chr15	76347903	557437	-
SCARA3	chr8	27633901	39117	+
SCARA5	chr8	27869882	122791	-
SCARB1	chr12	124776855	87009	-
SCARB2	chr4	76158736	55088	-
SCARF1	chr17	1633857	11875	-
SCARF2	chr22	20424583	13242	-
SCART1	chr10	133453944	15816	+
SCCPDH	chr1	246724408	43729	+
SCD	chr10	100347232	17594	+
SCD5	chr4	82629538	169258	-
SCEL	chr13	77535705	109558	+
SCFD1	chr14	30622318	113532	+
SCFD2	chr4	52872981	493080	-
SCG2	chr2	223596939	5422	-
SCG3	chr15	51681502	39524	+
SCG5	chr15	32641709	55383	+
SCGB1A1	chr11	62419032	4163	+
SCGB1C1	chr11	193077	1498	+
SCGB1C2	chr17	137568	1499	+
SCGB1D1	chr11	62190215	3324	+
SCGB1D2	chr11	62242238	2574	+
SCGB1D4	chr11	62296280	2795	-
SCGB2A1	chr11	62208672	5271	+
SCGB2A2	chr11	62270157	3003	+
SCGB2B2	chr19	34590643	86516	-
SCGB3A1	chr5	180590104	1395	-
SCGB3A2	chr5	147878710	3481	+
SCGN	chr6	25652214	49569	+
SCHIP1	chr3	159273243	624116	+
SCIMP	chr17	5208919	25941	-
SCIN	chr7	12570719	89463	+
SCLT1	chr4	128883992	209547	-
SCLY	chr2	238061000	38413	+
SCMH1	chr1	41027201	215105	-
SCML1	chrX	17737492	17493	+
SCML2	chrX	18239312	115376	-
SCML4	chr6	107702153	122160	-
SCN10A	chr3	38696806	119411	-
SCN11A	chr3	38845763	206181	-
SCN1A	chr2	165985812	142208	-
SCN1B	chr19	35030469	9980	+
SCN2A	chr2	165239413	152891	+
SCN2B	chr11	118162805	13834	-
SCN3A	chr2	165087525	116525	-
SCN3B	chr11	123629187	25437	-
SCN4A	chr17	63938553	34365	-
SCN4B	chr11	118133376	19447	-
SCN5A	chr3	38548061	101626	-
SCN7A	chr2	166403572	90677	-
SCN8A	chr12	51591232	221632	+
SCN9A	chr2	166195184	180760	-
SCNM1	chr1	151166143	4153	+
SCNN1A	chr12	6346846	28717	-
SCNN1B	chr16	23302301	78993	+
SCNN1D	chr1	1280435	11590	+
SCNN1G	chr16	23182744	34139	+
SCO1	chr17	10672473	25060	-
SCO2	chr22	50523567	2031	-
SCOC	chr4	140373645	12083	+
SCP2	chr1	52927275	124423	+
SCP2D1	chr20	18813782	596	+
SCPEP1	chr17	56978130	28638	+
SCPPPQ1	chr4	87460801	10249	-
SCRG1	chr4	173384700	14416	-
SCRIB	chr8	143790924	24849	-
SCRN1	chr7	29920108	69693	-
SCRN2	chr17	47837691	3582	-
SCRN3	chr2	174395729	33846	+
SCRT1	chr8	144330564	5918	-
SCRT2	chr20	661595	14207	-
SCT	chr11	626308	873	-
SCTR	chr2	119439842	84641	-
SCUBE1	chr22	43197279	146093	-
SCUBE2	chr11	9019475	72124	-
SCUBE3	chr6	35213955	39124	+
SCX	chr8	144266452	2029	+
SCYGR1	chr2	227387682	267	-
SCYGR2	chr2	227598892	363	+
SCYGR3	chr2	227614537	303	-
SCYGR4	chr2	227617497	318	+
SCYGR5	chr2	227666803	258	+
SCYGR6	chr2	227724439	318	-
SCYGR7	chr2	227728334	291	+
SCYGR8	chr2	227745893	327	+
SCYL1	chr11	65525082	13622	+
SCYL2	chr12	100267176	74539	+
SCYL3	chr1	169849630	44266	-
SDAD1	chr4	75949914	41031	-
SDC1	chr2	20200796	24334	-
SDC2	chr8	96493812	117978	+
SDC3	chr1	30869465	39293	-
SDC4	chr20	45325287	23137	-
SDCBP	chr8	58553260	29598	+
SDCBP2	chr20	1309908	19231	-
SDCCAG8	chr1	243256040	244051	+
SDE2	chr1	225982701	16642	-
SDF2	chr17	28648345	13561	-
SDF2L1	chr22	21642301	1998	+
SDF4	chr1	1216930	15071	-
SDHA	chr5	218319	38763	+
SDHAF1	chr19	35995187	1125	+
SDHAF2	chr11	61430123	16610	+
SDHAF3	chr7	97117697	64066	+
SDHAF4	chr6	70566929	22640	+
SDHB	chr1	17018721	35311	-
SDHC	chr1	161314380	48826	+
SDHD	chr11	112086872	8922	+
SDK1	chr7	3301251	967749	+
SDK2	chr17	73334383	310062	-
SDR16C5	chr8	56300004	20171	-
SDR39U1	chr14	24439765	3011	-
SDR42E1	chr16	81988854	22616	-
SDR42E2	chr16	22162505	29246	+
SDR9C7	chr12	56923132	11276	-
SDS	chr12	113392444	11443	-
SDSL	chr12	113422379	15897	+
SEBOX	chr17	28363505	1694	-
SEC11A	chr15	84669543	46596	-
SEC11C	chr18	59139883	18949	+
SEC13	chr3	10300930	20182	-
SEC14L1	chr17	77140968	76133	+
SEC14L2	chr22	30397017	28286	+
SEC14L3	chr22	30459228	12789	-
SEC14L4	chr22	30488901	16794	-
SEC14L5	chr16	4958329	60828	+
SEC14L6	chr22	30522798	23943	-
SEC16A	chr9	136440104	42936	-
SEC16B	chr1	177928787	41271	-
SEC22A	chr3	123201942	72194	+
SEC22B	chr1	120150897	25623	-
SEC22C	chr3	42547968	33999	-
SEC23A	chr14	39031918	71317	-
SEC23B	chr20	18507939	53476	+
SEC23IP	chr10	119892729	51928	+
SEC24A	chr5	134648784	79125	+
SEC24B	chr4	109433814	107082	+
SEC24C	chr10	73744371	27790	+
SEC24D	chr4	118722822	113304	-
SEC31A	chr4	82818508	72645	-
SEC31B	chr10	100486646	33215	-
SEC61A1	chr3	128052436	19247	+
SEC61A2	chr10	12129676	35731	+
SEC61B	chr9	99222281	8334	+
SEC61G	chr7	54752252	6959	-
SEC62	chr3	169966806	31567	+
SEC63	chr6	107867755	90453	-
SECISBP2	chr9	89318499	41164	+
SECISBP2L	chr15	48988637	57809	-
SECTM1	chr17	82321023	12743	-
SEH1L	chr18	12948010	39521	+
SEL1L	chr14	81471546	62307	-
SEL1L2	chr20	13849246	141368	-
SEL1L3	chr4	25747432	115556	-
SELE	chr1	169722639	11440	-
SELENBP1	chr1	151364303	8402	-
SELENOF	chr1	86862444	51682	-
SELENOH	chr11	57741490	2060	+
SELENOI	chr2	26346142	49743	+
SELENOK	chr3	53884416	7443	-
SELENOM	chr22	31104776	2792	-
SELENON	chr1	25800192	18029	+
SELENOO	chr22	50201010	16606	+
SELENOP	chr5	42799879	12013	-
SELENOS	chr15	101272190	5295	-
SELENOT	chr3	150603320	27116	+
SELENOV	chr19	39515138	5537	+
SELENOW	chr19	47778702	5980	+
SELL	chr1	169690666	20954	-
SELP	chr1	169588848	41276	-
SELPLG	chr12	108621894	12000	-
SEM1	chr7	96688761	21085	-
SEMA3A	chr7	83955776	239013	-
SEMA3B	chr3	50269146	8400	+
SEMA3C	chr7	80742537	176514	-
SEMA3D	chr7	84995552	191504	-
SEMA3E	chr7	83363237	285902	-
SEMA3F	chr3	50155323	33752	+
SEMA3G	chr3	52433034	12069	-
SEMA4A	chr1	156153584	24160	+
SEMA4B	chr15	90201329	28331	+
SEMA4C	chr2	96859717	10363	-
SEMA4D	chr9	89377234	120879	-
SEMA4F	chr2	74654246	29595	+
SEMA4G	chr10	100969503	16113	+
SEMA5A	chr5	9035032	511043	-
SEMA5B	chr3	122909081	118682	-
SEMA6A	chr5	116443554	131269	-
SEMA6B	chr19	4542592	17092	-
SEMA6C	chr1	151131706	14925	-
SEMA6D	chr15	47717504	56724	+
SEMA7A	chr15	74409288	24670	-
SEMG1	chr20	45207032	2736	+
SEMG2	chr20	45221372	3086	+
SENP1	chr12	48042896	63183	-
SENP2	chr3	185586294	47257	+
SENP3	chr17	7561918	10051	+
SENP5	chr3	196867919	66795	+
SENP6	chr6	75601879	116402	+
SENP7	chr3	101324204	189008	-
SENP8	chr15	72118402	25290	+
SEPHS1	chr10	13317427	30866	-
SEPHS2	chr16	30443630	2244	-
SEPSECS	chr4	25120013	40436	-
SEPTIN1	chr16	30378134	4427	-
SEPTIN10	chr2	109542798	71168	-
SEPTIN11	chr4	76949751	88864	+
SEPTIN12	chr16	4777605	10740	-
SEPTIN14	chr7	55793539	69213	-
SEPTIN2	chr2	241315924	38103	+
SEPTIN3	chr22	41969442	28779	+
SEPTIN4	chr17	58520255	24073	-
SEPTIN5	chr22	19714502	8817	+
SEPTIN6	chrX	119616944	76224	-
SEPTIN7	chr7	35801056	106054	+
SEPTIN8	chr5	132750818	26421	-
SEPTIN9	chr17	77281498	219095	+
SERAC1	chr6	158109518	58744	-
SERBP1	chr1	67407809	22593	-
SERF1A	chr5	70900668	7447	+
SERF1B	chr5	70025250	17863	+
SERF2	chr15	43792319	3760	+
SERGEF	chr11	17788047	225000	-
SERHL2	chr22	42553955	20427	+
SERINC1	chr6	122443350	28457	-
SERINC2	chr1	31413212	21466	+
SERINC3	chr20	44497440	24630	-
SERINC4	chr15	43794161	6059	-
SERINC5	chr5	80138726	117322	-
SERP1	chr3	150541997	4499	-
SERP2	chr13	44373823	23891	+
SERPINA1	chr14	94376746	11856	-
SERPINA10	chr14	94280459	12809	-
SERPINA11	chr14	94442463	10337	-
SERPINA12	chr14	94487278	22191	-
SERPINA3	chr14	94612390	11663	+
SERPINA4	chr14	94561441	8465	+
SERPINA5	chr14	94581425	11693	+
SERPINA6	chr14	94304247	19089	-
SERPINA7	chrX	106032434	6293	-
SERPINA9	chr14	94462720	13477	-
SERPINB1	chr6	2832331	9532	-
SERPINB10	chr18	63907957	28154	+
SERPINB11	chr18	63702959	20934	+
SERPINB12	chr18	63542368	26961	+
SERPINB13	chr18	63587342	11850	+
SERPINB2	chr18	63887704	16184	+
SERPINB3	chr18	63655196	6697	-
SERPINB4	chr18	63637258	6998	-
SERPINB5	chr18	63476957	28128	+
SERPINB6	chr6	2948158	23409	-
SERPINB7	chr18	63775417	29953	+
SERPINB8	chr18	63970080	19294	+
SERPINB9	chr6	2887269	16040	-
SERPINC1	chr1	173903799	13528	-
SERPIND1	chr22	20774112	13608	+
SERPINE1	chr7	101127103	12144	+
SERPINE2	chr2	223975044	64242	-
SERPINE3	chr13	51339690	25045	+
SERPINF1	chr17	1762059	15506	+
SERPINF2	chr17	1742870	12395	+
SERPING1	chr11	57597684	17164	+
SERPINH1	chr11	75562252	10531	+
SERPINI1	chr3	167735720	89849	+
SERPINI2	chr3	167441932	32110	-
SERTAD1	chr19	40421588	4404	-
SERTAD2	chr2	64631620	22293	-
SERTAD3	chr19	40440843	3492	-
SERTAD4	chr1	210232795	13460	+
SERTM1	chr13	36674019	23820	+
SERTM2	chrX	111511644	10755	+
SESN1	chr6	108984308	110538	-
SESN2	chr1	28259517	22974	+
SESN3	chr11	95165512	65690	-
SESTD1	chr2	179101677	163155	-
SET	chr9	128689221	7175	+
SETBP1	chr18	44680887	387623	+
SETD1A	chr16	30957753	26911	+
SETD1B	chr12	121804008	28648	+
SETD2	chr3	47016435	147678	-
SETD3	chr14	99397747	83112	-
SETD4	chr21	36034540	25986	-
SETD5	chr3	9397614	80540	+
SETD6	chr16	58515516	8326	+
SETD7	chr4	139506037	50182	-
SETD9	chr5	56909595	7753	+
SETDB1	chr1	150926362	38375	+
SETDB2	chr13	49444273	50730	+
SETMAR	chr3	4303368	13897	+
SETSIP	chr1	92074532	879	-
SETX	chr9	132261355	93631	-
SEZ6	chr17	28954904	51129	-
SEZ6L	chr22	26169461	214135	+
SEZ6L2	chr16	29871158	28392	-
SF1	chr11	64764605	13937	-
SF3A1	chr22	30331987	24907	-
SF3A2	chr19	2236823	11832	+
SF3A3	chr1	37956974	33048	-
SF3B1	chr2	197389783	45245	-
SF3B2	chr11	66052363	16945	+
SF3B3	chr16	70523815	53853	+
SF3B4	chr1	149923316	4487	-
SF3B5	chr6	144094883	690	-
SF3B6	chr2	24067585	8741	-
SFI1	chr22	31496535	122053	+
SFMBT1	chr3	52903571	142502	-
SFMBT2	chr10	7158623	252411	-
SFN	chr1	26863148	1308	+
SFPQ	chr1	35182935	10210	-
SFR1	chr10	104122170	4213	+
SFRP1	chr8	41261961	47512	-
SFRP2	chr4	153780590	8493	-
SFRP4	chr7	37905931	10886	-
SFRP5	chr10	97766750	5249	-
SFSWAP	chr12	131711089	88649	+
SFT2D1	chr6	166319727	22818	-
SFT2D2	chr1	168226003	27018	+
SFT2D3	chr2	127701496	3746	+
SFTA2	chr6	30931352	818	-
SFTPA1	chr10	79610938	4505	+
SFTPA2	chr10	79555851	4556	-
SFTPB	chr2	85657313	10886	-
SFTPC	chr8	22161797	2682	+
SFTPD	chr10	79937739	11366	-
SFXN1	chr5	175478559	51183	+
SFXN2	chr10	102714635	28857	+
SFXN3	chr10	101031233	10008	+
SFXN4	chr10	119140766	24948	-
SFXN5	chr2	72942035	129677	-
SGCA	chr17	50166004	9924	+
SGCB	chr4	52020705	17594	-
SGCD	chr5	156327163	440625	+
SGCE	chr7	94584979	71154	-
SGCG	chr13	23180978	144184	+
SGCZ	chr8	14084844	1153587	-
SGF29	chr16	28553919	37871	+
SGIP1	chr1	66534152	216987	+
SGK1	chr6	134169255	148857	-
SGK2	chr20	43559026	26601	+
SGK3	chr8	66712780	149242	+
SGMS1	chr10	50305599	318357	-
SGMS2	chr4	107824931	90116	+
SGO1	chr3	20169483	16723	-
SGO2	chr2	200526206	57890	+
SGPL1	chr10	70815947	65237	+
SGPP1	chr14	63684215	43850	-
SGPP2	chr2	222424542	138079	+
SGSH	chr17	80209275	11058	-
SGSM1	chr22	24806210	121368	+
SGSM2	chr17	2337500	43554	+
SGSM3	chr22	40370593	39696	+
SGTA	chr19	2754714	28559	-
SGTB	chr5	65665927	56182	-
SH2B1	chr16	28863842	10363	+
SH2B2	chr7	102286867	34844	+
SH2B3	chr12	111405922	45701	+
SH2D1A	chrX	124346562	26598	+
SH2D1B	chr1	162395267	16869	-
SH2D2A	chr1	156806242	10606	-
SH2D3A	chr19	6752159	15276	-
SH2D3C	chr9	127738316	40350	-
SH2D4A	chr8	19313692	82526	+
SH2D4B	chr10	80537901	108659	+
SH2D5	chr1	20719730	12973	-
SH2D6	chr2	85418713	18316	+
SH2D7	chr15	78092560	11802	+
SH3BGR	chr21	39451969	63535	+
SH3BGRL	chrX	81202101	96446	+
SH3BGRL2	chr6	79631328	72327	+
SH3BGRL3	chr1	26280085	1437	+
SH3BP1	chr22	37639668	16449	+
SH3BP2	chr4	2793084	48012	+
SH3BP4	chr2	234952016	103698	+
SH3BP5	chr3	15254352	78234	-
SH3BP5L	chr1	248810445	15470	-
SH3D19	chr4	151120280	205325	-
SH3D21	chr1	36306367	14980	+
SH3GL1	chr19	4360369	40178	-
SH3GL2	chr9	17579065	218059	+
SH3GL3	chr15	83447340	171403	+
SH3GLB1	chr1	86704575	43609	+
SH3GLB2	chr9	129007035	21296	-
SH3KBP1	chrX	19533976	353624	-
SH3PXD2A	chr10	103594026	261550	-
SH3PXD2B	chr5	172333498	121027	-
SH3RF1	chr4	169094258	176698	-
SH3RF2	chr5	145936577	126715	+
SH3RF3	chr2	109129204	375430	+
SH3TC1	chr4	8199289	41814	+
SH3TC2	chr5	148982149	80913	-
SH3YL1	chr2	218143	45889	-
SHANK1	chr19	50659254	60548	-
SHANK2	chr11	70467853	784724	-
SHANK3	chr22	50672822	60390	+
SHARPIN	chr8	144098636	5137	-
SHB	chr9	37915897	153330	-
SHBG	chr17	7630134	3238	+
SHC1	chr1	154962297	8450	-
SHC2	chr19	416588	44445	-
SHC3	chr9	89005770	173048	-
SHC4	chr15	48823740	140179	-
SHCBP1	chr16	46578590	42789	-
SHCBP1L	chr1	182899864	53302	-
SHD	chr19	4279265	11457	+
SHE	chr1	154479480	22932	-
SHF	chr15	45167213	20753	-
SHFL	chr19	10086316	6927	+
SHH	chr7	155799979	12484	-
SHISA2	chr13	26044596	7420	-
SHISA3	chr4	42397487	5000	+
SHISA4	chr1	201888897	3690	+
SHISA5	chr3	48467875	36299	-
SHISA6	chr17	11241212	322851	+
SHISA7	chr19	55428739	14561	-
SHISA8	chr22	41909542	5532	-
SHISA9	chr16	12901597	338819	+
SHISAL1	chr22	44243664	69287	-
SHISAL2A	chr1	52633167	23898	+
SHISAL2B	chr5	64690502	27688	+
SHKBP1	chr19	40576872	14525	+
SHLD1	chr20	5750400	113995	+
SHLD2	chr10	87095205	96260	+
SHLD3	chr5	65625026	5902	+
SHMT1	chr17	18327872	35678	-
SHMT2	chr12	57229710	5225	+
SHOC1	chr9	111686170	108767	-
SHOC2	chr10	110919603	94062	+
SHOX	chrX	630790	20794	+
SHOX2	chr3	158095904	10516	-
SHPK	chr17	3608239	28011	-
SHPRH	chr6	145884806	79552	-
SHQ1	chr3	72749276	99169	-
SHROOM1	chr5	132822140	8507	-
SHROOM2	chrX	9786428	163015	+
SHROOM3	chr4	76435228	348025	+
SHROOM4	chrX	50586795	227399	-
SHTN1	chr10	116881476	123711	-
SI	chr3	164978897	99599	-
SIAE	chr11	124633112	40627	-
SIAH1	chr16	48360530	24883	-
SIAH2	chr3	150741124	22045	-
SIAH3	chr13	45777241	74512	-
SIDT1	chr3	113532554	97021	+
SIDT2	chr11	117178742	18700	+
SIGIRR	chr11	405715	9284	-
SIGLEC1	chr20	3686969	25631	-
SIGLEC10	chr19	51410019	7623	-
SIGLEC11	chr19	49948984	12188	-
SIGLEC12	chr19	51491226	10574	-
SIGLEC14	chr19	51639477	7348	-
SIGLEC15	chr18	45825674	18420	+
SIGLEC16	chr19	49969663	6151	+
SIGLEC5	chr19	51610959	19442	-
SIGLEC6	chr19	51517818	13852	-
SIGLEC7	chr19	51142300	11226	+
SIGLEC8	chr19	51450996	7458	-
SIGLEC9	chr19	51124905	5405	+
SIGLECL1	chr19	51251079	18251	+
SIGMAR1	chr9	34634721	3066	-
SIK1	chr21	43414482	12649	-
SIK2	chr11	111602448	128407	+
SIK3	chr11	116843401	255027	-
SIKE1	chr1	114769478	11207	-
SIL1	chr5	138946723	251645	-
SIM1	chr6	100385008	79913	-
SIM2	chr21	36699114	50803	+
SIMC1	chr5	176238423	107566	+
SIN3A	chr15	75369378	82312	-
SIN3B	chr19	16829397	50952	+
SINHCAF	chr12	31280583	45567	-
SIPA1	chr11	65638100	12812	+
SIPA1L1	chr14	71320475	420734	+
SIPA1L2	chr1	232397964	232169	-
SIPA1L3	chr19	37907207	301162	+
SIRPA	chr20	1895406	45186	+
SIRPB1	chr20	1561384	58625	-
SIRPB2	chr20	1474577	16843	-
SIRPD	chr20	1534250	23455	-
SIRPG	chr20	1629151	28628	-
SIRT1	chr10	67884655	33735	+
SIRT2	chr19	38878559	21059	-
SIRT3	chr11	215029	21313	-
SIRT4	chr12	120302320	10929	+
SIRT5	chr6	13574600	40558	+
SIRT6	chr19	4174108	8455	-
SIRT7	chr17	81911938	6238	-
SIT1	chr9	35649294	1637	-
SIVA1	chr14	104753146	6508	+
SIX1	chr14	60643420	6057	-
SIX2	chr2	45005181	4271	-
SIX3	chr2	44941701	4370	+
SIX4	chr14	60709538	14813	-
SIX5	chr19	45764784	4468	-
SIX6	chr14	60509145	3705	+
SKA1	chr18	50375045	19123	+
SKA2	chr17	59109856	45330	-
SKA3	chr13	21153594	22958	-
SKAP1	chr17	48133441	296773	-
SKAP2	chr7	26667067	197523	-
SKI	chr1	2228318	81895	+
SKIC2	chr6	31959174	10577	+
SKIC3	chr5	95463893	91084	-
SKIC8	chr15	78283234	16375	-
SKIDA1	chr10	21513474	12208	-
SKIL	chr3	170357714	39121	+
SKOR1	chr15	67825508	9074	+
SKOR2	chr18	47206168	45492	-
SKP1	chr5	134148934	28016	-
SKP2	chr5	36152110	32209	+
SLA	chr8	133036727	65875	-
SLA2	chr20	36612317	33879	-
SLAIN1	chr13	77697686	66543	+
SLAIN2	chr4	48341528	84673	+
SLAMF1	chr1	160608105	38939	-
SLAMF6	chr1	160485035	38220	-
SLAMF7	chr1	160739246	15575	+
SLAMF8	chr1	159826872	10620	+
SLAMF9	chr1	159951491	2746	-
SLBP	chr4	1692730	19589	-
SLC10A1	chr14	69775415	21826	-
SLC10A2	chr13	103043997	22420	-
SLC10A3	chrX	154487310	3319	-
SLC10A4	chr4	48483342	6184	+
SLC10A5	chr8	81693630	1428	-
SLC10A6	chr4	86823467	25917	-
SLC10A7	chr4	146253980	267960	-
SLC11A1	chr2	218382272	14622	+
SLC11A2	chr12	50985991	40393	-
SLC12A1	chr15	48206301	97777	+
SLC12A2	chr5	128083765	105912	+
SLC12A3	chr16	56865206	50644	+
SLC12A4	chr16	67943473	25164	-
SLC12A5	chr20	46029214	30936	+
SLC12A6	chr15	34229783	107998	-
SLC12A7	chr5	1050383	61680	-
SLC12A8	chr3	125082643	130105	-
SLC12A9	chr7	100852712	14298	+
SLC13A1	chr7	123113530	86439	-
SLC13A2	chr17	28473643	24138	+
SLC13A3	chr20	46557827	93632	-
SLC13A4	chr7	135681230	46956	-
SLC13A5	chr17	6684718	28651	-
SLC14A1	chr18	45724180	28340	+
SLC14A2	chr18	45615475	68213	+
SLC15A1	chr13	98683800	68872	-
SLC15A2	chr3	121894400	49788	+
SLC15A3	chr11	60937083	15093	-
SLC15A4	chr12	128793193	30765	-
SLC15A5	chr12	16188484	89201	-
SLC16A1	chr1	112911846	44350	-
SLC16A10	chr6	111087502	143692	+
SLC16A11	chr17	7041620	2472	-
SLC16A12	chr10	89430298	105296	-
SLC16A13	chr17	7036014	4103	+
SLC16A14	chr2	230034981	33943	-
SLC16A2	chrX	74421492	112424	+
SLC16A3	chr17	82229041	11045	+
SLC16A4	chr1	110362856	28170	-
SLC16A5	chr17	75087953	18209	+
SLC16A6	chr17	68267025	24102	-
SLC16A7	chr12	59596028	193813	+
SLC16A8	chr22	38078136	6048	-
SLC16A9	chr10	59650763	59087	-
SLC17A1	chr6	25782914	49138	-
SLC17A2	chr6	25912753	17938	-
SLC17A3	chr6	25844855	29388	-
SLC17A4	chr6	25754741	26458	+
SLC17A5	chr6	73593378	60614	-
SLC17A6	chr11	22338380	41123	+
SLC17A7	chr19	49429400	12127	-
SLC17A8	chr12	100357073	64982	+
SLC17A9	chr20	62952708	16877	+
SLC18A1	chr8	20144854	38282	-
SLC18A2	chr10	117241113	38317	+
SLC18A3	chr10	49610309	2411	+
SLC18B1	chr6	132769369	29268	-
SLC19A1	chr21	45512564	29876	-
SLC19A2	chr1	169463908	22036	-
SLC19A3	chr2	227683762	34266	-
SLC1A1	chr9	4490467	97002	+
SLC1A2	chr11	35251204	168354	-
SLC1A3	chr5	36606605	81729	+
SLC1A4	chr2	64989398	34467	+
SLC1A5	chr19	46774882	13712	-
SLC1A6	chr19	14950032	29832	-
SLC1A7	chr1	53087182	55456	-
SLC20A1	chr2	112645938	17887	+
SLC20A2	chr8	42416474	84757	-
SLC22A1	chr6	160121814	36904	+
SLC22A10	chr11	63289902	21881	+
SLC22A11	chr11	64555940	16935	+
SLC22A12	chr11	64591219	11125	+
SLC22A13	chr3	38265811	12946	+
SLC22A14	chr3	38282293	36282	+
SLC22A15	chr1	115976512	93542	+
SLC22A16	chr6	110424686	51927	-
SLC22A17	chr14	23346317	6570	-
SLC22A2	chr6	160216754	42067	-
SLC22A23	chr6	3268972	188078	-
SLC22A24	chr11	63079939	64282	-
SLC22A25	chr11	63158436	85163	-
SLC22A3	chr6	160348377	104200	+
SLC22A31	chr16	89195760	4777	-
SLC22A4	chr5	132294393	49797	+
SLC22A5	chr5	132369709	25903	+
SLC22A6	chr11	62976596	8371	-
SLC22A7	chr6	43298259	7279	+
SLC22A8	chr11	62992823	23018	-
SLC22A9	chr11	63369784	40510	+
SLC23A1	chr5	139367195	16102	-
SLC23A2	chr20	4852357	149153	-
SLC23A3	chr2	219161464	8565	-
SLC24A1	chr15	65621937	34323	+
SLC24A2	chr9	19507454	281583	-
SLC24A3	chr20	19212641	510285	+
SLC24A4	chr14	92323164	178317	+
SLC24A5	chr15	48120989	21683	+
SLC25A1	chr22	19175580	3156	-
SLC25A10	chr17	81712283	8729	+
SLC25A11	chr17	4937129	2917	-
SLC25A12	chr2	171783404	110840	-
SLC25A13	chr7	96120219	201879	-
SLC25A14	chrX	130339918	33439	+
SLC25A15	chr13	40789610	22850	+
SLC25A16	chr10	68477997	49526	-
SLC25A17	chr22	40769629	49717	-
SLC25A18	chr22	17563497	27498	+
SLC25A19	chr17	75272991	16442	-
SLC25A2	chr5	141302634	1415	-
SLC25A20	chr3	48856925	41957	-
SLC25A21	chr14	36677920	494686	-
SLC25A22	chr11	790474	7807	-
SLC25A23	chr19	6440063	19729	-
SLC25A24	chr1	108134042	66301	-
SLC25A25	chr9	128068231	41014	+
SLC25A26	chr3	66221000	157923	+
SLC25A27	chr6	46652974	25216	+
SLC25A28	chr10	99610521	9918	-
SLC25A28-DT	chr10	99620844	1074	+
SLC25A29	chr14	100291115	15329	-
SLC25A3	chr12	98593685	12682	+
SLC25A30	chr13	45393315	25058	-
SLC25A31	chr4	127730399	43893	+
SLC25A32	chr8	103398637	16470	-
SLC25A33	chr1	9539464	45709	+
SLC25A34	chr1	15736257	5135	+
SLC25A35	chr17	8290060	5340	-
SLC25A36	chr3	140941835	39160	+
SLC25A37	chr8	23528955	46508	+
SLC25A38	chr3	39383369	13982	+
SLC25A39	chr17	44319627	5196	-
SLC25A4	chr4	185143265	7117	+
SLC25A40	chr7	87833567	42793	-
SLC25A41	chr19	6426036	7727	-
SLC25A42	chr19	19063993	49037	+
SLC25A43	chrX	119399335	55143	+
SLC25A44	chr1	156194103	18693	+
SLC25A45	chr11	65375191	7455	-
SLC25A46	chr5	110739006	26151	+
SLC25A47	chr14	100323338	7083	+
SLC25A48	chr5	135834662	53975	+
SLC25A5	chrX	119468443	2953	+
SLC25A51	chr9	37887603	16524	-
SLC25A52	chr18	31759583	1297	-
SLC25A53	chrX	104099213	57796	-
SLC25A6	chrX	1386151	5962	-
SLC26A1	chr4	987656	5748	-
SLC26A11	chr17	80220426	33074	+
SLC26A2	chr5	149960757	26643	+
SLC26A3	chr7	107765468	37755	-
SLC26A4	chr7	107660827	56982	+
SLC26A5	chr7	103374206	72001	-
SLC26A6	chr3	48625722	9739	-
SLC26A7	chr8	91249318	148837	+
SLC26A8	chr6	35943515	81126	-
SLC26A9	chr1	205913051	30405	-
SLC27A1	chr19	17470523	35645	+
SLC27A2	chr15	50182195	54190	+
SLC27A3	chr1	153775406	4751	+
SLC27A4	chr9	128340526	20944	+
SLC27A5	chr19	58498332	13660	-
SLC27A6	chr5	128965487	68148	+
SLC28A1	chr15	84884661	61137	+
SLC28A2	chr15	45252233	25613	+
SLC28A3	chr9	84275456	65302	-
SLC29A1	chr6	44223594	10548	+
SLC29A2	chr11	66362520	9240	-
SLC29A3	chr10	71319258	44127	+
SLC29A4	chr7	5282942	23970	+
SLC2A1	chr1	42925352	33516	-
SLC2A10	chr20	46709648	26699	+
SLC2A11	chr22	23857874	28438	+
SLC2A12	chr6	133987580	65044	-
SLC2A13	chr12	39755024	351057	-
SLC2A14	chr12	7812513	60402	-
SLC2A2	chr3	170996346	30374	-
SLC2A3	chr12	7919229	16958	-
SLC2A4	chr17	7281717	6540	+
SLC2A4RG	chr20	63739775	4275	+
SLC2A5	chr1	9035105	34530	-
SLC2A6	chr9	133471093	8006	-
SLC2A7	chr1	9002972	23451	-
SLC2A8	chr9	127397168	10730	+
SLC2A9	chr4	9826223	195274	-
SLC30A1	chr1	211571567	7594	-
SLC30A10	chr1	219910444	18113	-
SLC30A2	chr1	26037251	8867	-
SLC30A3	chr2	27253683	9364	-
SLC30A4	chr15	45479605	43150	-
SLC30A5	chr5	69094013	37056	+
SLC30A6	chr2	32165863	58516	+
SLC30A7	chr1	100896089	85668	+
SLC30A8	chr8	117134994	41720	+
SLC30A9	chr4	41990529	99932	+
SLC31A1	chr9	113221543	42949	+
SLC31A2	chr9	113151006	13134	+
SLC32A1	chr20	38724485	4887	+
SLC33A1	chr3	155821023	33404	-
SLC33A2	chr8	144509069	2144	+
SLC34A1	chr5	177384433	14415	+
SLC34A2	chr4	25655850	22898	+
SLC34A3	chr9	137230900	5655	+
SLC35A1	chr6	87472973	39363	+
SLC35A2	chrX	48903182	8464	-
SLC35A3	chr1	99969995	65639	+
SLC35A4	chr5	140564827	4273	+
SLC35A5	chr3	112562044	23535	+
SLC35B1	chr17	49700942	7022	-
SLC35B2	chr6	44254100	3428	-
SLC35B3	chr6	8411434	24111	-
SLC35B4	chr7	134289331	27599	-
SLC35C1	chr11	45805148	7868	+
SLC35D1	chr1	66999349	54799	-
SLC35D2	chr9	96320709	63002	-
SLC35D3	chr6	136922300	3360	+
SLC35D4	chr18	23296012	141949	-
SLC35E1	chr19	16549836	22579	-
SLC35E2B	chr1	1661477	31318	-
SLC35E3	chr12	68746175	35293	+
SLC35E4	chr22	30635780	12113	+
SLC35F1	chr6	117907263	410408	+
SLC35F2	chr11	107790990	67797	-
SLC35F3	chr1	233904675	419836	+
SLC35F4	chr14	57563919	302173	-
SLC35F5	chr2	113706708	49934	-
SLC35F6	chr2	26764283	16948	+
SLC35G1	chr10	93893977	9847	+
SLC35G2	chr3	136819125	36763	+
SLC35G3	chr17	35192519	1874	-
SLC35G4	chr18	11609595	1017	+
SLC35G5	chr8	11331011	1349	+
SLC35G6	chr17	7481445	2051	+
SLC35H1	chr20	46345983	18442	-
SLC36A1	chr5	151447602	44777	+
SLC36A2	chr5	151314971	32588	-
SLC36A3	chr5	151276357	27409	-
SLC36A4	chr11	93144173	53818	-
SLC37A1	chr21	42513851	67575	+
SLC37A2	chr11	125063304	27212	+
SLC37A3	chr7	140333751	64779	-
SLC37A4	chr11	119024111	6766	-
SLC38A1	chr12	46183062	85981	-
SLC38A10	chr17	81244810	50497	-
SLC38A11	chr2	164894353	61172	-
SLC38A12	chr17	74776498	63255	+
SLC38A2	chr12	46358187	14586	-
SLC38A3	chr3	50205270	16216	+
SLC38A4	chr12	46764760	61237	-
SLC38A5	chrX	48458543	11717	-
SLC38A6	chr14	60981244	71386	+
SLC38A7	chr16	58665108	19662	-
SLC38A8	chr16	84009666	33129	-
SLC38A9	chr5	55625847	86477	-
SLC39A1	chr1	153959109	4428	-
SLC39A10	chr2	195657225	80475	+
SLC39A11	chr17	72645948	446740	-
SLC39A12	chr10	17951917	91368	+
SLC39A13	chr11	47408589	7907	+
SLC39A14	chr8	22367277	55459	+
SLC39A2	chr14	20999292	2579	+
SLC39A3	chr19	2732523	7494	-
SLC39A4	chr8	144412413	4431	-
SLC39A5	chr12	56230050	7796	+
SLC39A6	chr18	36108530	20810	-
SLC39A7	chr6	33200866	3571	+
SLC39A8	chr4	102261665	83817	-
SLC39A9	chr14	69398691	63699	+
SLC3A1	chr2	44275479	46015	+
SLC3A2	chr11	62880895	7965	+
SLC40A1	chr2	189560589	20197	-
SLC41A1	chr1	205789094	24104	-
SLC41A2	chr12	104801800	156490	-
SLC41A3	chr3	126006356	77768	-
SLC43A1	chr11	57484533	31169	-
SLC43A2	chr17	1569267	59567	-
SLC43A3	chr11	57406953	20168	-
SLC44A1	chr9	105244650	152696	+
SLC44A2	chr19	10625552	19005	+
SLC44A3	chr1	94820356	74890	+
SLC44A4	chr6	31863191	15806	-
SLC44A5	chr1	75202128	408986	-
SLC45A1	chr1	8318113	26052	+
SLC45A2	chr5	33944622	40071	-
SLC45A3	chr1	205657850	22659	-
SLC45A4	chr8	141207173	101115	-
SLC46A1	chr17	28394641	11571	-
SLC46A2	chr9	112878919	11957	-
SLC46A3	chr13	28700079	18891	-
SLC47A1	chr17	19533853	45181	+
SLC47A2	chr17	19678316	38268	-
SLC48A1	chr12	47773237	9514	+
SLC49A3	chr4	681828	7323	-
SLC49A4	chr3	122795068	86071	+
SLC4A1	chr17	44248389	19746	-
SLC4A10	chr2	161624415	360855	+
SLC4A11	chr20	3227421	11769	-
SLC4A1AP	chr2	27663888	31081	+
SLC4A2	chr7	151059588	16935	+
SLC4A3	chr2	219627629	14342	+
SLC4A4	chr4	71187258	384825	+
SLC4A5	chr2	74216241	127175	-
SLC4A7	chr3	27372722	111662	-
SLC4A8	chr12	51424830	90933	+
SLC4A9	chr5	140360193	14948	+
SLC50A1	chr1	155135851	3002	+
SLC51A	chr3	196216533	16894	+
SLC51B	chr15	65045386	8011	+
SLC52A1	chr17	5032601	2825	-
SLC52A2	chr8	144358612	2660	+
SLC52A3	chr20	760079	8421	-
SLC5A1	chr22	32043260	69769	+
SLC5A10	chr17	18952164	70401	+
SLC5A11	chr16	24845962	65664	+
SLC5A12	chr11	26667019	55041	-
SLC5A2	chr16	31483122	7647	+
SLC5A3	chr21	34073577	32683	+
SLC5A4	chr22	32218463	36884	-
SLC5A5	chr19	17871944	23230	+
SLC5A6	chr2	27199586	12682	-
SLC5A7	chr2	107986523	27471	+
SLC5A8	chr12	101155492	54746	-
SLC5A9	chr1	48222715	25923	+
SLC60A1	chr1	205569013	33905	+
SLC60A2	chr6	111259338	20667	+
SLC61A1	chr12	53252094	2312	+
SLC66A1	chr1	19312325	16975	+
SLC66A2	chr18	79902419	49234	-
SLC66A3	chr2	11155466	23390	+
SLC67A1	chr11	2902277	22969	+
SLC67A2	chr2	102714629	22259	-
SLC68A1	chr10	102461394	15651	+
SLC6A1	chr3	10992747	46500	+
SLC6A11	chr3	10816227	124487	+
SLC6A12	chr12	190080	24077	-
SLC6A13	chr12	220621	42215	-
SLC6A14	chrX	116436605	24853	+
SLC6A15	chr12	84859490	53309	-
SLC6A16	chr19	49289637	35554	-
SLC6A17	chr1	110150493	51709	+
SLC6A18	chr5	1225380	20809	+
SLC6A19	chr5	1201594	23517	+
SLC6A2	chr16	55655987	50205	+
SLC6A20	chr3	45755448	41088	-
SLC6A3	chr5	1392793	52647	-
SLC6A4	chr17	30194318	41379	-
SLC6A5	chr11	20599607	59678	+
SLC6A6	chr3	14402605	86744	+
SLC6A7	chr5	150190061	21002	+
SLC6A8	chrX	153687925	8663	+
SLC6A9	chr1	43996482	34980	-
SLC71A1	chr1	100038094	45283	+
SLC71A2	chr9	94374568	86474	+
SLC75A1	chr4	2930566	4259	-
SLC7A1	chr13	29509413	86275	-
SLC7A10	chr19	33208663	17187	-
SLC7A11	chr4	138164096	78253	-
SLC7A13	chr8	86214062	16319	-
SLC7A14	chr3	170459547	126528	-
SLC7A2	chr8	17497087	73479	+
SLC7A3	chrX	70925578	5518	-
SLC7A4	chr22	21028717	3844	-
SLC7A5	chr16	87830022	39485	-
SLC7A6	chr16	68264525	37294	+
SLC7A6OS	chr16	68298033	12913	-
SLC7A7	chr14	22773221	42214	-
SLC7A8	chr14	23125294	58366	-
SLC7A9	chr19	32830510	39257	-
SLC8A1	chr2	40097269	354821	-
SLC8A2	chr19	47428016	43877	-
SLC8A3	chr14	70044214	144737	-
SLC8B1	chr12	113298770	36339	-
SLC9A1	chr1	27098808	56317	-
SLC9A2	chr2	102619552	91803	+
SLC9A3	chr5	470455	53994	-
SLC9A4	chr2	102473225	60747	+
SLC9A5	chr16	67248978	23213	+
SLC9A6	chrX	135985434	61835	+
SLC9A7	chrX	46599250	159868	-
SLC9A8	chr20	49812827	79415	+
SLC9A9	chr3	143265221	583247	-
SLC9B1	chr4	102900927	118778	-
SLC9B2	chr4	103022252	54509	-
SLC9C1	chr3	112140897	153319	-
SLC9C2	chr1	173500459	102613	-
SLC9D1	chr13	113491020	59209	+
SLCO1A2	chr12	21264599	70318	-
SLCO1B1	chr12	21131193	108603	+
SLCO1B3	chr12	20810704	106207	+
SLCO1C1	chr12	20695331	58055	+
SLCO2A1	chr3	133932700	97225	-
SLCO2B1	chr11	75151106	55443	+
SLCO3A1	chr15	91853707	312196	+
SLCO4A1	chr20	62642502	29791	+
SLCO4C1	chr5	102233985	62299	-
SLCO5A1	chr8	69667045	167933	-
SLCO6A1	chr5	102371773	127228	-
SLF1	chr5	94618668	78953	+
SLF2	chr10	100912962	52172	+
SLFN11	chr17	35350304	23317	-
SLFN12	chr17	35410921	21579	-
SLFN12L	chr17	35464253	73425	-
SLFN13	chr17	35435095	13671	-
SLFN14	chr17	35543984	16835	-
SLFN5	chr17	35243071	30584	+
SLFNL1	chr1	41015596	6129	-
SLIRP	chr14	77708102	9496	+
SLIT1	chr10	96998037	187922	-
SLIT2	chr4	20251904	368657	+
SLIT3	chr5	168661739	639400	-
SLITRK1	chr13	83877204	5270	-
SLITRK2	chrX	145817828	12028	+
SLITRK3	chr3	165186719	9665	-
SLITRK4	chrX	143622789	13312	-
SLITRK5	chr13	87671370	8246	+
SLITRK6	chr13	85792789	6630	-
SLK	chr10	103967139	62094	+
SLMAP	chr3	57756308	173695	+
SLN	chr11	107707377	4679	-
SLPI	chr20	45252238	2326	-
SLTM	chr15	58879049	54630	-
SLU7	chr5	160401640	17441	-
SLURP1	chr8	142740948	1458	-
SLURP2	chr8	142764337	5491	-
SLX1A	chr16	30193874	3687	+
SLX1B	chr16	29454532	3687	+
SLX4	chr16	3581180	30426	-
SLX4IP	chr20	10435304	192726	+
SLX9	chr21	44940028	36945	+
SMAD1	chr4	145481852	77324	+
SMAD2	chr18	47808956	121703	-
SMAD3	chr15	67065601	129568	+
SMAD4	chr18	51030212	54830	+
SMAD5	chr5	136132844	49889	+
SMAD6	chr15	66702235	80614	+
SMAD7	chr18	48919852	31113	-
SMAD9	chr13	36844830	75408	-
SMAGP	chr12	51244557	25858	-
SMAP1	chr6	70667882	194121	+
SMAP2	chr1	40373726	49596	+
SMARCA1	chrX	129446505	76985	-
SMARCA2	chr9	2015346	178274	+
SMARCA4	chr19	10961029	101244	+
SMARCA5	chr4	143513701	43785	+
SMARCAD1	chr4	94207864	83428	+
SMARCAL1	chr2	216412483	70570	+
SMARCB1	chr22	23786965	51044	+
SMARCC1	chr3	47585268	196625	-
SMARCC2	chr12	56162358	27125	-
SMARCD1	chr12	50085341	15366	+
SMARCD2	chr17	63832080	10605	-
SMARCD3	chr7	151238779	9915	-
SMARCE1	chr17	40624961	22857	-
SMC1A	chrX	53374148	48506	-
SMC1B	chr22	45344062	69537	-
SMC2	chr9	104094308	47111	+
SMC3	chr10	110567694	38354	+
SMC4	chr3	160399649	35304	+
SMC5	chr9	70258977	95896	+
SMC6	chr2	17663811	89999	-
SMCHD1	chr18	2655725	149292	+
SMCO1	chr3	196506878	8468	-
SMCO2	chr12	27446735	55450	+
SMCO3	chr12	14804649	9533	-
SMCO4	chr11	93478471	64920	-
SMCP	chr1	152878321	6726	+
SMCR8	chr17	18315292	12764	+
SMDT1	chr22	42079699	4585	+
SMG1	chr16	18804859	121549	-
SMG5	chr1	156249223	33602	-
SMG6	chr17	2059842	243943	-
SMG7	chr1	183472498	81693	+
SMG8	chr17	59210034	5196	+
SMG9	chr19	43727982	26980	-
SMIM1	chr1	3772748	3208	+
SMIM10	chrX	134990990	1483	+
SMIM10L1	chr12	11171193	4823	+
SMIM10L2A	chrX	135421943	6132	+
SMIM10L2B	chrX	135094984	3728	-
SMIM10L3	chr7	6329410	19557	-
SMIM11	chr21	34375506	13645	+
SMIM12	chr1	34850361	9388	-
SMIM13	chr6	11093833	44900	+
SMIM14	chr4	39546335	92530	-
SMIM15	chr5	61157703	4765	-
SMIM17	chr19	56643158	14089	+
SMIM18	chr8	30638579	7485	+
SMIM19	chr8	42541584	13611	+
SMIM20	chr4	25914219	15593	+
SMIM21	chr18	75409475	18228	-
SMIM22	chr16	4795368	1123	+
SMIM23	chr5	171785816	5320	+
SMIM24	chr19	3473985	6540	-
SMIM26	chr20	18567431	2129	+
SMIM27	chr9	32552326	681	+
SMIM28	chr6	138377904	5582	+
SMIM29	chr6	34246394	2612	-
SMIM3	chr5	150778756	17978	+
SMIM30	chr7	113116717	1837	-
SMIM31	chr4	164754130	49665	+
SMIM32	chr5	136191467	1695	-
SMIM33	chr5	139471003	2697	+
SMIM34	chr21	34418714	5237	-
SMIM35	chr11	118003633	83330	-
SMIM36	chr17	55449855	61597	-
SMIM38	chr11	69155934	6506	+
SMIM39	chr2	131035091	171	+
SMIM40	chr6	33323627	5652	-
SMIM41	chr12	52079703	28552	+
SMIM42	chr1	158127286	1015	-
SMIM43	chr4	121758929	6235	-
SMIM44	chr19	3482109	1332	-
SMIM45	chr22	41952149	6790	+
SMIM46	chr19	14112323	153	-
SMIM47	chr19	50785727	433	-
SMIM5	chr17	75633433	7971	+
SMIM7	chr19	16646147	13997	-
SMIM8	chr6	87322587	19742	+
SMIM9	chrX	154823347	11315	-
SMKR1	chr7	129502530	10388	+
SMLR1	chr6	130827405	9730	+
SMN1	chr5	70925086	27929	+
SMN1-AS1	chr5	70931243	1597	-
SMN2	chr5	70049668	27927	+
SMNDC1	chr10	110290729	14191	-
SMO	chr7	129188632	24913	+
SMOC1	chr14	69879415	152951	+
SMOC2	chr6	168441183	226809	+
SMOX	chr20	4148827	38900	+
SMPD1	chr11	6390473	4523	+
SMPD2	chr6	109440723	3196	+
SMPD3	chr16	68358326	90182	-
SMPD4	chr2	130151407	30195	-
SMPDL3A	chr6	122789257	20463	+
SMPDL3B	chr1	27934999	24153	+
SMPX	chrX	21705977	52139	-
SMR3A	chr4	70360759	6399	+
SMR3B	chr4	70383130	7114	+
SMS	chrX	21940708	54129	+
SMTN	chr22	31081317	23307	+
SMTNL1	chr11	57537594	12678	+
SMTNL2	chr17	4584528	23791	+
SMU1	chr9	33041764	34910	-
SMUG1	chr12	54180365	8620	-
SMURF1	chr7	99027439	116669	-
SMURF2	chr17	64542281	120026	-
SMYD1	chr2	88067824	45560	+
SMYD2	chr1	214281158	55973	+
SMYD3	chr1	245749346	757933	-
SMYD4	chr17	1779484	50418	-
SMYD5	chr2	73214244	12977	+
SNAI1	chr20	49982979	5907	+
SNAI2	chr8	48917597	3832	-
SNAI3	chr16	88677687	8820	-
SNAP23	chr15	42495633	37425	+
SNAP25	chr20	10218829	88589	+
SNAP29	chr22	20859006	32208	+
SNAP47	chr1	227735434	45792	+
SNAP91	chr6	83552884	156217	-
SNAPC1	chr14	61762419	34009	+
SNAPC2	chr19	7920337	2913	+
SNAPC3	chr9	15422875	38751	+
SNAPC4	chr9	136375570	24600	-
SNAPC5	chr15	66493467	4295	-
SNAPIN	chr1	153658702	3150	+
SNCA	chr4	89724098	113063	-
SNCAIP	chr5	122312236	151983	+
SNCB	chr5	176620081	10453	-
SNCG	chr10	86958598	4660	+
SND1	chr7	127652193	440400	+
SNED1	chr2	240998617	96951	+
SNF8	chr17	48929315	15527	-
SNHG17	chr20	38420587	14741	-
SNIP1	chr1	37534448	19845	-
SNN	chr16	11668454	10698	+
SNORC	chr2	232870263	8437	+
SNORD118	chr17	8173451	137	-
SNPH	chr20	1266293	43034	+
SNRK	chr3	43286539	64604	+
SNRNP200	chr2	96274337	31209	-
SNRNP25	chr16	53827	3842	+
SNRNP27	chr2	69893955	11281	+
SNRNP35	chr12	123458138	8798	+
SNRNP40	chr1	31259567	37221	-
SNRNP48	chr6	7590197	21770	+
SNRNP70	chr19	49085450	23154	+
SNRPA	chr19	40751202	14187	+
SNRPA1	chr15	101281509	13739	-
SNRPB	chr20	2461641	9148	-
SNRPB2	chr20	16730025	12539	+
SNRPC	chr6	34757504	16353	+
SNRPD1	chr18	21612313	21207	+
SNRPD2	chr19	45687459	4494	-
SNRPD3	chr22	24555998	18973	+
SNRPE	chr1	203861598	9554	+
SNRPF	chr12	95858951	7189	+
SNRPG	chr2	70281361	12379	-
SNRPN	chr15	24954986	23737	+
SNTA1	chr20	33407956	35807	-
SNTB1	chr8	120535755	276291	-
SNTB2	chr16	69187163	121889	+
SNTG1	chr8	49911406	885286	+
SNTG2	chr2	950848	416765	+
SNTN	chr3	63652674	12538	+
SNU13	chr22	41673932	14935	-
SNUPN	chr15	75598085	27640	-
SNURF	chr15	24954986	13835	+
SNW1	chr14	77717598	43558	-
SNX1	chr15	64095981	48250	+
SNX10	chr7	26291861	82522	+
SNX11	chr17	48107765	15836	+
SNX12	chrX	71059246	9088	-
SNX13	chr7	17790760	149734	-
SNX14	chr6	85505495	88363	-
SNX15	chr11	65027438	13134	+
SNX16	chr8	81799582	42603	-
SNX17	chr2	27370615	6920	+
SNX18	chr5	54517758	28828	+
SNX19	chr11	130866249	50230	-
SNX2	chr5	122775079	59464	+
SNX20	chr16	50671628	9684	-
SNX21	chr20	45833798	9478	+
SNX22	chr15	64151730	5751	+
SNX24	chr5	122845612	163593	+
SNX25	chr4	185209597	154369	+
SNX27	chr1	151612049	87031	+
SNX29	chr16	11976733	597554	+
SNX3	chr6	108211221	49819	-
SNX30	chr9	112750759	124228	+
SNX30-DT	chr9	112748883	1682	-
SNX31	chr8	100572888	76777	-
SNX32	chr11	65833962	19739	+
SNX33	chr15	75647911	14390	+
SNX4	chr3	125446649	73553	-
SNX5	chr20	17941599	27195	-
SNX6	chr14	34561092	69056	-
SNX7	chr1	98661720	98780	+
SNX8	chr7	2251769	62672	-
SNX9	chr6	157823245	121832	+
SOAT1	chr1	179293796	64884	+
SOAT2	chr12	53103485	21050	+
SOBP	chr6	107490116	171190	+
SOCS1	chr16	11254416	1788	-
SOCS2	chr12	93572674	4071	+
SOCS3	chr17	78356777	3300	-
SOCS4	chr14	55027235	22254	+
SOCS5	chr2	46699294	63835	+
SOCS6	chr18	70289044	41155	+
SOCS7	chr17	38351843	53750	+
SOD1	chr21	31659692	9239	+
SOD2	chr6	159669068	24173	-
SOD3	chr4	24795572	5270	+
SOHLH1	chr9	135693406	6075	-
SOHLH2	chr13	36168216	46340	-
SON	chr21	33543037	34444	+
SORBS1	chr10	95311772	249599	-
SORBS2	chr4	185585522	226672	-
SORBS3	chr8	22551926	23862	+
SORCS1	chr10	106573662	591044	-
SORCS2	chr4	7192537	550290	+
SORCS3	chr10	104641289	623953	+
SORD	chr15	45023194	53991	+
SORL1	chr11	121452313	181450	+
SORL1-AS1	chr11	121438157	14810	-
SORT1	chr1	109309574	88344	-
SOS1	chr2	38981548	139503	-
SOS2	chr14	50117129	114449	-
SOST	chr17	43753737	5054	-
SOSTDC1	chr7	16461480	4258	-
SOWAHA	chr5	132813301	3485	+
SOWAHB	chr4	76894151	3993	-
SOWAHC	chr2	109614363	4627	+
SOWAHD	chrX	119758587	1615	+
SOX1	chr13	112067148	4558	+
SOX10	chr22	37972311	12244	-
SOX11	chr2	5692383	9002	+
SOX12	chr20	325551	4673	+
SOX13	chr1	204073114	54629	+
SOX14	chr3	137764314	2020	+
SOX15	chr17	7588177	1917	-
SOX17	chr8	54457934	2958	+
SOX18	chr20	64047581	2058	-
SOX2	chr3	181711924	2512	+
SOX21	chr13	94709621	2924	-
SOX3	chrX	140502984	2085	-
SOX30	chr5	157625678	26760	-
SOX4	chr6	21593750	4869	+
SOX5	chr12	23529503	420167	-
SOX6	chr11	15966448	390098	-
SOX7	chr8	10723767	6744	-
SOX8	chr16	981769	5210	+
SOX9	chr17	72121019	5397	+
SP1	chr12	53380175	36271	+
SP100	chr2	230416200	129406	+
SP110	chr2	230165185	54799	-
SP140	chr2	230225735	87480	+
SP140L	chr2	230327192	76540	+
SP2	chr17	47896235	32722	+
SP3	chr2	173900774	64599	-
SP4	chr7	21428082	86740	+
SP5	chr2	170715336	2742	+
SP6	chr17	47844907	6256	-
SP7	chr12	53326574	9780	-
SP8	chr7	20782278	4608	-
SP9	chr2	174334953	3547	+
SPA17	chr11	124673903	23615	+
SPAAR	chr9	35909489	2197	+
SPACA1	chr6	88047840	18998	+
SPACA3	chr17	32991846	6031	+
SPACA4	chr19	48606741	973	+
SPACA5	chrX	48006987	2746	+
SPACA5B	chrX	48130625	1995	+
SPACA6	chr19	51693329	11861	+
SPACA7	chr13	112376354	58335	+
SPACA9	chr9	132878897	11133	+
SPACDR	chr7	100456619	7641	-
SPADH	chr10	122672849	6645	+
SPAG1	chr8	100158586	83318	+
SPAG11A	chr8	7848007	12936	+
SPAG11B	chr8	7450602	12940	-
SPAG16	chr2	213284463	1126038	+
SPAG17	chr1	117953589	231639	-
SPAG4	chr20	35615828	5266	+
SPAG5	chr17	28577573	21452	-
SPAG6	chr10	22345495	72115	+
SPAG7	chr17	4959225	8592	-
SPAG8	chr9	35809794	2468	-
SPAG9	chr17	50962173	158695	-
SPAM1	chr7	123925240	34806	+
SPANXA1	chrX	141583673	1065	-
SPANXA2	chrX	141589707	1055	+
SPANXB1	chrX	141002593	1113	+
SPANXC	chrX	141241462	1055	-
SPANXD	chrX	141697410	1329	-
SPANXN1	chrX	145247502	8706	+
SPANXN2	chrX	143711954	8798	-
SPANXN3	chrX	143508734	8741	-
SPANXN4	chrX	143025927	8384	+
SPANXN5	chrX	52796143	1284	-
SPARC	chr5	151661095	25820	-
SPARCL1	chr4	87473334	56042	-
SPART	chr13	36301637	44757	-
SPAST	chr2	32063555	94082	+
SPATA1	chr1	84506385	60994	+
SPATA12	chr3	57060663	14769	+
SPATA13	chr13	24160719	146350	+
SPATA16	chr3	172889356	251879	-
SPATA17	chr1	217631343	240353	+
SPATA18	chr4	52051303	45996	+
SPATA19	chr11	133840630	4883	-
SPATA2	chr20	49903390	12139	-
SPATA20	chr17	50547173	8679	+
SPATA21	chr1	16398642	38782	-
SPATA22	chr17	3440018	31801	-
SPATA24	chr5	139396766	7323	-
SPATA25	chr20	45886490	1132	-
SPATA2L	chr16	89696356	5349	-
SPATA3	chr2	230996120	11920	+
SPATA31A1	chr9	39355668	6294	+
SPATA31A3	chr9	66986303	6247	-
SPATA31A5	chr9	60914406	6247	+
SPATA31A6	chr9	42183658	6229	+
SPATA31A7	chr9	61190035	6245	+
SPATA31C1	chr9	87917961	5696	+
SPATA31C2	chr9	88129304	9171	-
SPATA31D1	chr9	81988771	6482	+
SPATA31D3	chr9	81943499	6594	+
SPATA31D4	chr9	81928427	6571	+
SPATA31E1	chr9	87882876	6027	+
SPATA31F1	chr9	34723052	6436	-
SPATA31F3	chr9	34889065	6699	-
SPATA31G1	chr9	35042239	3747	+
SPATA31H1	chr2	27537385	45337	+
SPATA32	chr17	45254392	7702	-
SPATA33	chr16	89657835	12623	+
SPATA4	chr4	176184578	11007	-
SPATA45	chr1	212830140	17509	-
SPATA46	chr1	162373202	3652	-
SPATA6	chr1	48295372	176832	-
SPATA6L	chr9	4598315	68165	-
SPATA7	chr14	88385656	52804	+
SPATA9	chr5	95658314	24677	-
SPATC1	chr8	144012279	34835	+
SPATC1L	chr21	46161159	23300	-
SPATS1	chr6	44342649	37530	+
SPATS2	chr12	49367461	159964	+
SPATS2L	chr2	200306692	175572	+
SPC24	chr19	11145492	10290	-
SPC25	chr2	168870890	19540	-
SPCS1	chr3	52706105	5043	+
SPCS2	chr11	74949265	29768	+
SPCS3	chr4	176319965	12280	+
SPDEF	chr6	34537801	18528	-
SPDL1	chr5	169583772	21006	+
SPDYA	chr2	28810833	39777	+
SPDYC	chr11	65170232	3142	+
SPDYE1	chr7	43997896	12228	+
SPDYE10	chr7	73104007	51424	-
SPDYE11	chr7	73047861	10050	-
SPDYE12	chr7	74904288	10790	-
SPDYE13	chr7	75280789	8712	+
SPDYE14	chr7	75307375	10054	+
SPDYE15	chr7	75335342	10054	+
SPDYE16	chr7	76531312	11985	-
SPDYE17	chr7	77022305	10056	-
SPDYE18	chr7	77050390	12168	-
SPDYE2	chr7	102551225	12313	+
SPDYE21	chr7	67276940	12065	+
SPDYE2B	chr7	102650318	12307	+
SPDYE3	chr7	100307701	14495	+
SPDYE4	chr17	8750852	7694	-
SPDYE5	chr7	75492319	11997	+
SPDYE6	chr7	102345745	10699	-
SPDYE8	chr7	73019718	10048	-
SPDYE9	chr7	73075971	10067	-
SPECC1	chr17	20009358	309668	+
SPECC1L	chr22	24270830	146908	+
SPEF1	chr20	3777503	3945	-
SPEF2	chr5	35617862	196749	+
SPEG	chr2	219434842	58787	+
SPEGNB	chr2	219496130	2157	+
SPEM1	chr17	7420323	1309	+
SPEM2	chr17	7425615	1953	+
SPEM3	chr17	7428856	3964	+
SPEN	chr1	15847706	92750	+
SPESP1	chr15	68930524	16287	+
SPG11	chr15	44562695	100967	-
SPG21	chr15	64963021	26893	-
SPG7	chr16	89508402	49364	+
SPHK1	chr17	76384608	3247	+
SPHK2	chr19	48619505	10900	+
SPHKAP	chr2	227979954	201733	-
SPI1	chr11	47354859	23688	-
SPIB	chr19	50418937	12377	+
SPIC	chr12	101475335	11662	+
SPICE1	chr3	113442717	72439	-
SPIDR	chr8	47260937	475369	+
SPIN1	chr9	88388443	90251	+
SPIN2A	chrX	57135649	1748	-
SPIN2B	chrX	57119681	1867	-
SPIN3	chrX	56990830	4711	-
SPIN4	chrX	63347227	4105	-
SPINDOC	chr11	63813455	14261	+
SPINK1	chr5	147824581	7090	-
SPINK13	chr5	148268793	17462	+
SPINK14	chr5	148168545	7074	+
SPINK2	chr4	56809860	11841	-
SPINK4	chr9	33240166	8401	+
SPINK5	chr5	148063979	73403	+
SPINK6	chr5	148203041	12096	+
SPINK7	chr5	148312422	3497	+
SPINK8	chr3	48306841	26820	-
SPINK9	chr5	148335558	4294	+
SPINT1	chr15	40844047	14160	+
SPINT2	chr19	38264572	28043	+
SPINT3	chr20	45512460	3162	-
SPINT4	chr20	45722346	3484	+
SPIRE1	chr18	12446511	211596	-
SPIRE2	chr16	89828474	42845	+
SPMAP1	chr17	38835085	6353	-
SPMAP2	chr19	361746	14280	-
SPMAP2L	chr4	56530605	72902	+
SPMIP1	chr7	128866329	5718	+
SPMIP10	chr5	126631704	4580	+
SPMIP11	chr12	48727434	38356	+
SPMIP2	chr4	158893133	142096	-
SPMIP3	chr1	244352634	37029	+
SPMIP4	chr7	25134691	45663	-
SPMIP5	chr10	116663695	6271	-
SPMIP6	chr9	34379018	18792	-
SPMIP7	chr7	50095882	63374	+
SPMIP8	chr16	57976543	11573	+
SPMIP9	chr2	88524648	4937	+
SPN	chr16	29663246	7630	+
SPNS1	chr16	28974777	9766	+
SPNS2	chr17	4498880	40155	+
SPNS3	chr17	4433939	54265	+
SPO11	chr20	57329802	14191	+
SPOCD1	chr1	31790421	25601	-
SPOCK1	chr5	136975297	524029	-
SPOCK2	chr10	72059033	29518	-
SPOCK3	chr4	166733383	501111	-
SPON1	chr11	13962722	305411	+
SPON2	chr4	1166931	5652	-
SPOP	chr17	49598883	79214	-
SPOPL	chr2	138501769	71778	+
SPOUT1	chr9	128819650	10144	-
SPP1	chr4	87975713	7698	+
SPP2	chr2	234050701	26433	+
SPPL2A	chr15	50702265	63441	-
SPPL2B	chr19	2328683	26412	+
SPPL2C	chr17	45844880	2187	+
SPPL3	chr12	120762509	141849	-
SPR	chr2	72887407	4751	+
SPRED1	chr15	38252835	104414	+
SPRED2	chr2	65310850	121749	-
SPRED3	chr19	38388696	10891	+
SPRING1	chr12	116710170	27899	-
SPRN	chr10	133420665	3960	-
SPRR1A	chr1	152984080	1734	+
SPRR1B	chr1	153031202	1698	+
SPRR2A	chr1	153056119	1393	-
SPRR2B	chr1	153070225	1386	-
SPRR2D	chr1	153039731	1389	-
SPRR2E	chr1	153093134	1392	-
SPRR2F	chr1	153112120	1396	-
SPRR2G	chr1	153149581	1309	-
SPRR3	chr1	153001748	2108	+
SPRR4	chr1	152970647	1927	+
SPRR5	chr1	152947205	2050	+
SPRTN	chr1	231338292	16731	+
SPRY1	chr4	123396794	6961	+
SPRY2	chr13	80335975	5151	-
SPRY3	chrX	155612585	169874	+
SPRY4	chr5	142310429	14592	-
SPRYD3	chr12	53064315	15075	-
SPRYD4	chr12	56468577	11131	+
SPRYD7	chr13	49912701	23639	-
SPSB1	chr1	9292893	76639	+
SPSB2	chr12	6870934	2369	-
SPSB3	chr16	1776711	5860	-
SPSB4	chr3	141051346	97265	+
SPTA1	chr1	158610703	76012	-
SPTAN1	chr9	128552586	81076	+
SPTB	chr14	64746282	133625	-
SPTBN1	chr2	54456326	215120	+
SPTBN2	chr11	66682496	46720	-
SPTBN4	chr19	40467000	109464	+
SPTBN5	chr15	41848145	45908	-
SPTLC1	chr9	92031146	84267	-
SPTLC2	chr14	77505996	110641	-
SPTLC3	chr20	13008971	160132	+
SPTSSA	chr14	34432787	29453	-
SPTSSB	chr3	161344797	26720	-
SPTY2D1	chr11	18606402	27940	-
SPX	chr12	21526295	6652	+
SPZ1	chr5	80320001	1841	+
SQLE	chr8	124998504	23779	+
SQOR	chr15	45635028	56253	+
SQSTM1	chr5	179820904	17174	+
SRA1	chr5	140550067	7406	-
SRARP	chr1	16004235	4572	+
SRBD1	chr2	45388679	222588	-
SRC	chr20	37346139	59911	+
SRCAP	chr16	30699170	42239	+
SRCIN1	chr17	38530030	75922	-
SRD5A1	chr5	6633439	40947	+
SRD5A2	chr2	31522479	58459	-
SRD5A3	chr4	55346241	26859	+
SREBF1	chr17	17811333	25653	-
SREBF2	chr22	41833104	74201	+
SREK1	chr5	66144299	39316	+
SREK1IP1	chr5	64718147	50544	-
SRF	chr6	43171268	10238	+
SRFBP1	chr5	121961974	66659	+
SRGAP1	chr12	63844699	317518	+
SRGAP2	chr1	206203540	260896	+
SRGAP2B	chr1	144887287	208041	-
SRGAP2C	chr1	121184974	207900	+
SRGAP3	chr3	8980590	269056	-
SRGN	chr10	69088102	16703	+
SRI	chr7	88205114	14924	-
SRL	chr16	4189373	52707	-
SRM	chr1	11054588	5430	-
SRMS	chr20	63538488	9261	-
SRP14	chr15	40035689	3492	-
SRP19	chr5	112861286	8502	+
SRP54	chr14	34982991	46576	+
SRP68	chr17	76038784	33733	-
SRP72	chr4	56467616	36065	+
SRP9	chr1	225777825	12639	+
SRPK1	chr6	35832965	88133	-
SRPK2	chr7	105116373	272548	-
SRPK3	chrX	153781040	4690	+
SRPRA	chr11	126262937	5958	-
SRPRB	chr3	133805814	15678	+
SRPX	chrX	38149338	71533	-
SRPX2	chrX	100644198	31590	+
SRR	chr17	2303949	21311	+
SRRD	chr22	26483876	10782	+
SRRM1	chr1	24643301	29980	+
SRRM2	chr16	2752637	18775	+
SRRM3	chr7	76201895	85392	+
SRRM4	chr12	118981540	181511	+
SRRM5	chr19	43612087	2411	+
SRRT	chr7	100875102	13562	+
SRSF1	chr17	58000918	6328	-
SRSF10	chr1	23964346	15981	-
SRSF11	chr1	70221379	31673	+
SRSF12	chr6	89095958	22113	-
SRSF2	chr17	76734114	3217	-
SRSF3	chr6	36594361	11239	+
SRSF4	chr1	29147742	34158	-
SRSF5	chr14	69767141	4864	+
SRSF6	chr20	43457895	6348	+
SRSF7	chr2	38743598	7763	-
SRSF8	chr11	95066918	4307	+
SRSF9	chr12	120461671	8077	-
SRXN1	chr20	646614	6586	-
SRY	chrY	2786854	828	-
SS18	chr18	26016252	74361	-
SS18L1	chr20	62143768	38746	+
SS18L2	chr3	42590859	6075	+
SSB	chr2	169798870	13194	+
SSBP1	chr7	141738357	12131	+
SSBP2	chr5	81412803	338294	-
SSBP3	chr1	54225431	180963	-
SSBP4	chr19	18419397	15165	+
SSC4D	chr7	76389336	20361	-
SSC5D	chr19	55488435	30664	+
SSH1	chr12	108778190	79393	-
SSH2	chr17	29625937	304291	-
SSH3	chr11	67303529	9063	+
SSMEM1	chr7	130207859	8985	+
SSNA1	chr9	137188675	1691	+
SSPN	chr12	26195572	39205	+
SSR1	chr6	7281142	32057	-
SSR2	chr1	156009047	11904	-
SSR3	chr3	156539552	15565	-
SSR4	chrX	153794667	3832	+
SSRP1	chr11	57325987	9905	-
SST	chr3	187668911	1483	-
SSTR1	chr14	38207903	5164	+
SSTR2	chr17	73165009	11624	+
SSTR3	chr22	37204236	8241	-
SSTR4	chr20	23035311	3926	+
SSTR5	chr16	1072746	8708	+
SSU72	chr1	1541672	33191	-
SSU72L1	chr11	4338244	1101	-
SSU72L2	chr11	4241640	1066	-
SSU72L3	chr11	4329789	1075	+
SSU72L4	chr11	4287083	1102	-
SSU72L5	chr11	4233216	1071	+
SSU72L6	chr7	124476316	1348	+
SSUH2	chr3	8619385	25413	-
SSX1	chrX	48255391	12053	+
SSX2	chrX	52696895	10283	-
SSX2B	chrX	52751251	10285	+
SSX2IP	chr1	84643705	46756	-
SSX3	chrX	48346426	10277	-
SSX4	chrX	48383538	9809	+
SSX4B	chrX	48402081	9879	-
SSX5	chrX	48186219	10576	-
SSX7	chrX	52644060	10840	-
ST13	chr22	40824534	32105	-
ST14	chr11	130159781	50581	+
ST18	chr8	52110837	298919	-
ST3GAL1	chr8	133454847	117040	-
ST3GAL2	chr16	70375976	63124	-
ST3GAL3	chr1	43707535	223624	+
ST3GAL4	chr11	126355685	58953	+
ST3GAL5	chr2	85837119	51871	-
ST3GAL6	chr3	98763339	32513	+
ST6GAL1	chr3	186930525	148028	+
ST6GAL2	chr2	106801599	84568	-
ST6GALNAC1	chr17	76624762	18995	-
ST6GALNAC2	chr17	76565376	20484	-
ST6GALNAC3	chr1	76074745	559858	+
ST6GALNAC4	chr9	127907885	9156	-
ST6GALNAC5	chr1	76867479	200067	+
ST6GALNAC6	chr9	127885320	14283	-
ST7	chr7	116953500	276676	+
ST7L	chr1	112523513	95628	-
ST8SIA1	chr12	22193390	141317	-
ST8SIA2	chr15	92393880	74848	+
ST8SIA3	chr18	57352556	16375	+
ST8SIA4	chr5	100806932	96350	-
ST8SIA5	chr18	46667820	89233	-
ST8SIA6	chr10	17315420	139175	-
STAB1	chr3	52495337	29158	+
STAB2	chr12	103587272	179447	+
STAC	chr3	36380503	167504	+
STAC2	chr17	39210540	15405	-
STAC3	chr12	57243457	7730	-
STAG1	chr3	136336235	416143	-
STAG2	chrX	123961705	140951	+
STAG3	chr7	100177917	36464	+
STAM	chr10	17644150	72674	+
STAM2	chr2	152116800	58963	-
STAMBP	chr2	73828960	38208	+
STAMBPL1	chr10	88880244	43243	+
STAP1	chr4	67558726	48611	+
STAP2	chr19	4324042	14785	-
STAR	chr8	38142699	8253	-
STARD10	chr11	72754728	39319	-
STARD13	chr13	33103136	182619	-
STARD3	chr17	39637143	27058	+
STARD3NL	chr7	38178244	52425	+
STARD4	chr5	111496032	16503	-
STARD5	chr15	81309052	15089	-
STARD6	chr18	54324491	33367	-
STARD7	chr2	96184858	23969	-
STARD8	chrX	68647665	78171	+
STARD9	chr15	42575605	145393	+
STAT1	chr2	190969148	45023	-
STAT2	chr12	56341596	18511	-
STAT3	chr17	42313323	75119	-
STAT4	chr2	191029575	121419	-
STAT5A	chr17	42288497	23446	+
STAT5B	chr17	42199176	77215	-
STAT6	chr12	57095407	15955	-
STATH	chr4	69995965	6605	+
STAU1	chr20	49113338	74996	-
STAU2	chr8	73420368	326472	-
STBD1	chr4	76306732	4398	+
STC1	chr8	23841928	12878	-
STC2	chr5	173314722	13692	-
STEAP1	chr7	90154468	10359	+
STEAP1B	chr7	22419443	80745	-
STEAP2	chr7	90211739	25944	+
STEAP3	chr2	119223833	41819	+
STEAP4	chr7	88270891	36003	-
STEEP1	chrX	119538148	27261	-
STH	chr17	45999249	445	+
STIL	chr1	47250138	64009	-
STIM1	chr11	3855663	237545	+
STIM2	chr4	26860840	164541	+
STIMATE	chr3	52836732	60816	-
STING1	chr5	139475532	7226	-
STIP1	chr11	64186170	18373	+
STK10	chr5	172042078	146146	-
STK11	chr19	1205777	22654	+
STK11IP	chr2	219597856	18595	+
STK16	chr2	219245478	4859	+
STK17A	chr7	43583107	44272	+
STK17B	chr2	196133582	37996	-
STK24	chr13	98445184	131923	-
STK25	chr2	241492669	15915	-
STK26	chrX	132023301	52642	+
STK3	chr8	98454632	371056	-
STK31	chr7	23710218	122295	+
STK32A	chr5	147235025	152830	+
STK32B	chr4	5051479	449510	+
STK32C	chr10	132207491	100459	-
STK33	chr11	8391869	202359	-
STK35	chr20	2101826	46729	+
STK36	chr2	218672085	30630	+
STK38	chr6	36493891	53588	-
STK38L	chr12	27244285	81674	+
STK39	chr2	167954021	293574	-
STK4	chr20	44966511	113510	+
STK40	chr1	36339627	46297	-
STKLD1	chr9	133376365	29731	+
STMN1	chr1	25900115	6304	-
STMN2	chr8	79611116	55042	+
STMN3	chr20	63639711	13713	-
STMN4	chr8	27235307	23097	-
STMND1	chr6	17102049	29329	+
STMP1	chr7	135662513	13903	+
STN1	chr10	103877568	40616	-
STOM	chr9	121338986	31264	-
STOML1	chr15	73978925	13370	-
STOML2	chr9	35099777	3354	-
STOML3	chr13	38965924	24907	-
STON1	chr2	48530153	68360	+
STON2	chr14	81260651	139673	-
STOX1	chr10	68827530	65530	+
STOX2	chr4	183905306	118220	+
STPG1	chr1	24356998	56784	-
STPG2	chr4	97558871	584605	-
STPG3	chr9	137251285	2198	+
STPG4	chr2	47086990	68318	-
STRA6	chr15	74179465	23322	-
STRA8	chr7	135233837	24826	+
STRADA	chr17	63702831	38968	-
STRADB	chr2	201451739	29107	+
STRAP	chr12	15882386	21092	+
STRBP	chr9	123121616	146970	-
STRC	chr15	43599562	19238	-
STRIP1	chr1	110034623	20018	+
STRIP2	chr7	129434431	53968	+
STRIT1	chr3	155290226	3457	-
STRN	chr2	36837697	128839	-
STRN3	chr14	30893803	132576	-
STRN4	chr19	46719510	26940	-
STS	chrX	7147711	206930	+
STT3A	chr11	125592851	30240	+
STT3B	chr3	31532924	104692	+
STUB1	chr16	680409	2392	+
STUM	chr1	226548763	60467	+
STX10	chr19	13144057	6318	-
STX11	chr6	144150516	41423	+
STX12	chr1	27773218	51225	+
STX16	chr20	58651282	28244	+
STX17	chr9	99906653	67881	+
STX18	chr4	4418967	123081	-
STX19	chr3	94014364	14233	-
STX1A	chr7	73699209	20460	-
STX1B	chr16	30989255	21383	-
STX2	chr12	130789599	49651	-
STX3	chr11	59755375	50503	+
STX4	chr16	31033557	6607	+
STX5	chr11	62806859	25192	-
STX6	chr1	180972724	50146	-
STX7	chr6	132445866	67250	-
STX8	chr17	9250470	325350	-
STXBP1	chr9	127612276	80423	+
STXBP2	chr19	7637109	10764	+
STXBP3	chr1	108746673	62850	+
STXBP4	chr17	54968764	204868	+
STXBP5	chr6	147204416	186057	+
STXBP5L	chr3	120908204	516557	+
STXBP6	chr14	24809453	240694	-
STYK1	chr12	10618922	55130	-
STYX	chr14	52730165	44824	+
STYXL1	chr7	75996341	51659	-
STYXL2	chr1	167094074	35091	+
SUB1	chr5	32585556	18523	+
SUCLA2	chr13	47942655	58618	-
SUCLG1	chr2	84423527	35753	-
SUCLG2	chr3	67374718	279894	-
SUCNR1	chr3	151873642	10977	+
SUCO	chr1	172533149	78684	+
SUDS3	chr12	118376554	41479	+
SUFU	chr10	102503971	129564	+
SUGCT	chr7	40135004	725759	+
SUGP1	chr19	19276032	44477	-
SUGP2	chr19	18990892	42625	-
SUGT1	chr13	52652835	48074	+
SULF1	chr8	69492846	168066	+
SULF2	chr20	47657405	128076	-
SULT1A1	chr16	28605257	4787	-
SULT1A2	chr16	28591942	5108	-
SULT1A3	chr16	30199254	5056	+
SULT1A4	chr16	29459912	5054	+
SULT1B1	chr4	69721166	39454	-
SULT1C2	chr2	108288894	21021	+
SULT1C3	chr2	108239967	20919	+
SULT1C4	chr2	108377953	11036	+
SULT1E1	chr4	69841211	18934	-
SULT2A1	chr19	47870466	15849	-
SULT2B1	chr19	48552171	47252	+
SULT4A1	chr22	43824508	38005	-
SULT6B1	chr2	37167819	20851	-
SUMF1	chr3	4361145	106124	-
SUMF2	chr7	56064285	16385	+
SUMO1	chr2	202206181	32416	-
SUMO2	chr17	75165585	17374	-
SUMO3	chr21	44805616	12446	-
SUMO4	chr6	149400261	1017	+
SUN1	chr7	832475	42459	+
SUN2	chr22	38734733	21265	-
SUN3	chr7	47987147	41960	-
SUN5	chr20	32983774	20659	-
SUOX	chr12	55997275	8250	+
SUPT16H	chr14	21351475	32544	-
SUPT20H	chr13	37009311	50377	-
SUPT20HL1	chrX	24360638	7201	+
SUPT20HL2	chrX	24308209	5860	-
SUPT3H	chr6	44826725	551209	-
SUPT4H1	chr17	58345177	7024	-
SUPT5H	chr19	39445581	31089	+
SUPT6H	chr17	28662204	40475	+
SUPT7L	chr2	27650808	12806	-
SUPV3L1	chr10	69180233	28860	+
SURF1	chr9	133351757	4730	-
SURF2	chr9	133356549	4609	+
SURF4	chr9	133361463	14597	-
SURF6	chr9	133328775	7413	-
SUSD1	chr9	112040782	134515	-
SUSD2	chr22	24181486	7620	+
SUSD3	chr9	93058700	26433	+
SUSD4	chr1	223220830	143346	-
SUSD5	chr3	33150042	68768	-
SUSD6	chr14	69611595	103549	+
SUV39H1	chrX	48696733	12283	+
SUV39H2	chr10	14878865	25450	+
SUV39H2-DT	chr10	14876322	2337	-
SUZ12	chr17	31937006	64032	+
SV2A	chr1	149903317	14527	-
SV2B	chr15	91100256	202309	+
SV2C	chr5	76083382	250574	+
SVBP	chr1	42807051	10346	-
SVEP1	chr9	110365247	214494	-
SVIL	chr10	29457337	177634	-
SVIP	chr11	22818926	10875	-
SVOP	chr12	108907740	113328	-
SVOPL	chr7	138594284	107078	-
SWAP70	chr11	9664076	88917	+
SWI5	chr9	128276275	12714	+
SWSAP1	chr19	11374665	1504	+
SWT1	chr1	185157166	134615	+
SYAP1	chrX	16719611	45729	+
SYBU	chr8	109573977	70845	-
SYCE1	chr10	133554846	10737	-
SYCE1L	chr16	77199407	13808	+
SYCE2	chr19	12898785	20508	-
SYCE3	chr22	50551111	11808	-
SYCN	chr19	39202824	1439	-
SYCP1	chr1	114854862	140508	+
SYCP2	chr20	59863570	70067	-
SYCP2L	chr6	10887051	87258	+
SYCP3	chr12	101728647	10815	-
SYDE1	chr19	15107400	7574	+
SYDE2	chr1	85156888	44128	-
SYF2	chr1	25222275	10227	-
SYK	chr9	90801818	96731	+
SYMPK	chr19	45815409	47738	-
SYN1	chrX	47571900	47957	-
SYN2	chr3	12004387	187645	+
SYN3	chr22	32507819	550562	-
SYNC	chr1	32679905	22865	-
SYNCRIP	chr6	85613975	28911	-
SYNDIG1	chr20	24469628	196988	+
SYNDIG1L	chr14	74405898	20312	-
SYNE1	chr6	152121686	515676	-
SYNE2	chr14	63853003	373430	+
SYNE3	chr14	95407265	109385	-
SYNE4	chr19	36003306	5507	-
SYNGAP1	chr6	33420064	33625	+
SYNGR1	chr22	39349990	35585	+
SYNGR2	chr17	78168580	4140	+
SYNGR3	chr16	1989969	4306	+
SYNGR4	chr19	48364366	12011	+
SYNJ1	chr21	32628762	99251	-
SYNJ2	chr6	157981862	117314	+
SYNJ2BP	chr14	70366498	50592	-
SYNM	chr15	99105079	30514	+
SYNPO	chr5	150640659	18548	+
SYNPO2	chr4	118888853	172394	+
SYNPO2L	chr10	73644885	11144	-
SYNPR	chr3	63278307	338617	+
SYNRG	chr17	37514806	94612	-
SYP	chrX	49187814	12379	-
SYPL1	chr7	106090504	21808	-
SYPL2	chr1	109466545	15589	+
SYS1	chr20	45363155	6054	+
SYT1	chr12	78864773	587235	+
SYT10	chr12	33374237	65582	-
SYT11	chr1	155859566	25633	+
SYT12	chr11	67023133	27730	+
SYT13	chr11	45240301	46040	-
SYT14	chr1	209938216	233099	+
SYT15	chr10	46579127	12937	+
SYT15B	chr10	47744716	18876	-
SYT16	chr14	61812702	299848	+
SYT17	chr16	19168239	100093	+
SYT2	chr1	202590595	119859	-
SYT3	chr19	50621976	17905	-
SYT4	chr18	43267891	9599	-
SYT5	chr19	55171195	9094	-
SYT6	chr1	114089291	64578	-
SYT7	chr11	61513713	67363	-
SYT8	chr11	1834989	2532	+
SYT9	chr11	7251903	217140	+
SYTL1	chr1	27342021	11911	+
SYTL2	chr11	85694228	116913	-
SYTL3	chr6	158650053	114818	+
SYTL4	chrX	100674490	57631	-
SYTL5	chrX	38006552	122264	+
SYVN1	chr11	65127278	7241	-
SZRD1	chr1	16367241	30904	+
SZT2	chr1	43389898	64349	+
TAAR1	chr6	132643311	15871	-
TAAR2	chr6	132617149	7126	-
TAAR5	chr6	132588591	1150	-
TAAR6	chr6	132570321	1038	+
TAAR8	chr6	132552671	1085	+
TAAR9	chr6	132538276	1060	+
TAB1	chr22	39399779	32103	+
TAB2	chr6	149317711	93896	+
TAB3	chrX	30827441	61813	-
TAC1	chr7	97732085	8387	+
TAC3	chr12	57009999	6530	-
TAC4	chr17	49838299	9770	-
TACC1	chr8	38787235	65793	+
TACC2	chr10	121989162	265380	+
TACC3	chr4	1721520	23651	+
TACO1	chr17	63600894	7471	+
TACR1	chr2	75046462	153058	-
TACR2	chr10	69403902	13016	-
TACR3	chr4	103586030	133955	-
TACSTD2	chr1	58575432	1820	-
TADA1	chr1	166856509	19755	-
TADA2A	chr17	37406885	72840	+
TADA2B	chr4	7043371	14581	+
TADA3	chr3	9779966	12507	-
TAF1	chrX	71366356	99649	+
TAF10	chr11	6606293	5923	-
TAF11	chr6	34877461	10581	-
TAF11L10	chr5	17597231	597	-
TAF11L11	chr5	17604182	1728	+
TAF11L12	chr5	17610391	1720	+
TAF11L13	chr5	17632087	597	+
TAF11L14	chr5	17634459	594	+
TAF11L2	chr5	17498230	597	+
TAF11L3	chr5	17518366	597	+
TAF11L4	chr5	17521800	597	+
TAF11L5	chr5	17525234	597	+
TAF11L6	chr5	17528668	597	+
TAF11L7	chr5	17585161	597	-
TAF11L8	chr5	17590363	597	-
TAF11L9	chr5	17593797	597	-
TAF12	chr1	28602849	40218	-
TAF13	chr1	109064139	11864	-
TAF15	chr17	35809483	37759	+
TAF1A	chr1	222558311	31622	-
TAF1B	chr2	9843473	90943	+
TAF1C	chr16	84177854	9203	-
TAF1D	chr11	93735566	5929	-
TAF1L	chr9	32629453	6216	-
TAF2	chr8	119730773	102068	-
TAF3	chr10	7818504	198127	+
TAF4	chr20	61974797	91084	-
TAF4B	chr18	26226444	165241	+
TAF5	chr10	103367975	21090	+
TAF5L	chr1	229593133	32989	-
TAF6	chr7	100107069	12289	-
TAF6L	chr11	62771395	15947	+
TAF7	chr5	141318489	2295	-
TAF7L	chrX	101268256	23078	-
TAF8	chr6	42050523	32749	+
TAF9	chr5	69364742	4778	-
TAF9B	chrX	78129747	9903	-
TAFA1	chr3	68004246	541375	+
TAFA2	chr12	61708272	484501	-
TAFA3	chr1	112718904	8331	+
TAFA4	chr3	68731765	200782	-
TAFA5	chr22	48489552	262380	+
TAFAZZIN	chrX	154411538	10188	+
TAGAP	chr6	159034480	10511	-
TAGLN	chr11	117199369	8095	+
TAGLN2	chr1	159918110	7397	-
TAGLN3	chr3	111998921	14964	+
TAL1	chr1	47216290	15935	-
TAL2	chr9	105662456	668	+
TALDO1	chr11	747463	17549	+
TAMALIN	chr12	52006945	8944	+
TAMM41	chr3	11790441	56444	-
TANC1	chr2	158968639	264020	+
TANC2	chr17	62966234	461469	+
TANGO2	chr22	20021109	46055	+
TANGO6	chr16	68843530	241652	+
TANK	chr2	161160427	75803	+
TAOK1	chr17	29390362	161541	+
TAOK2	chr16	29973867	14526	+
TAOK3	chr12	118149800	223107	-
TAP1	chr6	32845208	8496	-
TAP2	chr6	32825414	13325	-
TAPBP	chr6	33299693	14385	-
TAPBPL	chr12	6452041	10275	+
TAPT1	chr4	16160504	65967	-
TARBP1	chr1	234391312	87867	-
TARBP2	chr12	53501282	5149	+
TARDBP	chr1	11012653	12839	+
TARM1	chr19	54069894	11471	-
TARP	chr7	38259642	13994	-
TARS1	chr5	33440964	27122	+
TARS2	chr1	150487418	20184	+
TARS3	chr15	101653595	70878	-
TAS1R1	chr1	6555306	24449	+
TAS1R2	chr1	18839598	20062	-
TAS1R3	chr1	1331279	4035	+
TAS2R1	chr5	9627346	3005	-
TAS2R10	chr12	10825218	1140	-
TAS2R13	chr12	10907925	1637	-
TAS2R14	chr12	10937409	1854	-
TAS2R16	chr7	122994703	997	-
TAS2R19	chr12	11021618	1002	-
TAS2R20	chr12	10995960	2344	-
TAS2R3	chr7	141764096	1101	+
TAS2R30	chr12	11132957	1687	-
TAS2R31	chr12	11030386	1021	-
TAS2R38	chr7	141972630	1143	-
TAS2R39	chr7	143183418	1017	+
TAS2R4	chr7	141776673	5018	+
TAS2R40	chr7	143222036	1043	+
TAS2R41	chr7	143477872	924	+
TAS2R42	chr12	11185992	945	-
TAS2R43	chr12	11091286	1027	-
TAS2R46	chr12	11061364	930	-
TAS2R5	chr7	141790216	1151	+
TAS2R50	chr12	10985912	1000	-
TAS2R60	chr7	143443452	957	+
TAS2R7	chr12	10801531	1096	-
TAS2R8	chr12	10806050	1236	-
TAS2R9	chr12	10809093	1075	-
TASL	chrX	30558808	18958	-
TASOR	chr3	56620131	63134	-
TASOR2	chr10	5684837	78903	+
TASP1	chr20	13389393	249539	-
TAT	chr16	71565659	11433	-
TATDN1	chr8	124488497	50588	-
TATDN2	chr3	10248458	32760	+
TATDN3	chr1	212791893	24937	+
TAX1BP1	chr7	27740161	89606	+
TAX1BP3	chr17	3662894	5684	-
TBATA	chr10	70771237	14140	-
TBC1D1	chr4	37891083	248090	+
TBC1D10A	chr22	30291989	34952	-
TBC1D10B	chr16	30357101	13393	-
TBC1D10C	chr11	67404082	6007	+
TBC1D12	chr10	94402540	133792	+
TBC1D13	chr9	128787252	23178	+
TBC1D14	chr4	6909825	123289	+
TBC1D15	chr12	71839758	84555	+
TBC1D16	chr17	79932342	103530	-
TBC1D17	chr19	49877701	11049	+
TBC1D19	chr4	26584083	172140	+
TBC1D2	chr9	98199010	56639	-
TBC1D20	chr20	435479	27054	-
TBC1D21	chr15	73873563	15651	+
TBC1D22A	chr22	46762649	413044	+
TBC1D22B	chr6	37257771	75199	+
TBC1D23	chr3	100260991	64247	+
TBC1D24	chr16	2475126	30604	+
TBC1D25	chrX	48539713	22896	+
TBC1D26	chr17	15732282	12500	+
TBC1D28	chr17	18634246	10145	-
TBC1D2B	chr15	77994984	82727	-
TBC1D3	chr17	38181658	10897	-
TBC1D30	chr12	64824646	56387	+
TBC1D31	chr8	123072706	79447	+
TBC1D32	chr6	121079493	254987	-
TBC1D3B	chr17	36165682	10954	-
TBC1D3C	chr17	38057692	10942	-
TBC1D3D	chr17	38003975	10933	+
TBC1D3E	chr17	38127950	10918	+
TBC1D3F	chr17	36428611	10910	-
TBC1D3G	chr17	36323883	10876	+
TBC1D3H	chr17	36377530	10905	-
TBC1D3I	chr17	36253638	10932	-
TBC1D3K	chr17	37924414	10957	+
TBC1D3L	chr17	37978154	10906	-
TBC1D4	chr13	75283502	198667	-
TBC1D5	chr3	17157167	585464	-
TBC1D7	chr6	13304950	23587	-
TBC1D8	chr2	101007227	144155	-
TBC1D8B	chrX	106802672	73478	+
TBC1D9	chr4	140620781	135604	-
TBC1D9B	chr5	179862070	45827	-
TBCA	chr5	77691165	85174	-
TBCB	chr19	36115467	10474	+
TBCC	chr6	42744497	1606	-
TBCCD1	chr3	186546066	21273	-
TBCD	chr17	82752064	193850	+
TBCE	chr1	235367426	85017	+
TBCEL	chr11	121024101	66675	+
TBCK	chr4	106041598	274611	-
TBK1	chr12	64452119	49995	+
TBKBP1	chr17	47694160	17892	+
TBL1X	chrX	9465057	254683	+
TBL1XR1	chr3	177019343	178139	-
TBL1Y	chrY	6910696	180987	+
TBL2	chr7	73567536	11043	-
TBL3	chr16	1972052	10877	+
TBP	chr6	170554368	18491	+
TBPL1	chr6	133953223	37209	+
TBPL2	chr14	55414209	26407	-
TBR1	chr2	161416296	9574	+
TBRG1	chr11	124622863	13063	+
TBRG4	chr7	45100099	11598	-
TBX1	chr22	19760777	6557	+
TBX10	chr11	67631302	8461	-
TBX15	chr1	118883046	105297	-
TBX18	chr6	84732495	32103	-
TBX19	chr1	168280876	33550	+
TBX2	chr17	61399842	9624	+
TBX20	chr7	35202429	51671	-
TBX21	chr17	47733235	12887	+
TBX22	chrX	80014752	17022	+
TBX3	chr12	114670254	13921	-
TBX4	chr17	61452421	32689	+
TBX5	chr12	114353910	52234	-
TBX6	chr16	30085792	6132	-
TBXA2R	chr19	3594506	12369	-
TBXAS1	chr7	139829263	191030	+
TBXT	chr6	166157655	10196	-
TC2N	chr14	91779745	87791	-
TCAF1	chr7	143851374	50802	-
TCAF2	chr7	143620973	109437	+
TCAIM	chr3	44338765	70683	+
TCAP	chr17	39665348	1206	+
TCEA1	chr8	53966555	55893	-
TCEA2	chr20	64063197	9150	+
TCEA3	chr1	23380908	43840	-
TCEAL1	chrX	103628974	1979	+
TCEAL2	chrX	102125678	2034	+
TCEAL3	chrX	103607962	1965	+
TCEAL4	chrX	103585514	2215	+
TCEAL5	chrX	103273690	3060	-
TCEAL7	chrX	103330238	2088	+
TCEAL8	chrX	103252994	2161	-
TCEAL9	chrX	103356505	1957	+
TCEANC	chrX	13653140	12269	+
TCEANC2	chr1	54053607	52475	+
TCERG1	chr5	146447332	64629	+
TCERG1L	chr10	131092390	219331	-
TCF12	chr15	56918643	371210	+
TCF15	chr20	604256	6053	-
TCF19	chr6	31158588	5627	+
TCF20	chr22	42160012	110641	-
TCF21	chr6	133889112	3145	+
TCF23	chr2	27149003	7971	+
TCF24	chr8	66946500	16091	-
TCF25	chr16	89873591	37788	+
TCF3	chr19	1609291	43324	-
TCF4	chr18	55222184	366008	-
TCF7	chr5	134114680	33530	+
TCF7L1	chr2	85133391	176996	+
TCF7L2	chr10	112950246	217432	+
TCFL5	chr20	62841004	20818	-
TCHH	chr1	152106316	9128	-
TCHHL1	chr1	152084140	4924	-
TCHP	chr12	109900273	17796	+
TCIM	chr8	40153481	1829	+
TCIRG1	chr11	68039024	11871	+
TCL1A	chr14	95709946	4179	-
TCL1B	chr14	95686425	6203	+
TCN1	chr11	59852807	13680	-
TCN2	chr22	30607173	20098	+
TCOF1	chr5	150357696	42597	+
TCP1	chr6	159778497	11105	-
TCP10L	chr21	32573720	11803	-
TCP11	chr6	35118074	23265	-
TCP11L1	chr11	33039571	33979	+
TCP11L2	chr12	106302732	44271	+
TCP11X1	chrX	102215300	11495	+
TCP11X2	chrX	102460314	11498	-
TCTA	chr3	49412422	4054	+
TCTN1	chr12	110614128	35302	+
TCTN2	chr12	123671112	37287	+
TCTN3	chr10	95663400	30527	-
TDG	chr12	103965871	23003	+
TDO2	chr4	155903695	16711	+
TDP1	chr14	89955926	88838	+
TDP2	chr6	24649978	16921	-
TDRD1	chr10	114179352	53314	+
TDRD10	chr1	154502218	45929	+
TDRD12	chr19	32719766	109814	+
TDRD15	chr2	21123967	20401	+
TDRD3	chr13	60397219	176652	+
TDRD5	chr1	179591831	99441	+
TDRD6	chr6	46687884	16435	+
TDRD7	chr9	97412095	84030	+
TDRD9	chr14	103928455	124212	+
TDRKH	chr1	151773493	17007	-
TDRP	chr8	489945	54889	-
TEAD1	chr11	12674420	270317	+
TEAD2	chr19	49340594	21822	-
TEAD3	chr6	35473596	23483	-
TEAD4	chr12	2959396	81280	+
TEC	chr4	48135782	134056	-
TECPR1	chr7	98214623	37609	-
TECPR2	chr14	102362940	139537	+
TECR	chr19	14529593	36387	+
TECRL	chr4	64277701	131749	-
TECTA	chr11	121101242	90248	+
TECTB	chr10	112283399	21639	+
TEDC1	chr14	105491245	8003	+
TEDC2	chr16	2460108	4855	+
TEDDM1	chr1	182398116	2551	-
TEF	chr22	41381941	17385	+
TEFM	chr17	30898985	7253	-
TEK	chr9	27109224	120950	+
TEKT1	chr17	6797992	33737	-
TEKT2	chr1	36084093	4182	+
TEKT3	chr17	15303811	37786	-
TEKT4	chr2	94871429	5394	+
TEKT5	chr16	10627500	67430	-
TEKTIP1	chr19	3539173	4857	+
TEKTL1	chr19	15010725	12551	+
TELO2	chr16	1493359	17095	+
TEN1	chr17	75979239	21347	+
TENM1	chrX	124375902	828410	-
TENM2	chr5	166979028	1285129	+
TENM3	chr4	182243401	559623	+
TENM4	chr11	78652828	788202	-
TENT2	chr5	79612440	75806	+
TENT4A	chr5	6713431	43613	+
TENT4B	chr16	50153305	82005	+
TENT5A	chr6	81745729	6952	-
TENT5B	chr1	27005019	7831	-
TENT5C	chr1	117606047	22342	+
TENT5D	chrX	80420446	24863	+
TEP1	chr14	20365666	47835	-
TEPSIN	chr17	81228276	10779	-
TERB1	chr16	66754639	46945	-
TERB2	chr15	44956686	22543	+
TERC	chr3	169764609	451	-
TERF1	chr8	73008863	39260	+
TERF2	chr16	69355566	30441	-
TERF2IP	chr16	75647772	9660	+
TERT	chr5	1253166	41902	-
TES	chr7	116210538	48245	+
TESC	chr12	117038922	60494	-
TESK1	chr9	35605261	4772	+
TESK2	chr1	45343882	147281	-
TESMIN	chr11	68707439	44081	-
TESPA1	chr12	54948014	36748	-
TET1	chr10	68560336	134151	+
TET2	chr4	105146875	132928	+
TET3	chr2	73984909	123267	+
TEX10	chr9	100302083	50859	-
TEX101	chr19	43414889	3708	+
TEX11	chrX	70528939	379772	-
TEX12	chr11	112167371	5185	+
TEX13A	chrX	105218928	1766	-
TEX13B	chrX	107980863	1507	-
TEX13C	chrX	125319870	5344	+
TEX13D	chrX	124332659	4204	+
TEX14	chr17	58556677	135368	-
TEX15	chr8	30831543	81465	-
TEX19	chr17	82359246	4529	+
TEX2	chr17	64147226	116034	-
TEX22	chr14	105398537	15322	+
TEX26	chr13	30932655	42845	+
TEX261	chr2	70985941	8932	-
TEX264	chr3	51671251	33072	+
TEX28	chrX	154271264	23860	-
TEX29	chr13	111320641	23607	+
TEX30	chr13	102765887	7899	-
TEX35	chr1	178513108	9542	+
TEX36	chr10	125655693	27470	-
TEX38	chr1	46671853	1741	+
TEX44	chr2	231592863	1413	+
TEX46	chr1	23010833	5019	-
TEX47	chr7	88794105	1632	-
TEX48	chr9	114666433	15759	-
TEX50	chr1	173635337	1793	+
TEX51	chr2	126898889	3208	+
TEX52	chr12	2849045	7994	-
TEX53	chr9	114656303	1502	-
TEX54	chr11	62832320	521	-
TEX55	chr3	119146164	5292	+
TEX9	chr15	56365425	64729	+
TF	chr3	133746392	50249	+
TFAM	chr10	58385409	13811	+
TFAP2A	chr6	10396676	18398	-
TFAP2B	chr6	50818870	28749	+
TFAP2C	chr20	56629305	9978	+
TFAP2D	chr6	50713525	59508	+
TFAP2E	chr1	35573313	22015	+
TFAP4	chr16	4257185	15838	-
TFB1M	chr6	155256133	58351	-
TFB2M	chr1	246540560	25701	-
TFCP2	chr12	51093655	79480	-
TFCP2L1	chr2	121216586	68616	-
TFDP1	chr13	113584752	56721	+
TFDP2	chr3	141944427	205117	-
TFDP3	chrX	133216661	1693	-
TFE3	chrX	49028725	14632	-
TFEB	chr6	41683977	51631	-
TFEC	chr7	115935151	95612	-
TFF1	chr21	42362281	4254	-
TFF2	chr21	42346356	4638	-
TFF3	chr21	42311666	3743	-
TFG	chr3	100709493	39471	+
TFIP11	chr22	26491239	21234	-
TFPI	chr2	187464229	90206	-
TFPI2	chr7	93885395	5358	-
TFPT	chr19	54107019	8638	-
TFR2	chr7	100620419	21133	-
TFRC	chr3	196049283	32807	-
TG	chr8	132866957	267942	+
TGDS	chr13	94574053	22099	-
TGFA	chr2	70447283	106543	-
TGFB1	chr19	41330322	23600	-
TGFB1I1	chr16	31472151	5807	+
TGFB2	chr1	218345335	99284	+
TGFB3	chr14	75958096	23899	-
TGFBI	chr5	136028987	34831	+
TGFBR1	chr9	99105112	49080	+
TGFBR2	chr3	30606600	87542	+
TGFBR3	chr1	91680342	205809	-
TGFBR3L	chr19	7914829	4268	+
TGFBRAP1	chr2	105264413	65322	-
TGIF1	chr18	3450171	9807	+
TGIF2	chr20	36573596	20354	+
TGIF2LX	chrX	89921907	976	+
TGIF2LY	chrY	3579066	975	+
TGM1	chr14	24249113	14064	-
TGM2	chr20	38127384	37886	-
TGM3	chr20	2296000	45079	+
TGM4	chr3	44874607	40383	+
TGM5	chr15	43232589	34339	-
TGM6	chr20	2380900	51853	+
TGM7	chr15	43276270	25985	-
TGOLN2	chr2	85318026	9963	-
TGS1	chr8	55773445	53000	+
TH	chr11	2163928	7887	-
THADA	chr2	43230850	365188	-
THAP1	chr8	42836673	6652	-
THAP10	chr15	70881341	11092	-
THAP11	chr16	67842319	1876	+
THAP12	chr11	76349955	31177	-
THAP2	chr12	71664300	16344	+
THAP3	chr1	6624867	8695	+
THAP4	chr2	241584404	52754	-
THAP5	chr7	108562131	7575	-
THAP6	chr4	75514472	15554	+
THAP7	chr22	20999103	3015	-
THAP8	chr19	36034983	19302	-
THAP9	chr4	82900734	19235	+
THBD	chr20	23045632	4040	-
THBS1	chr15	39581078	18388	+
THBS2	chr6	169215784	38062	-
THBS3	chr1	155195587	12310	-
THBS4	chr5	80035347	47940	+
THEM4	chr1	151870865	38646	-
THEM5	chr1	151847100	6612	-
THEM6	chr8	142727222	9705	+
THEMIS	chr6	127708199	192859	-
THEMIS2	chr1	27872543	14132	+
THG1L	chr5	157731419	10030	+
THNSL1	chr10	25016611	10053	+
THNSL2	chr2	88170345	16282	+
THOC1	chr18	214519	53528	-
THOC2	chrX	123600568	132484	-
THOC3	chr5	175959530	8785	-
THOC5	chr22	29505878	47879	-
THOC6	chr16	3024034	3716	+
THOC7	chr3	63833869	29936	-
THOP1	chr19	2785502	30305	+
THPO	chr3	184371934	6273	-
THRA	chr17	40062964	30038	+
THRAP3	chr1	36224442	80915	+
THRB	chr3	24117152	377698	-
THRSP	chr11	78063860	4491	+
THSD1	chr13	52377166	29006	-
THSD4	chr15	71115470	667913	+
THSD7A	chr7	11370364	461834	-
THSD7B	chr2	136765544	912174	+
THSD8	chr19	12802068	2321	+
THTPA	chr14	23556270	4001	+
THUMPD1	chr16	20733663	8155	-
THUMPD2	chr2	39736060	43198	-
THUMPD3	chr3	9363053	23738	+
THY1	chr11	119415475	7697	-
THYN1	chr11	134248281	5071	-
TIA1	chr2	70209443	39185	-
TIAL1	chr10	119573464	23500	-
TIAM1	chr21	31118417	225844	-
TIAM2	chr6	154995314	262409	+
TICAM1	chr19	4815931	15781	-
TICAM2	chr5	115578495	23984	-
TICRR	chr15	89575468	52555	+
TIE1	chr1	43300981	22127	+
TIFA	chr4	112274536	11368	-
TIFAB	chr5	135444225	8126	-
TIGAR	chr12	4321212	38816	+
TIGD1	chr2	232543882	6675	-
TIGD2	chr4	89111532	3369	+
TIGD3	chr11	65354750	2863	+
TIGD4	chr4	152769353	10377	-
TIGD5	chr8	143597830	5394	+
TIGD6	chr5	149993117	7537	-
TIGD7	chr16	3298807	6623	-
TIGIT	chr3	114294027	16261	+
TIMD4	chr5	156919291	43935	-
TIMELESS	chr12	56416362	33064	-
TIMM10	chr11	57528463	2291	-
TIMM10B	chr11	6481500	3181	+
TIMM13	chr19	2425624	1962	-
TIMM17A	chr1	201955502	15162	+
TIMM17B	chrX	48893448	4320	-
TIMM21	chr18	74148522	12009	+
TIMM22	chr17	997128	6543	+
TIMM23	chr10	45972488	31254	+
TIMM23B	chr10	49942052	32798	+
TIMM29	chr19	10928810	1444	+
TIMM44	chr19	7926717	16949	-
TIMM50	chr19	39480837	12942	+
TIMM8A	chrX	101345660	3082	-
TIMM8B	chr11	112084799	1957	-
TIMM9	chr14	58408494	19037	-
TIMMDC1	chr3	119498546	26544	+
TIMP1	chrX	47582435	4354	+
TIMP2	chr17	78852976	72411	-
TIMP3	chr22	32801704	61337	+
TIMP4	chr3	12153067	5845	-
TINAG	chr6	54308440	81702	+
TINAGL1	chr1	31576514	11172	+
TINCR	chr19	5558166	9787	-
TINF2	chr14	24239642	2981	-
TIPARP	chr3	156674589	32181	+
TIPIN	chr15	66336190	20495	-
TIPRL	chr1	168178961	23148	+
TIRAP	chr11	126283092	11841	+
TJAP1	chr6	43477569	28985	+
TJP1	chr15	29700151	122317	-
TJP2	chr9	69174276	80932	+
TJP3	chr19	3708383	42430	+
TK1	chr17	78174090	12962	-
TK2	chr16	66508002	42120	-
TKFC	chr11	61333227	16015	+
TKT	chr3	53224711	31311	-
TKTL1	chrX	154295794	34556	+
TKTL2	chr4	163471094	2660	-
TLCD1	chr17	28724347	1886	-
TLCD2	chr17	1702815	7562	-
TLCD3A	chr17	732595	10373	+
TLCD3B	chr16	30024426	6845	-
TLCD4	chr1	95117354	80253	+
TLCD5	chr11	120325298	8388	+
TLDC2	chr20	36876137	18098	+
TLE1	chr9	81583682	105865	-
TLE2	chr19	2997643	31637	-
TLE3	chr15	70047789	50128	-
TLE4	chr9	79571964	154918	+
TLE5	chr19	3052909	9586	-
TLE6	chr19	2977563	17616	+
TLE7	chr16	71429979	12075	-
TLK1	chr2	170990822	170071	-
TLK2	chr17	62478824	136657	+
TLL1	chr4	165873236	231221	+
TLL2	chr10	96364607	149319	-
TLN1	chr9	35696947	35248	-
TLN2	chr15	62390549	454082	+
TLNRD1	chr15	81000922	4866	+
TLR1	chr4	38796254	8537	-
TLR10	chr4	38772237	10753	-
TLR2	chr4	153684279	21981	+
TLR3	chr4	186069155	18918	+
TLR4	chr9	117704402	20333	+
TLR5	chr1	223109403	33845	-
TLR6	chr4	38822896	33921	-
TLR7	chrX	12867071	23290	+
TLR8	chrX	12906619	16550	+
TLR9	chr3	52221079	4566	-
TLX1	chr10	101131299	6490	+
TLX2	chr2	74514449	2699	+
TLX3	chr5	171309247	2892	+
TM2D1	chr1	61681045	44096	-
TM2D2	chr8	38988807	7702	-
TM2D3	chr15	101641847	10534	-
TM4SF1	chr3	149369021	8628	-
TM4SF18	chr3	149318497	15139	-
TM4SF19	chr3	196323546	14842	-
TM4SF20	chr2	227362037	17269	-
TM4SF4	chr3	149474696	28698	+
TM4SF5	chr17	4771885	11326	+
TM6SF1	chr15	83107644	29764	+
TM6SF2	chr19	19264365	8936	-
TM7SF2	chr11	65111871	4359	+
TM7SF3	chr12	26971578	42806	-
TM9SF1	chr14	24189148	6293	-
TM9SF2	chr13	99501471	62577	+
TM9SF3	chr10	96518109	68903	-
TM9SF4	chr20	32109713	57543	+
TMA16	chr4	163494689	25850	+
TMA7	chr3	48440256	3952	+
TMA7B	chr22	39960396	4509	+
TMBIM1	chr2	218274196	18307	-
TMBIM4	chr12	66135845	34151	-
TMBIM6	chr12	49741556	23378	+
TMC1	chr9	72521607	316690	+
TMC2	chr20	2536572	107008	+
TMC3	chr15	81331087	43126	-
TMC4	chr19	54160107	13053	-
TMC5	chr16	19417882	81231	+
TMC6	chr17	78107396	21359	-
TMC7	chr16	18983933	80009	+
TMC8	chr17	78130770	12198	+
TMCC1	chr3	129647791	245920	-
TMCC2	chr1	205227945	45398	+
TMCC3	chr12	94567121	83436	-
TMCO1	chr1	165726794	42074	-
TMCO2	chr1	40247936	3748	+
TMCO4	chr1	19682239	117677	-
TMCO5A	chr15	37934639	16783	+
TMCO6	chr5	140639450	5954	+
TMDD1	chr12	51813920	1005	-
TMED1	chr19	10832066	4146	-
TMED10	chr14	75131468	45144	-
TMED2	chr12	123584551	14031	+
TMED3	chr15	79311111	11729	+
TMED4	chr7	44577893	4338	-
TMED5	chr1	93149741	30672	-
TMED6	chr16	69343249	8537	-
TMED7	chr5	115613209	12827	-
TMED8	chr14	77335028	42066	-
TMED9	chr5	177592202	5040	+
TMEFF1	chr9	100473148	104488	+
TMEFF2	chr2	191949045	245888	-
TMEM100	chr17	55719626	3238	-
TMEM101	chr17	44011187	3776	-
TMEM102	chr17	7435434	2245	+
TMEM106A	chr17	43211874	8167	+
TMEM106B	chr7	12211293	32074	+
TMEM106C	chr12	47963595	5283	+
TMEM107	chr17	8172456	3924	-
TMEM108	chr3	133038390	359385	+
TMEM109	chr11	60914157	9286	+
TMEM11	chr17	21197953	16208	-
TMEM114	chr16	8569499	21012	-
TMEM115	chr3	50354749	4772	-
TMEM116	chr12	111931297	81868	-
TMEM117	chr12	43836080	553678	+
TMEM119	chr12	108589850	8234	-
TMEM120A	chr7	75986830	7765	-
TMEM120B	chr12	121712751	69317	+
TMEM121	chr14	105526582	3616	+
TMEM121B	chr22	17116296	5064	-
TMEM123	chr11	102396331	56434	-
TMEM125	chr1	43269982	4020	+
TMEM126A	chr11	85647966	8576	+
TMEM126B	chr11	85628592	7944	+
TMEM127	chr2	96248513	17484	-
TMEM128	chr4	4235541	12682	-
TMEM129	chr4	1715951	5372	-
TMEM130	chr7	98846489	23525	-
TMEM131	chr2	97756335	239613	-
TMEM131L	chr4	153466359	170352	+
TMEM132A	chr11	60924459	12700	+
TMEM132B	chr12	125186385	475984	+
TMEM132C	chr12	128267169	440742	+
TMEM132D	chr12	129071725	832300	-
TMEM132E	chr17	34579581	59737	+
TMEM134	chr11	67461709	7542	-
TMEM135	chr11	87037933	290891	+
TMEM138	chr11	61362373	7136	+
TMEM139	chr7	143284957	3091	+
TMEM140	chr7	135148071	18144	+
TMEM141	chr9	136791343	1974	+
TMEM143	chr19	48332355	31585	-
TMEM144	chr4	158210485	44931	+
TMEM145	chr19	42313308	11756	+
TMEM147	chr19	35545625	1901	+
TMEM14A	chr6	52671112	15476	+
TMEM14B	chr6	10747804	9177	+
TMEM14C	chr6	10723069	8058	+
TMEM150A	chr2	85598546	4152	-
TMEM150B	chr19	55312800	12541	-
TMEM150C	chr4	82483175	78813	-
TMEM151A	chr11	66291893	4771	+
TMEM151B	chr6	44270449	8995	+
TMEM154	chr4	152618627	61370	-
TMEM156	chr4	38966743	65666	-
TMEM158	chr3	45224465	1822	-
TMEM160	chr19	47045908	2716	-
TMEM161A	chr19	19119168	19310	-
TMEM161B	chr5	88195046	73799	-
TMEM163	chr2	134455758	263242	-
TMEM164	chrX	110003113	174675	+
TMEM165	chr4	55395956	30219	+
TMEM167A	chr5	83052845	24549	-
TMEM167B	chr1	109090763	6171	+
TMEM168	chr7	112762376	28017	-
TMEM169	chr2	216081918	20865	+
TMEM17	chr2	62500217	5978	-
TMEM170A	chr16	75443053	21636	-
TMEM170B	chr6	11537748	45776	+
TMEM171	chr5	73120574	11235	+
TMEM174	chr5	73173192	1951	+
TMEM175	chr4	932459	26197	+
TMEM176A	chr7	150800768	4350	+
TMEM176B	chr7	150791300	9064	-
TMEM177	chr2	119679200	2918	+
TMEM178A	chr2	39665916	52047	+
TMEM178B	chr7	141074063	406317	+
TMEM179	chr14	104590863	13909	-
TMEM179B	chr11	62787401	2999	+
TMEM18	chr2	663876	13530	-
TMEM181	chr6	158560090	75339	+
TMEM182	chr2	102762030	55649	+
TMEM183A	chr1	203007373	17475	+
TMEM184A	chr7	1542234	13971	-
TMEM184B	chr22	38219290	53720	-
TMEM184C	chr4	147617396	19325	+
TMEM185A	chrX	149596555	35237	-
TMEM185B	chr2	120217478	5922	-
TMEM186	chr16	8795179	2460	-
TMEM187	chrX	153972753	10441	+
TMEM19	chr12	71686081	18966	+
TMEM190	chr19	55376825	1421	+
TMEM191B	chr22	18527801	2772	+
TMEM191C	chr22	21467386	2549	+
TMEM192	chr4	165070607	42253	-
TMEM196	chr7	19719314	54303	-
TMEM198	chr2	219544027	6568	+
TMEM200A	chr6	130366016	77051	+
TMEM200B	chr1	29119428	4475	-
TMEM200C	chr18	5882071	13451	-
TMEM201	chr1	9588910	25967	+
TMEM202	chr15	72398304	10063	+
TMEM203	chr9	137204081	1567	-
TMEM204	chr16	1533665	21903	+
TMEM205	chr19	11342777	3491	-
TMEM207	chr3	190428654	21247	-
TMEM208	chr16	67227129	2149	+
TMEM209	chr7	130164712	40694	-
TMEM210	chr9	137170857	1199	-
TMEM212	chr3	171843348	15970	+
TMEM213	chr7	138797993	8766	+
TMEM214	chr2	27032964	8730	+
TMEM215	chr9	32783539	5662	+
TMEM216	chr11	61392586	6260	+
TMEM217	chr6	37212180	45964	-
TMEM217B	chr6	37212180	45964	-
TMEM218	chr11	125094388	17238	-
TMEM219	chr16	29962078	10970	+
TMEM220	chr17	10713294	16729	-
TMEM221	chr19	17435508	13160	-
TMEM222	chr1	27322162	14238	+
TMEM223	chr11	62789970	2036	-
TMEM225	chr11	123882919	2751	-
TMEM225B	chr7	99598266	12779	+
TMEM229A	chr7	124030920	2147	-
TMEM229B	chr14	67470268	18453	-
TMEM230	chr20	5099849	13227	-
TMEM231	chr16	75536740	19512	-
TMEM232	chr5	110419495	307176	-
TMEM233	chr12	119593773	49302	+
TMEM234	chr1	32216199	6154	-
TMEM235	chr17	78231630	9357	+
TMEM236	chr10	17752200	48668	+
TMEM237	chr2	201620185	23318	-
TMEM238	chr19	55379243	5049	-
TMEM238L	chr17	10794907	9192	-
TMEM239	chr20	2816363	1699	+
TMEM240	chr1	1534777	5847	-
TMEM242	chr6	157289024	34495	-
TMEM243	chr7	87196159	23573	-
TMEM244	chr6	129831243	30072	-
TMEM245	chr9	109015134	104813	-
TMEM247	chr2	46479564	4861	+
TMEM248	chr7	66921224	37327	+
TMEM25	chr11	118531191	4638	+
TMEM250	chr9	136114588	4287	-
TMEM252	chr9	68536579	4304	-
TMEM253	chr14	21101065	2659	+
TMEM254	chr10	80078664	13887	+
TMEM255A	chrX	120258649	52812	-
TMEM255B	chr13	113759225	57770	+
TMEM256	chr17	7402974	1123	-
TMEM258	chr11	61788948	3651	-
TMEM259	chr19	1009652	11471	-
TMEM26	chr10	61406641	46740	-
TMEM260	chr14	56579797	69718	+
TMEM263	chr12	106955906	18129	+
TMEM265	chr16	30740641	4555	+
TMEM266	chr15	76059984	144979	+
TMEM267	chr5	43444251	39614	-
TMEM268	chr9	114611290	35132	+
TMEM269	chr1	42784990	15837	+
TMEM270	chr7	73861158	4732	+
TMEM271	chr4	573879	2416	-
TMEM272	chr13	51813346	31831	-
TMEM273	chr10	49154735	33656	-
TMEM275	chr1	46532165	3350	-
TMEM276	chr8	144463824	1668	-
TMEM278	chr1	1425870	4385	+
TMEM30A	chr6	75252923	31869	-
TMEM30B	chr14	61277369	3969	-
TMEM31	chrX	103710908	3124	+
TMEM33	chr4	41935428	25375	+
TMEM35A	chrX	101078878	17489	+
TMEM35B	chr1	34981379	3968	-
TMEM37	chr2	119431853	6651	+
TMEM38A	chr19	16661138	28885	+
TMEM38B	chr9	105694540	82089	+
TMEM39A	chr3	119428948	34667	-
TMEM39B	chr1	32072938	29925	+
TMEM40	chr3	12733527	25732	-
TMEM41A	chr3	185489600	9435	-
TMEM41B	chr11	9280653	33940	-
TMEM42	chr3	44861911	3753	+
TMEM43	chr3	14125051	18629	+
TMEM44	chr3	194587677	45742	-
TMEM45A	chr3	100492618	84826	+
TMEM45B	chr11	129815847	44156	+
TMEM47	chrX	34627074	30211	-
TMEM50A	chr1	25338333	24028	+
TMEM50B	chr21	33449140	30834	-
TMEM51	chr1	15153746	66732	+
TMEM52	chr1	1917590	1689	-
TMEM52B	chr12	10179031	12773	+
TMEM53	chr1	44653246	21235	-
TMEM54	chr1	32894594	6795	-
TMEM59	chr1	54026680	26524	-
TMEM59L	chr19	18612869	8170	+
TMEM60	chr7	77793727	4707	-
TMEM61	chr1	54980627	11661	+
TMEM62	chr15	43133585	51559	+
TMEM63A	chr1	225845535	36845	-
TMEM63B	chr6	44127553	27966	+
TMEM63C	chr14	77181797	77698	+
TMEM64	chr8	90621999	24084	-
TMEM65	chr8	124306188	66513	-
TMEM67	chr8	93754893	63228	+
TMEM68	chr8	55738757	34621	-
TMEM69	chr1	45688180	6256	+
TMEM70	chr8	73976194	6589	+
TMEM71	chr8	132709940	50642	-
TMEM72	chr10	44911336	25674	+
TMEM74	chr8	108778973	8621	-
TMEM74B	chr20	1180569	4412	-
TMEM79	chr1	156284324	8119	+
TMEM80	chr11	695815	8314	+
TMEM81	chr1	205083128	1332	-
TMEM82	chr1	15742498	5484	+
TMEM86A	chr11	18698778	6007	+
TMEM86B	chr19	55226637	2126	-
TMEM87A	chr15	42210446	62987	-
TMEM87B	chr2	112055268	64046	+
TMEM88	chr17	7855065	1034	+
TMEM89	chr3	48620758	1011	-
TMEM8B	chr9	35829227	36288	+
TMEM9	chr1	201134771	19703	-
TMEM91	chr19	41376532	7551	+
TMEM92	chr17	50274465	7020	+
TMEM94	chr17	75456634	43818	+
TMEM95	chr17	7355155	2064	+
TMEM97	chr17	28319199	9486	+
TMEM98	chr17	32928152	16163	+
TMEM9B	chr11	8947201	17241	-
TMF1	chr3	69019826	32507	-
TMIE	chr3	46701391	9495	+
TMIGD1	chr17	30316332	17725	-
TMIGD2	chr19	4292226	10163	-
TMIGD3	chr1	111483347	20286	-
TMLHE	chrX	155489010	123942	-
TMOD1	chr9	97501665	100078	+
TMOD2	chr15	51751596	64767	+
TMOD3	chr15	51829652	86073	+
TMOD4	chr1	151169986	5995	-
TMPO	chr12	98515589	34762	+
TMPPE	chr3	33090421	6725	-
TMPRSS11A	chr4	67909394	54099	-
TMPRSS11B	chr4	68226652	19042	-
TMPRSS11D	chr4	67820875	63127	-
TMPRSS11E	chr4	68447462	50142	+
TMPRSS11F	chr4	68053197	76672	-
TMPRSS12	chr12	50842925	44959	+
TMPRSS13	chr11	117900640	28762	-
TMPRSS15	chr21	18269115	134670	-
TMPRSS2	chr21	41464304	43854	-
TMPRSS3	chr21	42371889	24163	-
TMPRSS4	chr11	118077077	44813	+
TMPRSS5	chr11	113687549	18759	-
TMPRSS6	chr22	37065435	44278	-
TMPRSS7	chr3	112034735	46534	+
TMPRSS9	chr19	2360264	65997	+
TMSB10	chr2	84905655	1016	+
TMSB15A	chrX	102513681	3058	-
TMSB15B	chrX	103962626	3350	+
TMSB15C	chrX	104072886	3350	-
TMSB4X	chrX	12975109	2114	+
TMSB4Y	chrY	13703898	2126	+
TMT1A	chr12	50925014	7494	+
TMT1B	chr12	55681735	2876	+
TMTC1	chr12	29500839	283103	-
TMTC2	chr12	82686905	447961	+
TMTC3	chr12	88142306	57581	+
TMTC4	chr13	100603624	71171	-
TMUB1	chr7	151081084	2409	-
TMUB2	chr17	44186971	4958	+
TMX1	chr14	51240246	17409	+
TMX2	chr11	57712592	28381	+
TMX3	chr18	68673687	41421	-
TMX4	chr20	7977345	42416	-
TNC	chr9	115019574	98583	-
TNF	chr6	31575564	2772	+
TNFAIP1	chr17	28335760	11249	+
TNFAIP2	chr14	103123460	13979	+
TNFAIP3	chr6	137867258	16054	+
TNFAIP6	chr2	151357591	22455	+
TNFAIP8	chr5	119356018	43670	+
TNFAIP8L1	chr19	4639515	16053	+
TNFAIP8L2	chr1	151156648	3101	+
TNFAIP8L3	chr15	51056600	38306	-
TNFRSF10A	chr8	23190451	34651	-
TNFRSF10B	chr8	23020132	48899	-
TNFRSF10C	chr8	23102920	14525	+
TNFRSF10D	chr8	23135587	28440	-
TNFRSF11A	chr18	62325309	65979	+
TNFRSF11B	chr8	118923556	28329	-
TNFRSF12A	chr16	3020367	2016	+
TNFRSF13B	chr17	16939080	33038	-
TNFRSF13C	chr22	41922031	4775	-
TNFRSF14	chr1	2556370	7459	+
TNFRSF17	chr16	11965209	2859	+
TNFRSF18	chr1	1203507	3085	-
TNFRSF19	chr13	23570411	105682	+
TNFRSF1A	chr12	6328770	13306	-
TNFRSF1B	chr1	12166990	42230	+
TNFRSF21	chr6	47231531	78374	-
TNFRSF25	chr1	6460785	5388	-
TNFRSF4	chr1	1211339	2814	-
TNFRSF6B	chr20	63696651	2033	+
TNFRSF8	chr1	12063302	80905	+
TNFRSF9	chr1	7915870	24969	-
TNFSF10	chr3	172505507	17923	-
TNFSF11	chr13	42574151	33862	+
TNFSF12	chr17	7549057	8824	+
TNFSF13	chr17	7558749	2852	+
TNFSF13B	chr13	108269717	38761	+
TNFSF14	chr19	6661252	8908	-
TNFSF15	chr9	114784651	21388	-
TNFSF18	chr1	173039201	11740	-
TNFSF4	chr1	173183730	23601	-
TNFSF8	chr9	114901144	29447	-
TNFSF9	chr19	6531025	4899	+
TNIK	chr3	171058413	401992	-
TNIP1	chr5	151029944	51090	-
TNIP2	chr4	2741647	14689	-
TNIP3	chr4	121131407	32914	-
TNK1	chr17	7381088	8654	+
TNK2	chr3	195863363	45188	-
TNKS	chr8	9555911	226435	+
TNKS1BP1	chr11	57299641	25311	-
TNKS2	chr10	91798425	67050	+
TNMD	chrX	100584935	14950	+
TNN	chr1	175067832	80243	+
TNNC1	chr3	52451099	2942	-
TNNC2	chr20	45823213	4099	-
TNNI1	chr1	201403783	17947	-
TNNI2	chr11	1838980	2698	+
TNNI3	chr19	55151766	5966	-
TNNI3K	chr1	74235386	309042	+
TNNT1	chr19	55132697	16509	-
TNNT2	chr1	201359013	18667	-
TNNT3	chr11	1919702	19000	+
TNP1	chr2	216859457	607	-
TNP2	chr16	11267856	1469	-
TNPO1	chr5	72816660	97728	+
TNPO2	chr19	12699200	24732	-
TNPO3	chr7	128954184	100927	-
TNR	chr1	175315193	428402	-
TNRC18	chr7	5306810	117024	-
TNRC6A	chr16	24729650	96568	+
TNRC6B	chr22	40177924	157884	+
TNRC6C	chr17	77958702	150120	+
TNS1	chr2	217799790	203205	-
TNS2	chr12	53050064	14315	+
TNS3	chr7	47275153	306958	-
TNS4	chr17	40475833	25790	-
TNXB	chr6	32041152	68186	-
TOB1	chr17	50862222	4132	-
TOB2	chr22	41433493	13308	-
TOE1	chr1	45340169	3804	+
TOGARAM1	chr14	44962189	112242	+
TOGARAM2	chr2	28981297	70933	+
TOLLIP	chr11	1274370	35262	-
TOM1	chr22	35299893	48080	+
TOM1L1	chr17	54900851	61105	+
TOM1L2	chr17	17843510	128890	-
TOMM20	chr1	235109340	19497	-
TOMM20L	chr14	58395929	12773	+
TOMM22	chr22	38681956	3465	+
TOMM34	chr20	44942129	18268	-
TOMM40	chr19	44891253	12436	+
TOMM40L	chr1	161226059	4687	+
TOMM5	chr9	37588412	4185	-
TOMM6	chr6	41787693	2202	+
TOMM7	chr7	22812973	9876	-
TOMM70	chr3	100363430	37659	-
TOMT	chr11	72105923	3673	+
TONSL	chr8	144428774	15666	-
TOP1	chr20	41028821	95666	+
TOP1MT	chr8	143309323	25557	-
TOP2A	chr17	40388524	29372	-
TOP2B	chr3	25597983	66924	-
TOP3A	chr17	18271427	43567	-
TOP3B	chr22	21957024	25763	-
TOP6BL	chr11	66744768	98748	+
TOPAZ1	chr3	44241885	90213	+
TOPBP1	chr3	133600237	61704	-
TOPORS	chr9	32540543	12043	-
TOR1A	chr9	129812941	11195	-
TOR1AIP1	chr1	179882284	37792	+
TOR1AIP2	chr1	179839975	37828	-
TOR1B	chr9	129803183	8098	+
TOR2A	chr9	127731523	3771	-
TOR3A	chr1	179082069	13927	+
TOR4A	chr9	137277725	4916	+
TOX	chr8	58805411	313736	-
TOX2	chr20	43914851	154765	+
TOX3	chr16	52436416	110727	-
TOX4	chr14	21477194	21976	+
TP53	chr17	7668420	19070	-
TP53AIP1	chr11	128935369	7502	-
TP53BP1	chr15	43403060	90096	-
TP53BP2	chr1	223779892	66055	-
TP53I11	chr11	44932347	18536	-
TP53I13	chr17	29568700	4457	+
TP53I3	chr2	24077432	7402	-
TP53INP1	chr8	94925971	23407	-
TP53INP2	chr20	34704343	9093	+
TP53RK	chr20	46684364	5080	-
TP53TG3	chr16	32673529	2636	-
TP53TG3B	chr16	33360840	2638	+
TP53TG3C	chr16	33194225	2633	+
TP53TG3D	chr16	32253285	2643	+
TP53TG3E	chr16	33304305	2640	+
TP53TG3F	chr16	33459611	2638	+
TP53TG5	chr20	45372556	5769	-
TP63	chr3	189631388	265888	+
TP73	chr1	3652515	83686	+
TPBG	chr6	82363816	3604	+
TPBGL	chr11	75240773	2931	+
TPCN1	chr12	113221463	77122	+
TPCN2	chr11	69048931	41666	+
TPD52	chr8	80034744	136820	-
TPD52L1	chr6	125153772	110635	+
TPD52L2	chr20	63865269	26269	+
TPD52L3	chr9	6328374	3517	+
TPGS1	chr19	507496	12158	+
TPGS2	chr18	36794107	34895	-
TPH1	chr11	18017554	28715	-
TPH2	chr12	71938844	93596	+
TPI1	chr12	6867530	3418	+
TPK1	chr7	144451940	384113	-
TPM1	chr15	63042746	23432	+
TPM2	chr9	35682931	6994	-
TPM3	chr1	154161812	30288	-
TPM4	chr19	16076494	26508	+
TPMT	chr6	18128310	26767	-
TPO	chr2	1413462	130211	+
TPP1	chr11	6612767	6655	-
TPP2	chr13	102596985	82973	+
TPPP	chr5	659861	33491	-
TPPP2	chr14	21030216	2599	+
TPPP3	chr16	67389808	3690	-
TPR	chr1	186311651	63602	-
TPRA1	chr3	127571231	19502	-
TPRG1	chr3	189171970	153334	+
TPRG1L	chr1	3625014	5113	+
TPRKB	chr2	73729872	7473	-
TPRN	chr9	137191618	9123	-
TPRX1	chr19	47801231	3320	-
TPRX2	chr19	47859234	2487	+
TPSAB1	chr16	1240704	1850	+
TPSB2	chr16	1228335	1849	-
TPSD1	chr16	1256068	2940	+
TPSG1	chr16	1221650	3618	-
TPST1	chr7	66205333	155110	+
TPST2	chr22	26521995	68137	-
TPT1	chr13	45333470	7713	-
TPTE	chr21	10521582	84134	+
TPTE2	chr13	19422876	138656	-
TPX2	chr20	31739289	62511	+
TRA2A	chr7	23504779	27202	-
TRA2B	chr3	185914557	23457	-
TRABD	chr22	50185912	13683	+
TRABD2A	chr2	84821665	59419	-
TRABD2B	chr1	47760527	236858	-
TRADD	chr16	67154184	5725	-
TRAF1	chr9	120902392	24404	-
TRAF2	chr9	136886515	40092	+
TRAF3	chr14	102777448	134052	+
TRAF3IP1	chr2	238320517	80380	+
TRAF3IP2	chr6	111555380	50498	-
TRAF3IP3	chr1	209756052	26258	+
TRAF4	chr17	28744010	6946	+
TRAF5	chr1	211326832	48114	+
TRAF6	chr11	36483768	26504	-
TRAF7	chr16	2155781	22348	+
TRAFD1	chr12	112125559	28045	+
TRAIP	chr3	49828600	27964	-
TRAK1	chr3	42091356	134534	+
TRAK2	chr2	201377206	74252	-
TRAM1	chr8	70573217	35199	-
TRAM1L1	chr4	117083553	2023	-
TRAM2	chr6	52497407	79653	-
TRANK1	chr3	36826818	118236	-
TRAP1	chr16	3658036	59488	-
TRAPPC1	chr17	7930348	1598	-
TRAPPC10	chr21	44012308	94244	+
TRAPPC11	chr4	183659292	54297	+
TRAPPC12	chr2	3379693	99872	+
TRAPPC13	chr5	65625026	41207	+
TRAPPC14	chr7	100154422	4301	-
TRAPPC2	chrX	13712244	22376	-
TRAPPC2B	chr19	57363550	1855	+
TRAPPC2L	chr16	88857126	5552	+
TRAPPC3	chr1	36136571	12915	-
TRAPPC3L	chr6	116494988	50696	-
TRAPPC4	chr11	119018765	5369	+
TRAPPC5	chr19	7680832	6871	+
TRAPPC6A	chr19	45162932	15305	-
TRAPPC6B	chr14	39147813	22520	-
TRAPPC8	chr18	31829196	113932	-
TRAPPC9	chr8	139727724	730020	-
TRARG1	chr17	1279661	21317	+
TRAT1	chr3	108822785	32220	+
TRDMT1	chr10	17137335	64337	-
TRDN	chr6	123216338	420612	-
TREH	chr11	118657315	22335	-
TREM1	chr6	41273604	13078	-
TREM2	chr6	41158507	4609	-
TREML1	chr6	41149336	5011	-
TREML2	chr6	41189748	11401	-
TREML4	chr6	41228348	10534	+
TRERF1	chr6	42224930	226996	-
TREX1	chr3	48466229	1416	+
TREX2	chrX	153444472	1584	-
TRH	chr3	129974719	3216	+
TRHDE	chr12	72272369	398389	+
TRHR	chr8	109086584	34981	+
TRIAP1	chr12	120443963	2421	-
TRIB1	chr8	125430357	8046	+
TRIB2	chr2	12716935	25799	+
TRIB3	chr20	380759	16800	+
TRIL	chr7	28953357	4973	-
TRIM10	chr6	30151942	9269	-
TRIM11	chr1	228393675	13160	-
TRIM13	chr13	49997041	21426	+
TRIM14	chr9	98084352	34870	-
TRIM15	chr6	30163545	9148	+
TRIM16	chr17	15627965	56346	-
TRIM17	chr1	228407934	8927	-
TRIM2	chr4	153204442	134875	+
TRIM21	chr11	4384896	8806	-
TRIM22	chr11	5689789	21074	+
TRIM23	chr5	65589689	34644	-
TRIM24	chr7	138460258	129738	+
TRIM25	chr17	56887908	26141	-
TRIM26	chr6	30184454	28952	-
TRIM27	chr6	28903001	20984	-
TRIM28	chr19	58544063	6652	+
TRIM29	chr11	120111285	26828	-
TRIM3	chr11	6448612	25329	-
TRIM31	chr6	30102896	10194	-
TRIM32	chr9	116687304	13995	+
TRIM33	chr1	114392789	118414	-
TRIM34	chr11	5625000	19398	+
TRIM35	chr8	27284885	26387	-
TRIM36	chr5	115124771	45137	-
TRIM37	chr17	58998201	108679	-
TRIM38	chr6	25962801	28430	+
TRIM39	chr6	30326926	16803	+
TRIM4	chr7	99890402	29128	-
TRIM40	chr6	30136139	12589	+
TRIM41	chr5	181223280	12528	+
TRIM42	chr3	140678063	23087	+
TRIM43	chr2	95592000	7778	+
TRIM43B	chr2	95477007	7747	-
TRIM44	chr11	35662774	155233	+
TRIM45	chr1	117111059	10690	-
TRIM46	chr1	155173848	11122	+
TRIM47	chr17	75874163	4418	-
TRIM48	chr11	55262154	8960	+
TRIM49	chr11	89797654	10921	-
TRIM49B	chr11	49028822	9333	+
TRIM49C	chr11	90031105	10920	+
TRIM49D1	chr11	89911408	10837	-
TRIM49D2	chr11	89924063	9000	+
TRIM5	chr11	5663194	21880	-
TRIM50	chr7	73312535	15547	-
TRIM51	chr11	55883296	8514	+
TRIM51G	chr11	48975497	8388	-
TRIM52	chr5	181255146	5997	-
TRIM54	chr2	27282428	25007	+
TRIM55	chr8	66127128	48357	+
TRIM56	chr7	101085480	12487	+
TRIM58	chr1	247857186	22952	+
TRIM59	chr3	160435502	14284	-
TRIM6	chr11	5596636	16316	+
TRIM60	chr4	165031998	9751	+
TRIM61	chr4	164968280	9377	-
TRIM62	chr1	33145398	36645	-
TRIM63	chr1	26051300	16330	-
TRIM64	chr11	89966036	8036	+
TRIM64B	chr11	89870437	8050	-
TRIM64C	chr11	49053713	5399	-
TRIM65	chr17	75888962	7989	-
TRIM66	chr11	8612039	70626	-
TRIM67	chr1	231162057	59508	+
TRIM68	chr11	4598671	9560	-
TRIM69	chr15	44736527	31300	+
TRIM7	chr5	181193923	11273	-
TRIM71	chr3	32817996	79828	+
TRIM72	chr16	31214118	17419	+
TRIM73	chr7	75395628	9977	+
TRIM74	chr7	72959484	9982	-
TRIM75	chr4	165053865	6689	+
TRIM77	chr11	89710298	7574	+
TRIM8	chr10	102644478	13840	+
TRIM8-DT	chr10	102642791	398	-
TRIM9	chr14	50975265	119840	-
TRIML1	chr4	188139440	8303	+
TRIML2	chr4	188091271	18332	-
TRIO	chr5	14143341	366863	+
TRIOBP	chr22	37697047	79509	+
TRIP10	chr19	6739679	11851	+
TRIP11	chr14	91965990	74069	-
TRIP12	chr2	229763836	158173	-
TRIP13	chr5	892883	25237	+
TRIP4	chr15	64387835	67468	+
TRIP6	chr7	100867386	6068	+
TRIQK	chr8	92883533	82611	-
TRIR	chr19	12730639	4045	-
TRIT1	chr1	39838109	45395	-
TRMO	chr9	97904488	18012	-
TRMT1	chr19	13104906	11834	-
TRMT10A	chr4	99546710	17329	-
TRMT10B	chr9	37753804	25168	+
TRMT10C	chr3	101561867	4579	+
TRMT11	chr6	125986539	52737	+
TRMT112	chr11	64316459	1100	-
TRMT13	chr1	100133162	17334	+
TRMT1L	chr1	185118100	38853	-
TRMT2A	chr22	20111874	5352	-
TRMT2B	chrX	101009349	42762	-
TRMT44	chr4	8440776	35779	+
TRMT5	chr14	60971440	9639	-
TRMT6	chr20	5937227	13306	-
TRMT61A	chr14	103529195	7878	+
TRMT61B	chr2	28849820	20489	-
TRMT9B	chr8	12945672	84105	+
TRMU	chr22	46335713	21627	+
TRNAU1AP	chr1	28553084	25461	+
TRNP1	chr1	26993691	7195	+
TRNT1	chr3	3126939	22084	+
TRO	chrX	54920823	10608	+
TROAP	chr12	49323254	8477	+
TRPA1	chr8	72021249	54335	-
TRPC1	chr3	142724033	83855	+
TRPC3	chr4	121874480	77580	-
TRPC4	chr13	37632062	237710	-
TRPC4AP	chr20	35002403	90404	-
TRPC5	chrX	111768010	314766	-
TRPC5OS	chrX	111876180	27810	+
TRPC6	chr11	101451563	132444	-
TRPC7	chr5	136212744	152801	-
TRPM1	chr15	31001064	100661	-
TRPM2	chr21	44353620	89024	+
TRPM3	chr9	70529059	592562	-
TRPM4	chr19	49157791	54045	+
TRPM5	chr11	2404514	40000	-
TRPM6	chr9	74722494	165427	-
TRPM7	chr15	50557157	129640	-
TRPM8	chr2	233917372	102150	+
TRPS1	chr8	115408495	260480	-
TRPT1	chr11	64223815	2371	-
TRPV1	chr17	3565445	43966	-
TRPV2	chr17	16415570	21433	+
TRPV3	chr17	3510501	47311	-
TRPV4	chr12	109783088	50310	-
TRPV5	chr7	142908100	25646	-
TRPV6	chr7	142871207	14538	-
TRRAP	chr7	98878531	134710	+
TRUB1	chr10	114938194	39482	+
TRUB2	chr9	128305158	17289	-
TSACC	chr1	156338525	8470	+
TSBP1	chr6	32292697	79206	-
TSC1	chr9	132891348	53268	-
TSC2	chr16	2047984	41507	+
TSC22D1	chr13	44432142	144188	-
TSC22D2	chr3	150408297	58125	+
TSC22D3	chrX	107713220	62567	-
TSC22D4	chr7	100466518	12696	-
TSEN15	chr1	184051729	22483	+
TSEN2	chr3	12484479	49179	+
TSEN34	chr19	54191307	3225	+
TSEN54	chr17	75516527	8208	+
TSFM	chr12	57782786	14801	+
TSG101	chr11	18480310	46632	-
TSGA10	chr2	98997260	157682	-
TSGA10IP	chr11	65945479	14487	+
TSGA13	chr7	130668642	17903	-
TSHB	chr1	115029825	4477	+
TSHR	chr14	80955620	190686	+
TSHZ1	chr18	75210796	79148	+
TSHZ2	chr20	52972357	522973	+
TSHZ3	chr19	31274944	74492	-
TSKS	chr19	49739759	23547	-
TSKU	chr11	76783355	14789	+
TSLP	chr5	111071712	6314	+
TSN	chr2	121755650	12203	+
TSNARE1	chr8	142212079	191103	-
TSNAX	chr1	231528668	37856	+
TSNAXIP1	chr16	67806888	21180	+
TSPAN1	chr1	46175086	10876	+
TSPAN10	chr17	81637195	11554	+
TSPAN11	chr12	30926747	69852	+
TSPAN12	chr7	120787319	70825	-
TSPAN13	chr7	16753754	30782	+
TSPAN14	chr10	80454309	68322	+
TSPAN15	chr10	69451464	56202	+
TSPAN16	chr19	11296159	19808	+
TSPAN17	chr5	176647483	11568	+
TSPAN18	chr11	44726961	205462	+
TSPAN19	chr12	85014316	21961	-
TSPAN2	chr1	115048010	41493	-
TSPAN3	chr15	77041403	29706	-
TSPAN31	chr12	57745038	5181	+
TSPAN32	chr11	2302012	16192	+
TSPAN33	chr7	129144706	24993	+
TSPAN4	chr11	842851	24260	+
TSPAN5	chr4	98470366	188245	-
TSPAN6	chrX	100627107	9699	-
TSPAN7	chrX	38561541	127377	+
TSPAN8	chr12	71125095	32904	-
TSPAN9	chr12	3077378	209181	+
TSPEAR	chr21	44497892	213680	-
TSPO	chr22	43151558	11684	+
TSPO2	chr6	41042466	1871	+
TSPOAP1	chr17	58301230	27565	-
TSPY1	chrY	9466954	2795	+
TSPY10	chrY	9527879	2797	+
TSPY2	chrY	6246222	2796	+
TSPY3	chrY	9398420	2797	+
TSPY4	chrY	9337463	2815	+
TSPY8	chrY	9357796	2797	+
TSPY9	chrY	9487266	2815	+
TSPYL1	chr6	116274857	5073	-
TSPYL2	chrX	53082366	6174	+
TSPYL4	chr6	116249963	4112	-
TSPYL5	chr8	97273487	4441	-
TSPYL6	chr2	54253177	3052	-
TSR1	chr17	2322395	14062	-
TSR2	chrX	54440403	7629	+
TSR3	chr16	1349239	2639	-
TSSC4	chr11	2400749	3127	+
TSSK1B	chr5	113432552	2437	-
TSSK2	chr22	19131307	1315	+
TSSK3	chr1	32362538	1774	+
TSSK4	chr14	24205695	2553	+
TSSK6	chr19	19514218	1330	-
TST	chr22	37010864	8583	-
TSTD1	chr1	161037630	1334	-
TSTD2	chr9	97600079	33289	-
TTBK1	chr6	43243480	44778	+
TTBK2	chr15	42738729	182049	-
TTC1	chr5	160009138	56405	+
TTC12	chr11	113314582	51805	+
TTC13	chr1	230906242	72619	-
TTC14	chr3	180602162	8968	+
TTC16	chr9	127716078	15512	+
TTC17	chr11	43358919	136012	+
TTC19	chr17	15999823	29581	+
TTC21A	chr3	39107679	31221	+
TTC21B	chr2	165873361	80415	-
TTC22	chr1	54779711	21612	-
TTC23	chr15	99136322	113259	-
TTC23L	chr5	34839163	61348	+
TTC24	chr1	156579722	7997	+
TTC27	chr2	32628049	193002	+
TTC28	chr22	27978013	701827	-
TTC29	chr4	146706616	239248	-
TTC3	chr21	37073253	129854	+
TTC31	chr2	74483080	11479	+
TTC32	chr2	19896630	5353	-
TTC33	chr5	40711575	44386	-
TTC34	chr1	2636985	164708	-
TTC36	chr11	118527473	3520	+
TTC38	chr22	46268007	26001	+
TTC39A	chr1	51287257	43305	-
TTC39B	chr9	15163621	143595	-
TTC39C	chr18	24014753	120847	+
TTC4	chr1	54715860	26797	+
TTC5	chr14	20286226	19725	-
TTC6	chr14	37595628	247089	+
TTC7A	chr2	46941223	134900	+
TTC7B	chr14	90524563	291867	-
TTC8	chr14	88824650	53338	+
TTC9	chr14	70641915	33451	+
TTC9B	chr19	40216057	2327	-
TTC9C	chr11	62728485	10151	+
TTF1	chr9	132375547	31293	-
TTF2	chr1	117060325	47128	+
TTI1	chr20	37983020	50436	-
TTI2	chr8	33498721	14414	-
TTK	chr6	80004648	37879	+
TTL	chr2	112482155	59584	+
TTLL1	chr22	43039515	49876	-
TTLL10	chr1	1173879	24057	+
TTLL11	chr9	121815673	277635	-
TTLL12	chr22	43166621	20513	-
TTLL13	chr15	90249555	15922	+
TTLL2	chr6	167325085	17603	+
TTLL3	chr3	9810261	26104	+
TTLL4	chr2	218710834	44582	+
TTLL5	chr14	75661245	293834	+
TTLL6	chr17	48762233	54996	-
TTLL7	chr1	83865023	134109	-
TTLL8	chr22	50018574	39724	-
TTLL9	chr20	31870633	74367	+
TTN	chr2	178525988	281435	-
TTPA	chr8	63059487	26566	-
TTPAL	chr20	44475873	18730	+
TTR	chr18	31591876	6945	+
TTTY10	chrY	20465445	110070	-
TTYH1	chr19	54415463	21441	+
TTYH2	chr17	74213570	48450	+
TTYH3	chr7	2631985	32817	+
TUB	chr11	8081210	25033	+
TUBA1A	chr12	49184794	4286	-
TUBA1B	chr12	49127781	3614	-
TUBA1C	chr12	49265081	9519	+
TUBA3C	chr13	19173771	8053	-
TUBA3D	chr2	131476118	6816	+
TUBA3E	chr2	130191744	6695	-
TUBA4A	chr2	219249709	4209	-
TUBA4B	chr2	219253242	18955	+
TUBA8	chr22	18110808	20924	+
TUBAL3	chr10	5393100	11728	-
TUBB	chr6	30720351	5071	+
TUBB1	chr20	59019428	7226	+
TUBB2A	chr6	3153665	3879	-
TUBB2B	chr6	3224276	3377	-
TUBB3	chr16	89923341	12756	+
TUBB4A	chr19	6494318	7991	-
TUBB4B	chr9	137241286	2421	+
TUBB6	chr18	12308240	18376	+
TUBB8	chr10	46887	2409	-
TUBB8B	chr18	47220	2395	-
TUBD1	chr17	59859478	33465	-
TUBE1	chr6	112070662	16820	-
TUBG1	chr17	42609682	5556	+
TUBG2	chr17	42659283	7723	+
TUBGCP2	chr10	133278634	30238	-
TUBGCP3	chr13	112485010	103143	-
TUBGCP4	chr15	43371100	38671	+
TUBGCP5	chr15	22999176	40393	-
TUBGCP6	chr22	50217693	27330	-
TUFM	chr16	28842410	3938	-
TUFT1	chr1	151540308	43275	+
TUG1	chr22	30969264	10131	+
TULP1	chr6	35497873	15023	-
TULP2	chr19	48880966	17778	-
TULP3	chr12	2890890	50248	+
TULP4	chr6	158312464	199364	+
TUNAR	chr14	95876831	48740	+
TUSC1	chr9	25676968	1476	-
TUSC2	chr3	50324908	3315	-
TUSC3	chr8	15540262	226376	+
TUSC7	chr3	116709778	7258	+
TUT1	chr11	62575051	16472	-
TUT4	chr1	52423274	129818	-
TUT7	chr9	86287732	66678	-
TVP23A	chr16	10766674	52120	-
TVP23B	chr17	18781182	25532	+
TVP23C	chr17	15536979	26504	-
TWF1	chr12	43793722	12595	-
TWF2	chr3	52228611	10547	-
TWIST1	chr7	19115467	2169	-
TWIST2	chr2	238848084	62450	+
TWNK	chr10	100987542	6861	+
TWSG1	chr18	9334772	67648	+
TXK	chr4	48066392	67858	-
TXLNA	chr1	32179674	18611	+
TXLNB	chr6	139240060	51938	-
TXLNG	chrX	16786465	58054	+
TXN	chr9	110243809	12698	-
TXN2	chr22	36467045	14595	-
TXNDC11	chr16	11679082	63775	-
TXNDC12	chr1	52020130	35061	-
TXNDC15	chr5	134874370	27265	+
TXNDC16	chr14	52430595	121910	-
TXNDC17	chr17	6641059	3482	+
TXNDC2	chr18	9885972	3303	+
TXNDC5	chr6	7881516	29272	-
TXNDC8	chr9	110303475	34388	-
TXNDC9	chr2	99318981	17352	-
TXNIP	chr1	145992434	4145	-
TXNL1	chr18	56597208	41384	-
TXNL4A	chr18	79970812	17751	-
TXNL4B	chr16	72084856	8764	-
TXNRD1	chr12	104215778	134529	+
TXNRD2	chr22	19875521	66297	-
TXNRD3	chr3	126607049	48075	-
TYK2	chr19	10350532	30040	-
TYMP	chr22	50525751	4261	-
TYMS	chr18	657652	15926	+
TYR	chr11	89177874	117885	+
TYRO3	chr15	41559211	24378	+
TYROBP	chr19	35904402	3893	-
TYRP1	chr9	12693384	16901	+
TYSND1	chr10	70137980	8720	-
TYW1	chr7	66996832	242682	+
TYW1B	chr7	72574512	253688	-
TYW2	chr8	124450819	2207	+
TYW3	chr1	74733151	33526	+
TYW5	chr2	199928912	26579	-
U2AF1	chr21	43092955	14615	-
U2AF1L4	chr19	35742526	2892	-
U2AF2	chr19	55655034	19682	+
U2SURP	chr3	143001569	59156	+
UACA	chr15	70654553	109005	-
UAP1	chr1	162561721	39519	+
UAP1L1	chr9	137077516	7022	+
UBA1	chrX	47193828	21300	+
UBA2	chr19	34428380	42871	+
UBA3	chr3	69054729	25636	-
UBA5	chr3	132660328	19466	+
UBA52	chr19	18571856	5694	+
UBA6	chr4	67612651	88504	-
UBA7	chr3	49805208	8745	-
UBAC1	chr9	135932968	28405	-
UBAC2	chr13	99200853	185651	+
UBALD1	chr16	4608883	6005	-
UBALD2	chr17	76265347	5951	+
UBAP1	chr9	34179042	73481	+
UBAP1L	chr15	65092759	22441	-
UBAP2	chr9	33921692	127195	-
UBAP2L	chr1	154220954	49893	+
UBASH3A	chr21	42403901	43783	+
UBASH3B	chr11	122655721	158752	+
UBB	chr17	16381090	1650	+
UBC	chr12	124911645	3005	-
UBD	chr6	29555514	4218	-
UBE2A	chrX	119574562	9861	+
UBE2B	chr5	134371568	20540	+
UBE2C	chr20	45812643	4309	+
UBE2D1	chr10	58335005	35743	+
UBE2D2	chr5	139561338	67096	+
UBE2D3	chr4	102794382	33169	-
UBE2D4	chr7	43926435	29701	+
UBE2E1	chr3	23805954	85686	+
UBE2E2	chr3	23203326	388468	+
UBE2E3	chr2	180980604	82821	+
UBE2F	chr2	237967013	75769	+
UBE2G1	chr17	4269258	97417	-
UBE2G2	chr21	44768579	33241	-
UBE2H	chr7	129830731	122229	-
UBE2I	chr16	1309635	17382	+
UBE2J1	chr6	89326624	26098	-
UBE2J2	chr1	1253911	19943	-
UBE2K	chr4	39698135	84657	+
UBE2L3	chr22	21567713	56321	+
UBE2L5	chr13	30422492	7266	+
UBE2L6	chr11	57551661	16011	-
UBE2M	chr19	58555711	2900	-
UBE2N	chr12	93405683	36264	-
UBE2O	chr17	76389455	63697	-
UBE2Q1	chr1	154548576	10086	-
UBE2Q2	chr15	75843446	57632	+
UBE2QL1	chr5	6448858	47865	+
UBE2R2	chr9	33817159	103240	+
UBE2S	chr19	55399744	8044	-
UBE2T	chr1	202331656	10280	-
UBE2U	chr1	64203622	63746	+
UBE2V1	chr20	50081123	32027	-
UBE2V2	chr8	48008430	56278	+
UBE2W	chr8	73786218	92644	-
UBE2Z	chr17	48908406	20650	+
UBE3A	chr15	25333727	105297	-
UBE3B	chr12	109477633	59069	+
UBE3C	chr7	157138925	130445	+
UBE3D	chr6	82892389	173452	-
UBE4A	chr11	118359599	39612	+
UBE4B	chr1	10032957	148282	+
UBFD1	chr16	23557726	16663	+
UBIAD1	chr1	11273197	15237	+
UBL3	chr13	29764370	86247	-
UBL4A	chrX	154483716	2899	-
UBL4B	chr1	110112442	1505	+
UBL5	chr19	9827917	2198	+
UBL7	chr15	74445976	15184	-
UBLCP1	chr5	159263289	22747	+
UBN1	chr16	4847480	34921	+
UBN2	chr7	139231236	77000	+
UBOX5	chr20	3107572	52293	-
UBP1	chr3	33388335	52070	-
UBQLN1	chr9	83659967	47991	-
UBQLN2	chrX	56563626	4242	+
UBQLN3	chr11	5507299	2658	-
UBQLN4	chr1	156035298	18500	-
UBQLNL	chr11	5514392	2307	-
UBR1	chr15	42942896	163142	-
UBR2	chr6	42564028	129477	+
UBR3	chr2	169827453	256678	+
UBR4	chr1	19074509	135757	-
UBR5	chr8	102252272	160428	-
UBR7	chr14	93207255	21960	+
UBTD1	chr10	97498923	72283	+
UBTD2	chr5	172209645	74119	-
UBTF	chr17	44205039	14636	-
UBTFL1	chr11	90085949	1182	+
UBXN1	chr11	62676499	2574	-
UBXN10	chr1	20186095	9955	+
UBXN11	chr1	26282281	24355	-
UBXN2A	chr2	23940462	64447	+
UBXN2B	chr8	58411360	40141	+
UBXN4	chr2	135741854	43202	+
UBXN6	chr19	4445005	12789	-
UBXN7	chr3	196347661	84766	-
UBXN8	chr8	30744163	22843	+
UCHL1	chr4	41256927	11528	+
UCHL3	chr13	75549790	56230	+
UCHL5	chr1	193012253	47107	-
UCK1	chr9	131523800	7463	-
UCK2	chr1	165827613	84005	+
UCKL1	chr20	63939828	16588	-
UCMA	chr10	13221765	12609	-
UCN	chr2	27307399	1046	-
UCN2	chr3	48561717	2064	-
UCN3	chr10	5364965	9727	+
UCP1	chr4	140559430	9531	-
UCP2	chr11	73974671	8172	-
UCP3	chr11	74000276	8809	-
UEVLD	chr11	18529608	59126	-
UFC1	chr1	161153977	4879	+
UFD1	chr22	19449910	29283	-
UFL1	chr6	96521805	33471	+
UFM1	chr13	38349850	13769	+
UFSP1	chr7	100888720	995	-
UFSP2	chr4	185399536	26428	-
UGCG	chr9	111896813	38556	+
UGDH	chr4	39498754	28685	-
UGGT1	chr2	128091199	104478	+
UGGT2	chr13	95801579	251822	-
UGP2	chr2	63841895	49665	+
UGT1A1	chr2	233760269	13031	+
UGT1A10	chr2	233636447	136853	+
UGT1A3	chr2	233729041	44259	+
UGT1A4	chr2	233718735	54565	+
UGT1A5	chr2	233712906	60394	+
UGT1A6	chr2	233692889	80411	+
UGT1A7	chr2	233681900	91400	+
UGT1A8	chr2	233617632	155668	+
UGT1A9	chr2	233671897	101403	+
UGT2A1	chr4	69588416	64831	-
UGT2A2	chr4	69588416	51226	-
UGT2A3	chr4	68928462	23342	-
UGT2B10	chr4	68815993	16030	+
UGT2B11	chr4	69199950	14798	-
UGT2B15	chr4	68646596	24056	-
UGT2B17	chr4	68537172	39150	-
UGT2B28	chr4	69280474	14576	+
UGT2B4	chr4	69480164	15741	-
UGT2B7	chr4	69096473	16514	+
UGT3A1	chr5	35951005	40385	-
UGT3A2	chr5	36035020	31862	-
UGT8	chr4	114598806	79419	+
UHMK1	chr1	162497817	31814	+
UHRF1	chr19	4909500	52654	+
UHRF2	chr9	6413198	93856	+
UIMC1	chr5	176905005	101774	-
ULBP1	chr6	149963942	9773	+
ULBP2	chr6	149942013	7222	+
ULBP3	chr6	150061052	8069	-
ULK1	chr12	131894621	28529	+
ULK2	chr17	19770829	97107	-
ULK3	chr15	74836117	7039	-
ULK4	chr3	41246598	715505	-
UMAD1	chr7	7640751	238472	+
UMOD	chr16	20333050	19665	-
UMODL1	chr21	42071316	71680	+
UMPS	chr3	124730451	18822	+
UNC119	chr17	28546707	5917	-
UNC119B	chr12	120710457	13183	+
UNC13A	chr19	17601335	87019	-
UNC13B	chr9	35162008	243327	+
UNC13C	chr15	53978440	650165	+
UNC13D	chr17	75827224	17180	-
UNC45A	chr15	90935284	18809	+
UNC45B	chr17	35147816	41527	+
UNC50	chr2	98608588	9927	+
UNC5A	chr5	176810558	70340	+
UNC5B	chr10	71212569	90295	+
UNC5C	chr4	95162503	386470	-
UNC5CL	chr6	41026894	12327	-
UNC5D	chr8	35235474	561066	+
UNC79	chr14	93430938	276938	+
UNC80	chr2	209771831	227465	+
UNC93A	chr6	167291314	24700	+
UNC93B1	chr11	67991099	12998	-
UNCX	chr7	1232871	4455	+
UNG	chr12	109097596	13396	+
UNK	chr17	75784805	40994	+
UNKL	chr16	1363204	51500	-
UPB1	chr22	24495331	33059	+
UPF1	chr19	18831958	36272	+
UPF2	chr10	11920021	122788	-
UPF3A	chr13	114281600	24217	+
UPF3B	chrX	119834021	18942	-
UPK1A	chr19	35666516	11965	+
UPK1B	chr3	119173597	31546	+
UPK2	chr11	118956297	2262	+
UPK3A	chr22	45284948	10926	+
UPK3B	chr7	76510551	5971	+
UPK3BL1	chr7	102637024	5767	-
UPK3BL2	chr7	102537918	5778	-
UPP1	chr7	48089264	19472	+
UPP2	chr2	158101875	34279	+
UPRT	chrX	75274084	30801	+
UQCC1	chr20	35302577	109396	-
UQCC2	chr6	33696763	14937	-
UQCC3	chr11	62671672	2014	+
UQCC4	chr16	1419751	996	-
UQCC5	chr3	52536604	5286	+
UQCC6	chr12	103950193	7022	-
UQCR10	chr22	29767368	3045	+
UQCR11	chr19	1597168	8294	-
UQCRB	chr8	96222946	12599	-
UQCRC1	chr3	48599001	10645	-
UQCRC2	chr16	21953360	30300	+
UQCRFS1	chr19	29205319	7832	-
UQCRH	chr1	46303697	13079	+
UQCRHL	chr1	15807373	276	-
UQCRQ	chr5	132866641	2206	+
URAD	chr13	27977716	10977	-
URB1	chr21	32311017	81995	-
URB2	chr1	229626246	33954	+
URGCP	chr7	43875912	30684	-
URI1	chr19	29942238	74374	+
URM1	chr9	128371373	20643	+
UROC1	chr3	126481165	36608	-
UROD	chr1	45012253	3322	+
UROS	chr10	125788585	34673	-
USB1	chr16	58001406	20212	+
USE1	chr19	17215356	4473	+
USF1	chr1	161039250	6727	-
USF2	chr19	35268961	10860	+
USF3	chr3	113648384	48258	-
USH1C	chr11	17493899	50517	-
USH1G	chr17	74916082	7173	-
USH2A	chr1	215622890	800558	-
USHBP1	chr19	17249170	15575	-
USO1	chr4	75724576	89710	+
USP1	chr1	62437048	14756	+
USP10	chr16	84699999	79923	+
USP11	chrX	47233008	15320	+
USP12	chr13	27066155	105656	-
USP13	chr3	179653039	136362	+
USP14	chr18	158556	56073	+
USP15	chr12	62260403	155986	+
USP16	chr21	29024667	29821	+
USP17L1	chr8	7332386	1593	+
USP17L10	chr4	9210656	1593	+
USP17L11	chr4	9215404	1593	+
USP17L12	chr4	9220151	1593	+
USP17L13	chr4	9224895	1593	+
USP17L15	chr4	9234384	1662	+
USP17L17	chr4	9243878	1593	+
USP17L18	chr4	9248629	1593	+
USP17L19	chr4	9253377	1593	+
USP17L2	chr8	12136434	2415	-
USP17L20	chr4	9258123	1593	+
USP17L21	chr4	9262871	1593	+
USP17L22	chr4	9267618	1593	+
USP17L24	chr4	9325164	1593	+
USP17L25	chr4	9329910	1593	+
USP17L26	chr4	9334657	1593	+
USP17L27	chr4	9344147	1593	+
USP17L28	chr4	9348892	1593	+
USP17L29	chr4	9353637	1593	+
USP17L3	chr8	7976392	1593	-
USP17L30	chr4	9363128	1593	+
USP17L4	chr8	7337114	1593	+
USP17L5	chr4	9339402	1593	+
USP17L7	chr8	12132416	1683	-
USP17L8	chr8	7971660	1593	-
USP18	chr22	18150169	27228	+
USP19	chr3	49108049	12774	-
USP2	chr11	119355214	26476	-
USP20	chr9	129835457	46371	+
USP21	chr1	161159499	6224	+
USP22	chr17	20999595	43416	-
USP24	chr1	55066358	149006	-
USP25	chr21	15729981	150083	+
USP26	chrX	133023167	73942	-
USP27X	chrX	49879483	3075	+
USP28	chr11	113797874	77698	-
USP29	chr19	57119984	11942	+
USP3	chr15	63504592	90041	+
USP30	chr12	109052575	35448	+
USP31	chr16	23061405	88047	-
USP32	chr17	60177326	214807	-
USP33	chr1	77695986	63866	-
USP34	chr2	61187462	283625	-
USP35	chr11	78188918	26314	+
USP36	chr17	78795651	45163	-
USP37	chr2	218450250	118101	-
USP38	chr4	143184916	38958	+
USP39	chr2	85616185	33098	+
USP4	chr3	49277143	62910	-
USP40	chr2	233475525	91257	-
USP42	chr7	6104948	56616	+
USP43	chr17	9645516	84171	+
USP44	chr12	95516559	34917	-
USP45	chr6	99432324	83099	-
USP46	chr4	52590959	68342	-
USP47	chr11	11841971	119916	+
USP48	chr1	21678297	104852	-
USP49	chr6	41789895	105480	-
USP5	chr12	6852149	14483	+
USP50	chr15	50500561	46105	-
USP51	chrX	55484615	5233	-
USP53	chr4	119212712	82806	+
USP54	chr10	73497537	93805	-
USP6	chr17	5116031	58960	+
USP6NL	chr10	11460509	151141	-
USP7	chr16	8892096	71810	-
USP8	chr15	50424404	90017	+
USP9X	chrX	41085444	151135	+
USP9Y	chrY	12701230	159609	+
USPL1	chr13	30617919	42847	+
UST	chr6	148747029	329961	+
UTF1	chr10	133230216	1342	+
UTP11	chr1	38012733	12087	+
UTP14A	chrX	129906163	23589	+
UTP14C	chr13	52024690	8910	+
UTP15	chr5	73565742	17638	+
UTP18	chr17	51260545	37388	+
UTP20	chr12	101280104	106514	+
UTP23	chr8	116766523	8161	+
UTP25	chr1	209827971	29594	+
UTP3	chr4	70688531	2020	+
UTP4	chr16	69132648	36373	+
UTP6	chr17	31860903	40805	-
UTRN	chr6	144285334	567700	+
UTS2	chr1	7847611	5454	-
UTS2B	chr3	191267167	63359	-
UTS2R	chr17	82371764	5694	+
UTY	chrY	13248384	231649	-
UVRAG	chr11	75815209	329023	+
UVSSA	chr4	1347207	40842	+
UXS1	chr2	106093310	100991	-
UXT	chrX	47651795	7385	-
VAC14	chr16	70687438	113720	-
VAMP1	chr12	6462236	8441	-
VAMP2	chr17	8159148	3800	-
VAMP3	chr1	7771295	10137	+
VAMP4	chr1	171700159	41906	-
VAMP5	chr2	85584430	8976	+
VAMP7	chrX	155881344	62425	+
VAMP8	chr2	85577585	4446	+
VANGL1	chr1	115641969	56252	+
VANGL2	chr1	160400563	28107	+
VAPA	chr18	9914015	46006	+
VAPB	chr20	58389228	61873	+
VARS1	chr6	31777517	18235	-
VARS2	chr6	30914237	12222	+
VASH1	chr14	76761467	21548	+
VASH2	chr1	212950540	41045	+
VASN	chr16	4371847	11691	+
VASP	chr19	45507478	19505	+
VAT1	chr17	43014606	7779	-
VAT1L	chr16	77788563	191544	+
VAV1	chr19	6772707	84654	+
VAV2	chr9	133761893	230431	-
VAV3	chr1	107571160	394020	-
VAX1	chr10	117133289	4981	-
VAX2	chr2	70900575	32871	+
VBP1	chrX	155216459	23382	+
VCAM1	chr1	100719741	19304	+
VCAN	chr5	83471743	110559	+
VCF1	chr17	73207364	25030	-
VCF2	chrX	55143101	18084	-
VCL	chr10	73998115	122054	+
VCP	chr9	35056063	16562	-
VCPIP1	chr8	66628486	38745	-
VCPKMT	chr14	50108636	7936	-
VCX	chrX	7843170	973	+
VCX2	chrX	8169943	1324	-
VCX3A	chrX	6533617	1501	-
VCX3B	chrX	8464829	1681	+
VCY	chrY	13985771	702	-
VCY1B	chrY	14056226	732	+
VDAC1	chr5	133971870	33105	-
VDAC2	chr10	75210795	20653	+
VDAC3	chr8	42391879	14058	+
VDR	chr12	47841536	63458	-
VEGFA	chr6	43770210	16277	+
VEGFB	chr11	64234583	4681	+
VEGFC	chr4	176683537	109385	-
VEGFD	chrX	15345595	38818	-
VENTX	chr10	133237854	4074	+
VEPH1	chr3	157259741	243675	-
VEZF1	chr17	57971551	16703	-
VEZT	chr12	95217806	84993	+
VGF	chr7	101162508	3061	-
VGLL1	chrX	136532214	24585	+
VGLL2	chr6	117265557	8008	+
VGLL3	chr3	86937972	53177	-
VGLL4	chr3	11556068	87847	-
VHL	chr3	10141777	11890	+
VHLL	chr1	156298623	684	-
VIL1	chr2	218419122	34173	+
VILL	chr3	37990785	16400	+
VIM	chr10	17228240	9353	+
VIP	chr6	152750796	8964	+
VIPAS39	chr14	77426674	30927	-
VIPR1	chr3	42502642	34926	+
VIPR2	chr7	159028174	116693	-
VIRMA	chr8	94487688	65781	-
VIT	chr2	36696706	118088	+
VKORC1	chr16	31090853	3944	-
VKORC1L1	chr7	65873073	86485	+
VLDLR	chr9	2621786	38270	+
VMA12	chr17	28357646	6037	+
VMA21	chrX	151397205	12159	+
VMA22	chr2	130337932	4232	-
VMAC	chr19	5904871	5982	+
VMO1	chr17	4785284	1080	-
VMP1	chr17	59707653	134602	+
VN1R1	chr19	57454789	2351	-
VN1R2	chr19	53258291	1311	+
VN1R4	chr19	53266675	1048	-
VNN1	chr6	132680848	33207	-
VNN2	chr6	132743869	14035	-
VOPP1	chr7	55470612	101890	-
VPREB1	chr22	22244785	730	+
VPREB3	chr22	23752742	1683	-
VPS11	chr11	119067817	14155	+
VPS13A	chr9	77177533	244004	+
VPS13B	chr8	99013273	864307	+
VPS13C	chr15	61852388	208059	-
VPS13D	chr1	12230029	282018	+
VPS16	chr20	2840744	25988	+
VPS18	chr15	40894449	9526	+
VPS25	chr17	42773448	6151	+
VPS26A	chr10	69124177	50235	+
VPS26B	chr11	134224670	23118	+
VPS26C	chr21	37223421	43913	-
VPS28	chr8	144423616	4932	-
VPS29	chr12	110491082	11029	-
VPS33A	chr12	122229563	36931	-
VPS33B	chr15	90998672	23922	-
VPS35	chr16	46656131	33047	-
VPS35L	chr16	19555702	145461	+
VPS36	chr13	52412605	38029	-
VPS37A	chr8	17246957	51067	+
VPS37B	chr12	122865329	30795	-
VPS37C	chr11	61130256	31170	-
VPS37D	chr7	73667830	4280	+
VPS39	chr15	42158700	49604	-
VPS41	chr7	38722973	186218	-
VPS45	chr1	150067775	77554	+
VPS4A	chr16	69311349	15590	+
VPS4B	chr18	63389189	33287	-
VPS50	chr7	93232365	128758	+
VPS51	chr11	65096213	15649	+
VPS52	chr6	33250277	21599	-
VPS53	chr17	508667	206172	-
VPS54	chr2	63892149	127279	-
VPS72	chr1	151176303	13894	-
VPS8	chr3	184812165	240439	+
VPS9D1	chr16	89707133	13765	-
VRK1	chr14	96797381	84228	+
VRK2	chr2	58046805	113066	+
VRK3	chr19	49976467	48905	-
VRTN	chr14	74348470	11538	+
VSIG1	chrX	108045064	34120	+
VSIG10	chr12	118063592	40419	-
VSIG10L	chr19	51331540	10599	-
VSIG10L2	chr11	125946043	10276	+
VSIG2	chr11	124747473	4782	-
VSIG4	chrX	66021737	18343	-
VSIG8	chr1	159854315	8342	-
VSIR	chr10	71747555	25965	-
VSNL1	chr2	17540695	116323	+
VSTM1	chr19	54040824	23073	-
VSTM2A	chr7	54542374	28693	+
VSTM2B	chr19	29525993	38558	+
VSTM2L	chr20	37903126	42224	+
VSTM4	chr10	49014235	101287	-
VSTM5	chr11	93818231	32387	-
VSX1	chr20	25075462	6679	-
VSX2	chr14	74239448	23290	+
VTA1	chr6	142147262	77423	+
VTCN1	chr1	117143586	67341	-
VTI1A	chr10	112447214	371530	+
VTI1B	chr14	67647084	27548	-
VTN	chr17	28367283	3024	-
VWA1	chr1	1435689	7193	+
VWA2	chr10	114239253	55236	+
VWA3A	chr16	22092540	64424	+
VWA3B	chr2	98087166	226133	+
VWA5A	chr11	124115449	32272	+
VWA5B1	chr1	20290874	68644	+
VWA5B2	chr3	184229584	12745	+
VWA7	chr6	31765589	11739	-
VWA8	chr13	41566834	394275	-
VWC2	chr7	49773637	148313	+
VWC2L	chr2	214411053	167923	+
VWCE	chr11	61258285	37031	-
VWDE	chr7	12330884	72981	-
VWF	chr12	5948876	175794	-
VXN	chr8	66493565	24959	+
WAC	chr10	28533117	89995	+
WAPL	chr10	86435255	86537	-
WAPL-DT	chr10	86521946	3155	+
WARS1	chr14	100333789	41558	-
WARS2	chr1	119031215	109438	-
WAS	chrX	48683798	7629	+
WASF1	chr6	110099818	79852	-
WASF2	chr1	27404229	85938	-
WASF3	chr13	26557682	131266	+
WASHC1	chr9	14512	14944	-
WASHC2A	chr10	50067953	65556	+
WASHC2C	chr10	45727265	65699	+
WASHC3	chr12	102012839	49152	-
WASHC4	chr12	105107730	61400	+
WASHC5	chr8	125024259	67533	-
WASL	chr7	123681942	67061	-
WBP1	chr2	74458437	2444	+
WBP11	chr12	14784581	18897	-
WBP1L	chr10	102743947	72315	+
WBP2	chr17	75845698	9637	-
WBP2NL	chr22	41998787	29688	+
WBP4	chr13	41061508	22498	+
WDCP	chr2	24029346	18045	-
WDFY1	chr2	223875347	69988	-
WDFY2	chr13	51584461	183248	+
WDFY3	chr4	84669596	297094	-
WDFY4	chr10	48684872	298084	+
WDHD1	chr14	54938948	88151	-
WDPCP	chr2	63119558	468919	-
WDR1	chr4	10074338	42461	-
WDR11	chr10	120851361	58163	+
WDR12	chr2	202874260	37413	-
WDR13	chrX	48597491	11378	+
WDR17	chr4	176065840	116975	+
WDR18	chr19	984344	10213	+
WDR19	chr4	39182528	103282	+
WDR20	chr14	102139896	70631	+
WDR24	chr16	684621	5777	-
WDR25	chr14	100376484	153819	+
WDR26	chr1	224385145	49652	-
WDR27	chr6	169457211	244818	-
WDR3	chr1	117929738	36805	+
WDR31	chr9	113313221	27054	-
WDR33	chr2	127701026	110145	-
WDR35	chr2	19910262	79843	-
WDR36	chr5	111092347	38155	+
WDR37	chr10	1056384	75988	+
WDR38	chr9	124853459	4419	+
WDR4	chr21	42849225	30314	-
WDR41	chr5	77430932	61384	-
WDR43	chr2	28894666	53553	+
WDR44	chrX	118346105	103856	+
WDR45	chrX	49074441	5446	-
WDR45B	chr17	82614561	33883	-
WDR46	chr6	33279107	10132	-
WDR47	chr1	108970213	71889	-
WDR48	chr3	39052015	44649	+
WDR49	chr3	167478683	175259	-
WDR5	chr9	134136081	23887	+
WDR5-DT	chr9	134131449	4533	-
WDR53	chr3	196554176	14378	-
WDR54	chr2	74421729	4026	+
WDR55	chr5	140664903	7442	+
WDR59	chr16	74871361	113762	-
WDR5B	chr3	122411845	4217	-
WDR6	chr3	49007390	8561	+
WDR62	chr19	36054896	50212	+
WDR64	chr1	241652280	150497	+
WDR7	chr18	56651358	378434	+
WDR70	chr5	37379317	374118	+
WDR72	chr15	53513740	245923	-
WDR73	chr15	84639284	14999	-
WDR74	chr11	62832910	6680	-
WDR75	chr2	189441473	34079	+
WDR76	chr15	43827001	41411	+
WDR77	chr1	111439889	9367	-
WDR81	chr17	1724703	13882	+
WDR82	chr3	52254433	24216	-
WDR83	chr19	12666806	9026	+
WDR83OS	chr19	12668072	1343	-
WDR86	chr7	151381123	28915	-
WDR87	chr19	37884822	21772	-
WDR88	chr19	33132113	43686	+
WDR89	chr14	63597038	44833	-
WDR90	chr16	649364	18466	+
WDR91	chr7	135183838	27688	-
WDR93	chr15	89690810	52828	+
WDR97	chr8	144107738	10590	+
WDSUB1	chr2	159235797	50906	-
WDTC1	chr1	27234631	74005	+
WEE1	chr11	9573669	16316	+
WEE2	chr7	141708352	22919	+
WFDC1	chr16	84294877	34967	+
WFDC10A	chr20	45629738	1458	+
WFDC10B	chr20	45684650	20369	-
WFDC11	chr20	45648562	21677	-
WFDC12	chr20	45123424	1041	-
WFDC13	chr20	45702037	6780	+
WFDC2	chr20	45469752	11780	+
WFDC3	chr20	45774212	17671	-
WFDC5	chr20	45109462	5712	-
WFDC6	chr20	45534195	5287	-
WFDC8	chr20	45551761	27523	-
WFDC9	chr20	45607938	23346	-
WFIKKN1	chr16	630984	3133	+
WFIKKN2	chr17	50835585	6768	+
WFS1	chr4	6269849	33416	+
WHAMM	chr15	82809627	26481	+
WHR1	chr6	31972362	9084	+
WHRN	chr9	114402079	103394	-
WIF1	chr12	65050625	70680	-
WIPF1	chr2	174559573	38231	-
WIPF2	chr17	40219303	64833	+
WIPF3	chr7	29806507	110554	+
WIPI1	chr17	68421280	36216	-
WIPI2	chr7	5190232	43608	+
WIZ	chr19	15419977	29979	-
WLS	chr1	68125359	107164	-
WNK1	chr12	752578	158874	+
WNK2	chr9	93184138	136431	+
WNK3	chrX	54192822	165224	-
WNK4	chr17	42780609	16457	+
WNT1	chr12	48978321	4299	+
WNT10A	chr2	218880851	13077	+
WNT10B	chr12	48965339	6396	-
WNT11	chr11	76186324	20178	-
WNT16	chr7	121328999	12105	+
WNT2	chr7	117275450	47608	-
WNT2B	chr1	112508964	21201	+
WNT3	chr17	46762505	56187	-
WNT3A	chr1	228006997	54274	+
WNT4	chr1	22117312	25785	-
WNT5A	chr3	55465714	21592	-
WNT5B	chr12	1629230	17982	+
WNT6	chr2	218859804	14429	+
WNT7A	chr3	13816257	63814	-
WNT7B	chr22	45920365	56797	-
WNT8A	chr5	138084032	7509	+
WNT8B	chr10	100463008	20736	+
WNT9A	chr1	227918655	29277	-
WNT9B	chr17	46851582	28978	+
WRAP53	chr17	7688476	15026	+
WRAP73	chr1	3630769	19334	-
WRN	chr8	31033809	142329	+
WRNIP1	chr6	2765392	21560	+
WSB1	chr17	27294113	21813	+
WSB2	chr12	118032686	28493	-
WSCD1	chr17	6070378	54049	+
WSCD2	chr12	108129287	121250	+
WT1	chr11	32387774	47765	-
WTAP	chr6	159727505	28814	+
WTIP	chr19	34481757	30547	+
WWC1	chr5	168291644	180659	+
WWC2	chr4	183099256	221521	+
WWC3	chrX	10015253	129221	+
WWOX	chr16	78099653	1113014	+
WWP1	chr8	86342546	125957	+
WWP2	chr16	69762331	179408	+
WWTR1	chr3	149517234	140791	-
XAB2	chr19	7619524	10021	-
XAF1	chr17	6756045	19602	+
XAGE1A	chrX	52495807	5005	+
XAGE1B	chrX	52512076	4987	-
XAGE2	chrX	52369020	6660	+
XAGE3	chrX	52862527	5556	-
XAGE5	chrX	52811286	7015	+
XBP1	chr22	28794559	6010	-
XCL1	chr1	168576604	5465	+
XCL2	chr1	168540767	3230	-
XCR1	chr3	46017006	10477	-
XDH	chr2	31334320	80422	-
XG	chrX	2752039	64461	+
XIAP	chrX	123860052	53920	+
XIRP1	chr3	39183214	9381	-
XIRP2	chr2	166888479	371274	+
XIST	chrX	73820655	32059	-
XK	chrX	37685790	46340	+
XKR3	chr22	16783479	41932	-
XKR4	chr8	55102027	440027	+
XKR5	chr8	6808516	27008	-
XKR6	chr8	10896044	305789	-
XKR7	chr20	31968150	35237	+
XKR8	chr1	27959972	8121	+
XKR9	chr8	70669338	66604	+
XKRX	chrX	100913444	15473	-
XNDC1N	chr11	71880703	47891	-
XPA	chr9	97674908	22432	-
XPC	chr3	14145146	33455	-
XPNPEP1	chr10	109864765	58746	-
XPNPEP2	chrX	129738978	30558	+
XPNPEP3	chr22	40857147	75668	+
XPO1	chr2	61477848	60508	-
XPO4	chr13	20777328	125418	-
XPO5	chr6	43522333	53705	-
XPO6	chr16	28097975	113990	-
XPO7	chr8	21919661	86924	+
XPOT	chr12	64404391	46734	+
XPR1	chr1	180632021	258258	+
XRCC1	chr19	43543310	32217	-
XRCC2	chr7	152644775	31366	-
XRCC3	chr14	103697616	17835	-
XRCC4	chr5	83077546	276214	+
XRCC5	chr2	216109347	96946	+
XRCC6	chr22	41621294	42747	+
XRN1	chr3	142306609	141428	-
XRN2	chr20	21303330	86495	+
XRRA1	chr11	74840909	108182	-
XXYLT1	chr3	195068283	202876	-
XYLB	chr3	38346784	68201	+
XYLT1	chr16	17101768	369192	-
XYLT2	chr17	50346125	15060	+
YAE1	chr7	39566403	6478	+
YAF2	chr12	42157103	81145	-
YAP1	chr11	102110446	122978	+
YARS1	chr1	32775238	42120	-
YARS2	chr12	32746543	9354	-
YBEY	chr21	46286341	11410	+
YBX1	chr1	42682417	21388	+
YBX2	chr17	7288262	6377	-
YBX3	chr12	10699088	24235	-
YDJC	chr22	21628088	1934	-
YEATS2	chr3	183697796	114828	+
YEATS4	chr12	69359742	31128	+
YES1	chr18	721587	90655	-
YIF1A	chr11	66284579	4564	-
YIF1B	chr19	38303557	12390	-
YIPF1	chr1	53851732	38065	-
YIPF2	chr19	10922192	6447	-
YIPF3	chr6	43511831	5095	-
YIPF4	chr2	32277903	38691	+
YIPF5	chr5	144158161	12498	-
YIPF6	chrX	68499050	38232	+
YIPF7	chr4	44622087	29538	-
YJEFN3	chr19	19528910	8671	+
YJU2	chr19	4247079	22009	+
YJU2B	chr19	13747894	15395	+
YKT6	chr7	44200977	13317	+
YLPM1	chr14	74763315	74003	+
YME1L1	chr10	27110110	44274	-
YOD1	chr1	207043848	7360	-
YPEL1	chr22	21697535	38259	-
YPEL2	chr17	59331654	70075	+
YPEL3	chr16	30092313	3900	-
YPEL4	chr11	57645086	4826	-
YPEL5	chr2	30147006	13527	+
YRDC	chr1	37802944	5264	-
YTHDC1	chr4	68310386	39704	-
YTHDC2	chr5	113513693	81591	+
YTHDF1	chr20	63195428	20703	-
YTHDF2	chr1	28736939	32836	+
YTHDF3	chr8	63168620	44166	+
YWHAB	chr20	44885704	22828	+
YWHAE	chr17	1344274	55948	-
YWHAG	chr7	76326798	32193	-
YWHAH	chr22	31944534	13069	+
YWHAQ	chr2	9583966	47031	-
YWHAZ	chr8	100916522	35498	-
YY1	chr14	100239143	43645	+
YY1AP1	chr1	155659453	29321	-
YY2	chrX	21855986	2754	+
ZACN	chr17	76079181	3625	+
ZAN	chr7	100733594	64203	+
ZAP70	chr2	97713575	26285	+
ZAR1	chr4	48490251	4138	+
ZAR1L	chr13	32303698	11665	-
ZBBX	chr3	167239842	140455	-
ZBED1	chrX	2486434	14542	-
ZBED2	chr3	111592899	2447	-
ZBED3	chr5	77072071	15214	-
ZBED4	chr22	49853843	36237	+
ZBED5	chr11	10852705	5348	-
ZBED6	chr1	203795622	58502	+
ZBP1	chr20	57603851	16575	-
ZBTB1	chr14	64504769	20182	+
ZBTB10	chr8	80486225	40040	+
ZBTB11	chr3	101648888	28244	-
ZBTB12	chr6	31899612	2474	-
ZBTB14	chr18	5289021	6705	-
ZBTB16	chr11	114059710	197055	+
ZBTB17	chr1	15941868	34233	-
ZBTB18	chr1	244051282	6194	+
ZBTB2	chr6	151364114	27445	-
ZBTB20	chr3	114314499	832789	-
ZBTB21	chr21	41986830	23530	-
ZBTB22	chr6	33314417	3327	-
ZBTB24	chr6	109462593	20626	-
ZBTB25	chr14	64478050	25788	-
ZBTB26	chr9	122915565	15947	-
ZBTB3	chr11	62750962	3198	-
ZBTB32	chr19	35704557	12481	+
ZBTB33	chrX	120250811	7587	+
ZBTB34	chr9	126860638	25240	+
ZBTB37	chr1	173868379	35168	+
ZBTB38	chr3	141368503	81289	+
ZBTB39	chr12	56998835	7711	-
ZBTB4	chr17	7459377	20254	-
ZBTB40	chr1	22451850	79304	+
ZBTB41	chr1	197153681	47612	-
ZBTB42	chr14	104801100	3612	+
ZBTB43	chr9	126805039	33171	+
ZBTB44	chr11	130226676	88241	-
ZBTB45	chr19	58513529	6281	-
ZBTB46	chr20	63743669	87595	-
ZBTB47	chr3	42653696	13884	+
ZBTB48	chr1	6579993	9287	+
ZBTB49	chr4	4290250	31533	+
ZBTB5	chr9	37438101	27349	-
ZBTB6	chr9	122908055	5268	-
ZBTB7A	chr19	4043302	23597	-
ZBTB7B	chr1	155002801	15722	+
ZBTB7C	chr18	48026671	382712	-
ZBTB8A	chr1	32539426	66515	+
ZBTB8B	chr1	32465071	31615	+
ZBTB8OS	chr1	32620819	29731	-
ZBTB9	chr6	33454575	2969	+
ZC2HC1A	chr8	78666088	53677	+
ZC2HC1B	chr6	143864473	73870	+
ZC2HC1C	chr14	75069640	10348	+
ZC3H10	chr12	56118265	9249	+
ZC3H11A	chr1	203795622	58502	+
ZC3H11B	chr1	219608011	5094	-
ZC3H11C	chr6	65301475	5099	+
ZC3H12A	chr1	37474579	9798	+
ZC3H12B	chrX	65034825	473062	+
ZC3H12C	chr11	110093391	78450	+
ZC3H12D	chr6	149446794	38220	-
ZC3H13	chr13	45954464	98282	-
ZC3H14	chr14	88563036	64560	+
ZC3H15	chr2	186486259	23102	+
ZC3H18	chr16	88570402	61562	+
ZC3H3	chr8	143437658	103789	-
ZC3H4	chr19	47064186	49590	-
ZC3H6	chr2	112275596	64463	+
ZC3H7A	chr16	11750596	46662	-
ZC3H7B	chr22	41301524	58623	+
ZC3H8	chr2	112211528	43514	-
ZC3HAV1	chr7	139043514	66206	-
ZC3HAV1L	chr7	139025705	10337	-
ZC3HC1	chr7	130018291	33083	-
ZC4H2	chrX	64915806	60644	-
ZCCHC10	chr5	132996984	29565	-
ZCCHC12	chrX	118823823	3145	+
ZCCHC13	chrX	74304179	855	+
ZCCHC14	chr16	87406247	86777	-
ZCCHC17	chr1	31297031	67905	+
ZCCHC18	chrX	104112522	3320	+
ZCCHC2	chr18	62523024	55555	+
ZCCHC24	chr10	79382324	63300	-
ZCCHC3	chr20	297569	2752	+
ZCCHC4	chr4	25312773	57610	+
ZCCHC7	chr9	37120573	237576	+
ZCCHC8	chr12	122471599	29333	-
ZCCHC9	chr5	81301586	11711	+
ZCRB1	chr12	42312085	14009	-
ZCWPW1	chr7	100400871	27832	-
ZCWPW2	chr3	28348720	177638	+
ZDBF2	chr2	206274662	39765	+
ZDHHC1	chr16	67394151	22326	-
ZDHHC11	chr5	795604	55382	-
ZDHHC11B	chr5	710354	74375	-
ZDHHC12	chr9	128720872	3255	-
ZDHHC13	chr11	19117167	59248	+
ZDHHC14	chr6	157381189	296968	+
ZDHHC15	chrX	75368426	154611	-
ZDHHC16	chr10	97446174	11196	+
ZDHHC17	chr12	76764114	89582	+
ZDHHC18	chr1	26826687	30917	+
ZDHHC19	chr3	196197451	13949	-
ZDHHC2	chr8	17156481	68318	+
ZDHHC20	chr13	21372570	86733	-
ZDHHC21	chr9	14611070	82362	-
ZDHHC22	chr14	77131269	10522	-
ZDHHC23	chr3	113948012	15361	+
ZDHHC24	chr11	66535625	10423	-
ZDHHC3	chr3	44915260	60914	-
ZDHHC4	chr7	6577453	11921	+
ZDHHC5	chr11	57668113	33069	+
ZDHHC6	chr10	112430299	16615	-
ZDHHC7	chr16	84974174	37361	-
ZDHHC8	chr22	20131803	16204	+
ZDHHC9	chrX	129803287	40599	-
ZEB1	chr10	31319215	210589	+
ZEB2	chr2	144384080	136039	-
ZER1	chr9	128729785	42142	-
ZFAND1	chr8	81701336	19964	-
ZFAND2A	chr7	1152906	7290	-
ZFAND2B	chr2	219206781	2867	+
ZFAND3	chr6	37819726	334898	+
ZFAND4	chr10	45615499	57273	-
ZFAND5	chr9	72351412	13796	-
ZFAND6	chr15	80059675	78718	+
ZFAT	chr8	134477787	235244	-
ZFC3H1	chr12	71609598	54250	-
ZFHX2	chr14	23520856	30909	-
ZFHX3	chr16	72782884	265244	-
ZFHX4	chr8	76681246	186035	+
ZFP1	chr16	75148523	23711	+
ZFP14	chr19	36334452	44749	-
ZFP2	chr5	178895912	37300	+
ZFP28	chr19	56538947	17861	+
ZFP3	chr17	5078466	17908	+
ZFP30	chr19	37631005	24460	-
ZFP36	chr19	39406846	2561	+
ZFP36L1	chr14	68787661	5406	-
ZFP36L2	chr2	43222401	4205	-
ZFP37	chr9	113038376	18348	-
ZFP41	chr8	143246938	15767	+
ZFP42	chr4	187995770	9276	+
ZFP57	chr6	29672482	8670	-
ZFP62	chr5	180847610	13666	-
ZFP64	chr20	52151277	40502	-
ZFP69	chr1	40477289	19054	+
ZFP69B	chr1	40450475	13240	+
ZFP82	chr19	36388629	30015	-
ZFP90	chr16	68539290	27841	+
ZFP91	chr11	58579062	42488	+
ZFP92	chrX	153411471	15010	+
ZFPL1	chr11	65084221	4177	+
ZFPM1	chr16	88453279	83752	+
ZFPM2	chr8	105318437	486102	+
ZFR	chr5	32354349	90391	-
ZFR2	chr19	3804023	65015	-
ZFTA	chr11	63759891	8884	-
ZFTRAF1	chr8	144449581	13290	-
ZFX	chrX	24149728	66527	+
ZFY	chrY	2935380	47126	+
ZFYVE1	chr14	72969450	57656	-
ZFYVE16	chr5	80408063	75316	+
ZFYVE19	chr15	40807088	7996	+
ZFYVE21	chr14	103715809	17855	+
ZFYVE26	chr14	67746521	70069	-
ZFYVE27	chr10	97737127	23768	+
ZFYVE28	chr4	2269596	149049	-
ZFYVE9	chr1	52142088	204546	+
ZG16	chr16	29778255	4718	+
ZG16B	chr16	2830302	1974	+
ZGLP1	chr19	10304802	5013	-
ZGPAT	chr20	63708038	28104	+
ZGRF1	chr4	112539338	97571	-
ZHX1	chr8	123248455	25831	-
ZHX2	chr8	122781654	192856	+
ZHX3	chr20	41178454	139277	-
ZIC1	chr3	147409364	7355	+
ZIC2	chr13	99981783	4982	+
ZIC3	chrX	137566126	5976	+
ZIC4	chr3	147386045	20498	-
ZIC5	chr13	99962963	8804	-
ZIK1	chr19	57584144	9746	+
ZIM2	chr19	56774546	66180	-
ZIM3	chr19	57134095	11107	-
ZKSCAN1	chr7	100015595	26094	+
ZKSCAN2	chr16	25236000	21845	-
ZKSCAN3	chr6	28349946	19226	+
ZKSCAN4	chr6	28241696	10573	-
ZKSCAN5	chr7	99504661	30039	+
ZKSCAN7	chr3	44555192	16966	+
ZKSCAN8	chr6	28141882	17578	+
ZMAT1	chrX	101882289	49738	-
ZMAT2	chr5	140700446	6240	+
ZMAT3	chr3	179017222	54587	-
ZMAT4	chr8	40530589	367237	-
ZMAT5	chr22	29730955	36052	-
ZMIZ1	chr10	79068965	247554	+
ZMIZ2	chr7	44748846	21035	+
ZMPSTE24	chr1	40258235	35945	+
ZMYM1	chr1	35079384	36475	+
ZMYM2	chr13	19958726	130389	+
ZMYM3	chrX	71239623	14517	-
ZMYM4	chr1	35268708	153350	+
ZMYM5	chr13	19823481	40168	-
ZMYM6	chr1	34986164	45781	-
ZMYND10	chr3	50341111	4621	-
ZMYND11	chr10	135454	119183	+
ZMYND12	chr1	42430328	25694	-
ZMYND15	chr17	4739832	6281	+
ZMYND19	chr9	137582080	8432	-
ZMYND8	chr20	47209213	147486	-
ZNF10	chr12	133130626	28839	+
ZNF100	chr19	21722770	44809	-
ZNF101	chr19	19668838	14668	+
ZNF106	chr15	42412822	78319	-
ZNF107	chr7	64666132	45445	+
ZNF112	chr19	44326554	30126	-
ZNF114	chr19	48270080	17528	+
ZNF117	chr7	64971771	19265	-
ZNF12	chr7	6688432	18515	-
ZNF121	chr19	9560328	24176	-
ZNF124	chr1	247154988	17032	-
ZNF131	chr5	43120913	55409	+
ZNF132	chr19	58432813	7340	-
ZNF133	chr20	18288526	28470	+
ZNF134	chr19	57614241	10483	+
ZNF135	chr19	58059281	10474	+
ZNF136	chr19	12163095	26776	+
ZNF138	chr7	64794427	39253	+
ZNF14	chr19	19710471	22641	-
ZNF140	chr12	133080922	26506	+
ZNF141	chr4	337813	47055	+
ZNF142	chr2	218633328	26295	-
ZNF143	chr11	9461011	67513	+
ZNF146	chr19	36215105	23663	+
ZNF148	chr3	125225668	149657	-
ZNF154	chr19	57696274	12930	-
ZNF155	chr19	43984187	14139	+
ZNF157	chrX	47370577	43921	+
ZNF16	chr8	144930357	20523	-
ZNF160	chr19	53066613	36809	-
ZNF165	chr6	28080567	8996	+
ZNF169	chr9	94259297	42532	+
ZNF17	chr19	57411160	10774	+
ZNF174	chr16	3401214	8150	+
ZNF175	chr19	51571282	21228	+
ZNF177	chr19	9363012	19605	+
ZNF18	chr17	11977438	20037	-
ZNF180	chr19	44474442	26080	-
ZNF181	chr19	34734242	11136	+
ZNF182	chrX	47974850	29139	-
ZNF184	chr6	27450746	22359	-
ZNF185	chrX	152898066	75408	+
ZNF189	chr9	101398850	11804	+
ZNF19	chr16	71473582	15742	-
ZNF195	chr11	3357926	21220	-
ZNF197	chr3	44625035	23436	+
ZNF2	chr2	95165808	18509	+
ZNF20	chr19	12131349	9001	-
ZNF200	chr16	3222324	12834	-
ZNF202	chr11	123723913	17747	-
ZNF205	chr16	3112585	7932	+
ZNF207	chr17	32350156	31729	+
ZNF208	chr19	21966094	44849	-
ZNF211	chr19	57633167	10874	+
ZNF212	chr7	149239650	15956	+
ZNF213	chr16	3135028	7776	+
ZNF214	chr11	6997084	23262	-
ZNF215	chr11	6926425	31622	+
ZNF217	chr20	53567070	26769	-
ZNF219	chr14	21090076	8579	-
ZNF22	chr10	45000922	4404	+
ZNF221	chr19	43951227	16482	+
ZNF222	chr19	44025378	7732	+
ZNF223	chr19	44052035	15964	+
ZNF224	chr19	44094360	15466	+
ZNF225	chr19	44113398	21424	+
ZNF226	chr19	44165099	12586	+
ZNF227	chr19	44212531	24737	+
ZNF229	chr19	44426253	22219	-
ZNF23	chr16	71447596	14651	-
ZNF230	chr19	44002956	10968	+
ZNF232	chr17	5105735	6143	-
ZNF233	chr19	44259885	15432	+
ZNF234	chr19	44141553	18760	+
ZNF235	chr19	44286347	18678	-
ZNF236	chr18	76822556	150345	+
ZNF239	chr10	43556343	18273	-
ZNF24	chr18	35332226	12194	-
ZNF248	chr10	37828762	28848	-
ZNF248-AS1	chr10	37857748	2918	+
ZNF25	chr10	37949572	27075	-
ZNF250	chr8	144876954	24499	-
ZNF251	chr8	144720908	34623	-
ZNF253	chr19	19865881	28793	+
ZNF254	chr19	24087186	42782	+
ZNF256	chr19	57940832	6874	-
ZNF257	chr19	22052483	38997	+
ZNF26	chr12	132986366	40736	+
ZNF260	chr19	36510686	17585	-
ZNF263	chr16	3283490	7970	+
ZNF264	chr19	57191499	31347	+
ZNF266	chr19	9412428	23145	-
ZNF267	chr16	31873806	43551	+
ZNF268	chr12	133181494	33338	+
ZNF273	chr7	64903272	27709	+
ZNF274	chr19	58183060	30502	+
ZNF275	chrX	153334152	18774	+
ZNF276	chr16	89721536	19389	+
ZNF277	chr7	112206694	137240	+
ZNF28	chr19	52797407	24226	-
ZNF280A	chr22	22513735	6535	-
ZNF280B	chr22	22484420	24322	-
ZNF280C	chrX	130202706	66193	-
ZNF280D	chr15	56630175	103334	-
ZNF281	chr1	200404950	5086	-
ZNF282	chr7	149195545	30693	+
ZNF283	chr19	43827320	24697	+
ZNF284	chr19	44072158	17455	+
ZNF285	chr19	44382297	19311	-
ZNF286A	chr17	15699751	21036	+
ZNF287	chr17	16546953	22251	-
ZNF292	chr6	87155564	110379	+
ZNF296	chr19	45071499	4979	-
ZNF3	chr7	100069972	11751	-
ZNF30	chr19	34926902	18266	+
ZNF300	chr5	150894398	10582	-
ZNF302	chr19	34677677	8719	+
ZNF304	chr19	57351270	8628	+
ZNF311	chr6	28994787	10528	-
ZNF316	chr7	6637317	20962	+
ZNF317	chr19	9140396	23017	+
ZNF318	chr6	43336069	33578	-
ZNF319	chr16	57994675	5997	-
ZNF32	chr10	43643861	5020	-
ZNF320	chr19	52876179	21456	-
ZNF322	chr6	26634382	25364	-
ZNF324	chr19	58467079	8357	+
ZNF324B	chr19	58451621	6212	+
ZNF326	chr1	89995109	40424	+
ZNF329	chr19	58126247	24542	-
ZNF330	chr4	141220894	13803	+
ZNF331	chr19	53538144	42125	+
ZNF333	chr19	14690047	31852	+
ZNF334	chr20	46499629	13930	-
ZNF335	chr20	45948659	23544	-
ZNF337	chr20	25673194	23659	-
ZNF33A	chr10	38010674	49413	+
ZNF33B	chr10	42589108	49462	-
ZNF34	chr8	144772223	15094	-
ZNF341	chr20	33731995	60274	+
ZNF343	chr20	2481816	27099	-
ZNF345	chr19	36850875	28700	+
ZNF346	chr5	177022695	45290	+
ZNF347	chr19	53134934	24119	-
ZNF35	chr3	44648731	12060	+
ZNF350	chr19	51964339	22501	-
ZNF354A	chr5	178711511	19148	-
ZNF354B	chr5	178859952	25068	+
ZNF354C	chr5	179060372	23605	+
ZNF358	chr19	7516102	4923	+
ZNF362	chr1	33256491	44228	+
ZNF365	chr10	62374368	28082	+
ZNF366	chr5	72439902	67508	-
ZNF367	chr9	96385940	32430	-
ZNF37A	chr10	38094336	30289	+
ZNF382	chr19	36605312	28802	+
ZNF383	chr19	37218213	30527	+
ZNF384	chr12	6666476	22899	-
ZNF385A	chr12	54369135	15598	-
ZNF385B	chr2	179441981	419631	-
ZNF385C	chr17	42025575	72898	-
ZNF385D	chr3	21412217	338993	-
ZNF391	chr6	27388758	15150	+
ZNF394	chr7	99493239	7042	-
ZNF395	chr8	28345589	40871	-
ZNF396	chr18	35366693	10644	-
ZNF397	chr18	35241033	8775	+
ZNF398	chr7	149147452	35590	+
ZNF404	chr19	43872364	11600	-
ZNF407	chr18	74597869	467802	+
ZNF408	chr11	46701030	4882	+
ZNF41	chrX	47445177	38045	-
ZNF410	chr14	73886858	45663	+
ZNF414	chr19	8509677	4490	-
ZNF415	chr19	53107878	25032	-
ZNF416	chr19	57571565	7346	-
ZNF417	chr19	57905773	10819	-
ZNF418	chr19	57921881	13521	-
ZNF419	chr19	57487749	8349	+
ZNF420	chr19	37078432	51936	+
ZNF423	chr16	49487523	368589	-
ZNF425	chr7	149102783	23541	-
ZNF426	chr19	9523222	15423	-
ZNF428	chr19	43607223	12406	-
ZNF429	chr19	21505601	35067	+
ZNF43	chr19	21804945	31237	-
ZNF430	chr19	21020656	39394	+
ZNF431	chr19	21142039	54014	+
ZNF432	chr19	52031377	17461	-
ZNF433	chr19	12014714	20965	-
ZNF436	chr1	23359447	10389	-
ZNF438	chr10	30844631	187234	-
ZNF439	chr19	11848725	20761	+
ZNF44	chr19	12271807	23076	-
ZNF440	chr19	11814272	20944	+
ZNF441	chr19	11766999	17079	+
ZNF442	chr19	12345943	19740	-
ZNF443	chr19	12429705	11316	-
ZNF444	chr19	56141286	19607	+
ZNF445	chr3	44431704	45966	-
ZNF446	chr19	58476351	4879	+
ZNF449	chrX	135344795	18618	+
ZNF45	chr19	43912623	22659	-
ZNF451	chr6	57090187	80118	+
ZNF454	chr5	178941197	25236	+
ZNF460	chr19	57280484	13585	+
ZNF461	chr19	36636617	30220	-
ZNF462	chr9	106863165	150469	+
ZNF467	chr7	149764181	9407	-
ZNF468	chr19	52838009	19610	-
ZNF469	chr16	88382958	57795	+
ZNF470	chr19	56567467	15427	+
ZNF471	chr19	56507854	22358	+
ZNF473	chr19	50026004	22772	+
ZNF474	chr5	122129545	24024	+
ZNF475	chr5	122160175	22483	+
ZNF479	chr7	57117675	14761	-
ZNF48	chr16	30395419	4689	+
ZNF480	chr19	52297168	28754	+
ZNF483	chr9	111525178	30239	+
ZNF484	chr9	92844181	33857	-
ZNF485	chr10	43606437	11467	+
ZNF486	chr19	20167213	33275	+
ZNF487	chr10	43437110	46071	+
ZNF488	chr10	47365495	18798	-
ZNF490	chr19	12576099	34714	-
ZNF491	chr19	11798522	9981	+
ZNF492	chr19	22634323	33348	+
ZNF493	chr19	21397132	30445	+
ZNF496	chr1	247297414	34453	-
ZNF497	chr19	58354356	8395	-
ZNF500	chr16	4748238	18924	-
ZNF501	chr3	44729634	7449	+
ZNF502	chr3	44712659	11172	+
ZNF503	chr10	75397829	3935	-
ZNF506	chr19	19792710	29040	-
ZNF507	chr19	32345609	42058	+
ZNF510	chr9	96754552	23535	-
ZNF511	chr10	133308913	4248	+
ZNF512	chr2	27583041	40176	+
ZNF512B	chr20	63956703	13227	-
ZNF513	chr2	27377234	3500	-
ZNF514	chr2	95144999	14849	-
ZNF516	chr18	76357681	137561	-
ZNF517	chr8	144798912	11172	+
ZNF518A	chr10	96130296	33463	+
ZNF518B	chr4	10439879	17547	-
ZNF519	chr18	14099937	32498	-
ZNF521	chr18	25061923	290243	-
ZNF524	chr19	55600287	2851	+
ZNF525	chr19	53365704	20886	+
ZNF526	chr19	42220311	7890	+
ZNF527	chr19	37371098	21968	+
ZNF528	chr19	52397848	20553	+
ZNF529	chr19	36543612	29680	-
ZNF530	chr19	57599884	10214	+
ZNF532	chr18	58864876	121604	+
ZNF534	chr19	52429147	13352	+
ZNF536	chr19	30372383	185676	+
ZNF540	chr19	37594875	19304	+
ZNF541	chr19	47520689	52459	-
ZNF543	chr19	57320471	10299	+
ZNF544	chr19	58228913	34731	+
ZNF546	chr19	39997059	23979	+
ZNF547	chr19	57363550	16015	+
ZNF548	chr19	57389853	13139	+
ZNF549	chr19	57527355	13521	+
ZNF550	chr19	57541837	18026	-
ZNF551	chr19	57681976	8672	+
ZNF552	chr19	57807081	7832	-
ZNF554	chr19	2819867	16868	+
ZNF555	chr19	2841474	18997	+
ZNF556	chr19	2867334	16111	+
ZNF557	chr19	7069702	18266	+
ZNF558	chr19	8806169	26135	-
ZNF559	chr19	9324178	21693	+
ZNF560	chr19	9466354	32262	-
ZNF561	chr19	9607328	13904	-
ZNF562	chr19	9641806	33294	-
ZNF563	chr19	12317476	16157	-
ZNF564	chr19	12525372	26110	-
ZNF565	chr19	36182275	32390	-
ZNF566	chr19	36445118	44443	-
ZNF567	chr19	36687611	33725	+
ZNF568	chr19	36916331	36403	+
ZNF569	chr19	37411156	56288	-
ZNF57	chr19	2900927	17546	+
ZNF570	chr19	37469355	19297	+
ZNF571	chr19	37564259	30533	-
ZNF572	chr8	124973294	6095	+
ZNF573	chr19	37738301	41285	-
ZNF574	chr19	42076165	5387	+
ZNF575	chr19	43533187	2900	+
ZNF576	chr19	43596594	4563	+
ZNF577	chr19	51867047	20904	-
ZNF578	chr19	52453552	63330	+
ZNF579	chr19	55576773	4075	-
ZNF580	chr19	55641001	2469	+
ZNF581	chr19	55643648	1975	+
ZNF582	chr19	56382750	10784	-
ZNF583	chr19	56404331	23033	+
ZNF584	chr19	58408648	9679	+
ZNF585A	chr19	37145539	27156	-
ZNF585B	chr19	37181578	28958	-
ZNF586	chr19	57769675	10941	+
ZNF587	chr19	57849858	15259	+
ZNF587B	chr19	57830298	15940	+
ZNF589	chr3	48241103	29887	+
ZNF592	chr15	84748591	57854	+
ZNF593	chr1	26169907	966	+
ZNF593OS	chr1	26169520	2312	-
ZNF594	chr17	5179534	12334	-
ZNF595	chr4	53320	34888	+
ZNF596	chr8	232455	14884	+
ZNF597	chr16	3432413	11091	-
ZNF598	chr16	1997653	12168	-
ZNF599	chr19	34758072	15143	-
ZNF600	chr19	52764183	22608	-
ZNF605	chr12	132918305	38001	-
ZNF606	chr19	57977075	25745	-
ZNF607	chr19	37696370	23391	-
ZNF608	chr5	124636914	109725	-
ZNF609	chr15	64460577	225491	+
ZNF610	chr19	52336242	31536	+
ZNF611	chr19	52702812	32232	-
ZNF613	chr19	51927471	19150	+
ZNF614	chr19	52013323	15056	-
ZNF615	chr19	51991331	16880	-
ZNF616	chr19	52113090	26848	-
ZNF618	chr9	113876308	180285	+
ZNF619	chr3	40477121	13932	+
ZNF620	chr3	40506038	12698	+
ZNF621	chr3	40524959	14823	+
ZNF622	chr5	16451518	14282	-
ZNF623	chr8	143636018	17712	+
ZNF624	chr17	16620733	33117	-
ZNF625	chr19	12144889	11845	-
ZNF626	chr19	20619938	41633	-
ZNF627	chr19	11597482	21679	+
ZNF628	chr19	55476616	7871	+
ZNF629	chr16	30778455	8750	-
ZNF630	chrX	48057515	14125	-
ZNF638	chr2	71331781	103280	+
ZNF639	chr3	179323030	15553	+
ZNF641	chr12	48337179	13740	-
ZNF644	chr1	90915303	106732	-
ZNF646	chr16	31074421	9775	+
ZNF648	chr1	182054569	7143	-
ZNF649	chr19	51889234	15783	-
ZNF652	chr17	49289205	73045	-
ZNF653	chr19	11483428	22411	-
ZNF654	chr3	88059254	85406	+
ZNF655	chr7	99558641	17812	+
ZNF658	chr9	66900724	20702	+
ZNF66	chr19	20776303	33692	+
ZNF660	chr3	44584963	14731	+
ZNF662	chr3	42906141	13193	+
ZNF664	chr12	123973214	42213	+
ZNF665	chr19	53162423	30935	-
ZNF667	chr19	56439328	38017	-
ZNF668	chr16	31060846	13394	-
ZNF669	chr1	247099961	4395	-
ZNF670	chr1	247034636	44175	-
ZNF671	chr19	57719750	7874	-
ZNF672	chr1	248838223	11294	+
ZNF674	chrX	46497724	47697	-
ZNF675	chr19	23652800	34412	-
ZNF676	chr19	22179088	17863	-
ZNF677	chr19	53235380	19493	-
ZNF678	chr1	227563555	98906	+
ZNF679	chr7	64228473	38458	+
ZNF680	chr7	64519877	43194	-
ZNF681	chr19	23739194	19697	-
ZNF682	chr19	20004417	35088	-
ZNF683	chr1	26361633	11117	-
ZNF684	chr1	40531636	16531	+
ZNF687	chr1	151282298	9878	+
ZNF688	chr16	30569725	1989	-
ZNF689	chr16	30602557	7832	-
ZNF69	chr19	11887781	18915	+
ZNF691	chr1	42846612	5865	+
ZNF692	chr1	248850007	9078	-
ZNF695	chr1	246985322	22735	-
ZNF696	chr8	143291416	8536	+
ZNF697	chr1	119619376	28890	-
ZNF699	chr19	9291139	18699	-
ZNF7	chr8	144827559	16213	+
ZNF70	chr22	23738681	12431	-
ZNF700	chr19	11925106	25657	+
ZNF701	chr19	52570286	16888	+
ZNF703	chr8	37695781	4238	+
ZNF704	chr8	80628450	246331	-
ZNF705A	chr12	8157014	23032	+
ZNF705B	chr8	7926336	26077	+
ZNF705D	chr8	12089337	26179	+
ZNF705G	chr8	7355516	30042	-
ZNF706	chr8	101197051	8622	-
ZNF707	chr8	143684478	10907	+
ZNF708	chr19	21291159	38251	-
ZNF709	chr19	12461183	23633	-
ZNF71	chr19	56595301	29185	+
ZNF710	chr15	90001323	80868	+
ZNF711	chrX	85243990	29367	+
ZNF713	chr7	55887455	54770	+
ZNF714	chr19	21082202	42892	+
ZNF716	chr7	57450176	23383	+
ZNF717	chr3	75735867	49682	-
ZNF718	chr4	124500	39662	+
ZNF721	chr4	439987	59169	-
ZNF722	chr7	63998848	19233	+
ZNF723	chr19	22832290	26377	+
ZNF724	chr19	23221598	28796	-
ZNF726	chr19	23914885	19599	+
ZNF727	chr7	64045433	39906	+
ZNF728	chr19	22974882	28294	-
ZNF729	chr19	22286440	30736	+
ZNF730	chr19	23117024	30197	+
ZNF732	chr4	270674	34800	-
ZNF735	chr7	64207202	13088	+
ZNF736	chr7	64313960	42674	+
ZNF737	chr19	20537991	27790	-
ZNF738	chr19	21358999	29583	+
ZNF74	chr22	20394150	14305	+
ZNF740	chr12	53180721	14421	+
ZNF746	chr7	149472793	25016	-
ZNF747	chr16	30530366	4492	-
ZNF749	chr19	57435324	11777	+
ZNF750	chr17	82829433	10589	-
ZNF75A	chr16	3305496	13355	+
ZNF75D	chrX	135285790	58319	-
ZNF76	chr6	35259734	36251	+
ZNF761	chr19	53431983	26278	+
ZNF763	chr19	11965039	15578	+
ZNF764	chr16	30553763	4611	-
ZNF765	chr19	53395148	16861	+
ZNF766	chr19	52269586	26460	+
ZNF768	chr16	30524003	2563	-
ZNF77	chr19	2933217	11754	-
ZNF770	chr15	34978340	9947	-
ZNF771	chr16	30407605	11809	+
ZNF772	chr19	57469585	7981	-
ZNF773	chr19	57499937	8292	+
ZNF774	chr15	90352283	10564	+
ZNF775	chr7	150379329	19301	+
ZNF776	chr19	57746814	11334	+
ZNF777	chr7	149431362	29700	-
ZNF778	chr16	89217702	19439	+
ZNF780A	chr19	40073044	17899	-
ZNF780B	chr19	40028259	27972	-
ZNF782	chr9	96816268	38246	-
ZNF783	chr7	149262195	22793	+
ZNF784	chr19	55620740	3826	-
ZNF785	chr16	30580655	5042	-
ZNF786	chr7	149069640	21078	-
ZNF787	chr19	56087365	33930	-
ZNF789	chr7	99472889	14716	+
ZNF79	chr9	127424381	20991	+
ZNF790	chr19	36817427	20960	-
ZNF791	chr19	12610919	22915	+
ZNF792	chr19	34956353	7876	-
ZNF793	chr19	37506938	36395	+
ZNF799	chr19	12390015	11256	-
ZNF8	chr19	58278954	23837	+
ZNF80	chr3	114234630	2948	-
ZNF800	chr7	127370042	22666	-
ZNF804A	chr2	184598528	340964	+
ZNF804B	chr7	88759699	578829	+
ZNF805	chr19	57240631	22097	+
ZNF808	chr19	52527667	28669	+
ZNF81	chrX	47836901	88726	+
ZNF813	chr19	53467732	28523	+
ZNF814	chr19	57869380	19657	-
ZNF816	chr19	52949384	13497	-
ZNF821	chr16	71859684	24498	-
ZNF823	chr19	11721264	17682	-
ZNF827	chr4	145757626	181197	-
ZNF829	chr19	36888123	28168	-
ZNF83	chr19	52612376	25979	-
ZNF830	chr17	34961539	2238	+
ZNF831	chr20	59163820	95293	+
ZNF835	chr19	56661979	9778	-
ZNF836	chr19	52154106	17515	-
ZNF837	chr19	58367622	13408	-
ZNF839	chr14	102319745	22622	+
ZNF84	chr12	133037508	25791	+
ZNF841	chr19	52064464	31301	-
ZNF843	chr16	31435433	7356	-
ZNF844	chr19	12064730	16835	+
ZNF845	chr19	53333748	23158	+
ZNF846	chr19	9755356	13382	-
ZNF85	chr19	20923250	27447	+
ZNF850	chr19	36743479	29328	-
ZNF852	chr3	44491765	18852	-
ZNF853	chr7	6615609	8681	+
ZNF860	chr3	31981749	9974	+
ZNF862	chr7	149838374	29105	+
ZNF865	chr19	55605646	11623	+
ZNF875	chr19	37334648	29799	+
ZNF878	chr19	12043804	9157	-
ZNF879	chr5	179023803	11261	+
ZNF880	chr19	52369922	15873	+
ZNF883	chr9	112988128	24064	-
ZNF888	chr19	52904414	19014	-
ZNF891	chr12	133104778	25496	-
ZNF892	chr2	95207520	16319	+
ZNF90	chr19	20077999	43166	+
ZNF91	chr19	23357695	37776	-
ZNF92	chr7	65373854	27282	+
ZNF93	chr19	19900945	34630	+
ZNF98	chr19	22391018	31328	-
ZNF99	chr19	22752182	31969	-
ZNFX1	chr20	49245899	32158	-
ZNG1A	chr9	120836	58220	-
ZNG1B	chr2	113437690	58514	+
ZNG1C	chr9	68241982	58053	+
ZNG1E	chr9	65675927	58114	+
ZNG1F	chr9	41131308	58009	-
ZNHIT1	chr7	101218164	6026	+
ZNHIT2	chr11	65116402	1299	-
ZNHIT3	chr17	36486680	9142	+
ZNHIT6	chr1	85649416	59017	-
ZNRD2	chr11	65570476	1412	+
ZNRF1	chr16	74999023	111971	+
ZNRF2	chr7	30284596	83093	+
ZNRF3	chr22	28883571	173917	+
ZNRF4	chr19	5455416	1440	+
ZP1	chr11	60867541	8146	+
ZP2	chr16	21197449	14125	-
ZP3	chr7	76424949	17120	+
ZP4	chr1	237882403	8519	-
ZPBP	chr7	49937440	155806	-
ZPBP2	chr17	39868201	9695	+
ZPLD1	chr3	102435014	44827	+
ZPR1	chr11	116773798	14225	-
ZRANB1	chr10	124942122	46067	+
ZRANB2	chr1	71063290	17745	-
ZRANB3	chr2	135196968	334250	-
ZRSR2	chrX	15790483	32777	+
ZSCAN1	chr19	58034024	20607	+
ZSCAN10	chr16	3088889	10405	-
ZSCAN12	chr6	28384737	15010	-
ZSCAN16	chr6	28124608	5474	+
ZSCAN18	chr19	58083855	14376	-
ZSCAN2	chr15	84601008	22708	+
ZSCAN20	chr1	33472644	28999	+
ZSCAN21	chr7	100049773	15267	+
ZSCAN22	chr19	58326993	15339	+
ZSCAN23	chr6	28432654	10837	-
ZSCAN25	chr7	99616945	15463	+
ZSCAN26	chr6	28267142	11062	+
ZSCAN29	chr15	43358174	12869	-
ZSCAN30	chr18	35251061	39168	-
ZSCAN31	chr6	28324736	11412	-
ZSCAN32	chr16	3382084	18920	-
ZSCAN4	chr19	57668934	10218	+
ZSCAN5A	chr19	56221302	93537	-
ZSCAN5B	chr19	56189685	8098	-
ZSCAN5C	chr19	56202272	7189	+
ZSCAN9	chr6	28225274	8213	+
ZSWIM1	chr20	45881226	4040	+
ZSWIM2	chr2	186827474	21696	-
ZSWIM3	chr20	45857613	21509	+
ZSWIM4	chr19	13795442	36812	+
ZSWIM5	chr1	45016398	190207	-
ZSWIM6	chr5	61332257	213915	+
ZSWIM7	chr17	15976559	23145	-
ZSWIM8	chr10	73785605	16188	+
ZSWIM9	chr19	48170679	26941	+
ZUP1	chr6	116635617	33149	-
ZW10	chr11	113733186	40506	-
ZWILCH	chr15	66505325	44805	+
ZWINT	chr10	56357226	4033	-
ZXDA	chrX	57905429	5029	-
ZXDB	chrX	57592010	5467	+
ZXDC	chr3	126437600	38291	-
ZYG11A	chr1	52842759	52239	+
ZYG11B	chr1	52726452	100884	+
ZYX	chr7	143381344	9767	+
ZZEF1	chr17	4004444	138586	-
ZZZ3	chr1	77562415	120243	-
